Cycle,A01,A02,A03,A04,A05,A06,A07,A08,B01,B02,B03,B04,B05,B06,B07,B08,C01,C02,C03,C04,C05,C06,C07,C08,D01,D02,D03,D04,D05,D06,D07,D08,E01,E02,E03,E04,E05,E06,E07,E08,F01,F02,F03,F04,F05,F06,F07,F08,G01,G02,G03,G04,G05,G06,G07,G08,H01,H02,H03,H04,H05,H06,H07,H08,I01,I02,I03,I04,I05,I06,I07,I08,J01,J02,J03,J04,J05,J06,J07,J08,K01,K02,K03,K04,K05,K06,K07,K08,L01,L02,L03,L04,L05,L06,L07,L08,M01,M02,M03,M04,M05,M06,M07,M08,N01,N02,N03,N04,N05,N06,N07,N08,O01,O02,O03,O04,O05,O06,O07,O08,P01,P02,P03,P04,P05,P06,P07,P08
1,-29.2630149929537,32.1013393571538,32.7932388987324,35.0091443249789,-73.0914247778146,4.3218328184671,6.4893398141362,0.355744983633031,9.39632261476572,46.0231739895021,38.4395713187168,46.5158165449238,46.6270207234152,3.23316200632416,3.30307986372691,5.61368233288749,42.3704600583656,34.3970208611431,54.877570259835,42.7766640475088,45.2065441089399,0.131017962225087,-2.69447800294711,-0.444254149112567,39.2393875007797,57.2879074687935,67.3707838136311,44.9850019715177,55.4399099703928,-2.21531874962284,0.276625613326814,-2.48532462026924,-10.1395772455662,52.9159208790979,51.7899259636933,54.198142023326,43.7641244713163,35.9029679799337,2.71880987601526,-0.839852969118056,37.9533078900731,53.6617813459957,51.2999462506973,54.9540655162041,67.983975847987,33.7862407248713,-0.348755901043205,-4.68949480810807,44.7326639262856,63.3576777535727,54.2720649172898,50.553122845633,1.10045175397045,2.81285583118051,-3.19829471049388,48.8410738143061,43.6599101619022,53.1759768283459,-105.378322665899,39.5300080643738,-3.28505239276546,4.36879141219242,2.63979076615669,41.5716548850437,53.4945807956838,63.0786686673787,48.9990946146863,22.9643474774489,-0.134959698314105,0.992662303756333,-1.53584984177769,45.2315708864858,47.0757796547819,58.8162567927352,57.7253371300726,49.6974494855676,-1.2585772058801,-0.321151994466163,-2.31802253342175,43.1394888680402,50.5655738038217,56.7820287874906,-45.2831712805764,66.1527623322854,-2.1240928777911,0.578780177084809,-1.16242010036467,50.6247757467254,53.0549468637269,-64.7921359265356,51.2891718581755,69.1641289733902,1.84356657429043,-0.97119423067943,-1.56773420234867,71.9258919035897,52.1428957853327,59.7527670357658,60.0445083909644,69.6608753560872,-1.97856541957026,-1.59359847421092,2.34384532561035,70.7033568183192,29.4566529069934,57.8891338620206,77.0268118894905,68.7289870887089,2.64636490983321,-0.880345101785679,0.7153692168813,64.4817151563952,18.0822839341708,39.6402830336083,26.2149590478671,-71.7853272047555,-2.21461321678999,-0.131862335515052,-3.33234652503279,49.6313783252162,-12.7452296938645,12.6948973449107,17.351032885053,15.4494345733287,6.38193572275668,-2.70003056374571,3.29077407185196,46.1289179707169
2,-2.45523403376774,33.1457065557784,34.0463605102509,31.5500729642154,-61.9072086073352,2.91148300621489,0.274693438880604,-4.44884603040646,11.5463066238221,27.7041953961625,16.9959013743123,26.8370648062537,31.7726418890757,0.501551134603233,-2.74058444463662,-4.81369994394481,25.5693782048502,30.4055974706007,34.4942261474439,26.7989133685041,23.146629313645,1.52390675525112,0.375671873809097,2.747381550912,17.3543116143651,37.9390493726341,46.7513339971711,22.7005201042789,32.3842437698936,-0.906027490078941,3.22699805709726,2.27151872770673,-12.2647061175794,32.4107032027346,32.1521394205579,31.3739443137392,12.7863884644139,19.8775292850596,-3.77001131069346,-1.60139894307622,28.0273578151537,35.6957085353361,30.7957217266935,32.0374288376674,32.9180811623155,13.8179808939476,-0.319817671567307,0.438233539873181,29.6421845714913,34.9240801561423,30.3919844625593,31.4696815312832,0.377491285284577,0.940966444543392,-4.55650941041267,32.5011659318084,32.5058869629743,30.3525004322696,-116.892463497209,27.2752843771705,1.88556495930652,-1.71964265478937,0.945290287904754,29.8615713532286,28.8684562811623,38.0787837579428,32.6450566807816,15.0867561102577,-5.96785417787351,2.45212822548865,-6.37023201661441,23.4867164600832,31.2789874336686,28.4550954458537,37.3583821429156,23.3324786135463,-1.69209130480112,-0.919458650923389,-2.38047134550152,22.5571423941815,35.2442927634656,35.9599579684445,-69.3049175843576,36.2661587621592,-1.23644701067315,3.21095642147156,1.81698942932326,20.9748391376693,31.7285204743052,-81.0439606072737,24.6511016089712,41.5595706464701,-0.890412847263178,-0.498232048497357,-3.90054141704059,36.5773001378293,36.0404650566161,37.601656263821,25.6861532677781,47.1726309535443,-3.73810151641328,4.12418986056719,0.544111564075138,35.0851719357424,22.4550003676695,40.6083909781541,42.6859080051813,42.2361202005081,0.878172338041622,-0.0407205637534389,3.03778372379111,36.9309428736565,21.8074379636009,14.8051365927631,2.95211983996614,38.7479663309059,-4.31083926706106,1.78550158823282,-0.499696321420288,26.1934758518423,7.60984176891043,12.8592449580792,11.4875059304554,11.5468804689031,3.40674150885206,-0.400993431861934,-3.0775246169851,20.6447534019248
3,6.29434482342231,36.3115197640745,29.5733204541048,23.4610646725719,23.0922514409613,-0.673307528391888,0.290993262716711,-2.17721531735333,9.91288356932137,20.7607279454296,14.0825152806801,23.8527987625216,32.0906993797535,-2.50937049844651,-3.54800012669648,-0.554609284982689,19.4255372214166,25.7612922508538,36.319840395136,19.2736247519033,30.9303680784096,1.04917214147417,-4.01851740229176,-1.8583270393051,15.9465888635464,27.4395169714267,36.8164798837643,24.1155496102065,24.2320749187838,-0.197135251358304,0.560512548682254,-0.209647464659156,-4.9714237186613,25.3322794839478,22.6086654981777,26.1645828810233,23.7024860530378,11.7055243106229,-2.09745121338256,-3.36047758262521,21.0841881859405,22.2032669053219,26.9161750324051,28.8219714102102,28.8844902492015,14.292894005469,-1.74736147153226,-0.873536721659093,25.451369711242,25.455489011767,31.2697659758369,29.0491417906751,1.23996751561981,0.891006576523523,-3.33916833176136,32.3092839007468,20.6597994369959,30.8156668021306,25.6299633856502,25.1443614427067,3.99619155500477,-0.873531760543301,2.81998512544533,26.9923865684182,18.313615943232,30.0275856856333,31.4919484597149,10.4775846273574,-1.15811388240854,-2.99611094257671,-0.113860510603899,18.7344354159259,23.4337275349012,25.1822232278055,27.2660679419432,20.3159543591669,-0.542849778596519,-1.62788491717902,3.29306925972787,15.5742765576524,26.2989015434432,31.1546613229671,-69.1186924911203,28.4636420199263,-0.885564532654826,2.80612408419711,-2.11985757364528,15.4912154938124,24.4153791692083,-79.1093453345666,22.6668809559897,33.5513191070163,0.77621523830976,-2.129403672021,-1.67838946497295,26.4096970479768,23.1886059109092,29.0659514943354,34.0222985410046,33.7410146649222,0.968444425761845,-0.814877484368935,0.497218207859987,23.0047129823074,20.2833451801866,32.4595557721627,33.9474302629787,32.3130325830562,0.882718858239059,1.87701667422334,3.60908944990115,24.439764872986,21.428076391679,17.6152893894173,-0.897708942371992,22.225378710355,-1.09393301577575,3.79465805683594,2.45986194168472,22.2381940735777,15.3525649792323,8.24662274656703,6.98634888297966,8.18697779444756,-0.345843717164371,2.07716740780643,0.87659390697263,15.0291538491069
4,6.65068381422361,32.8780636806332,28.7985875810969,17.0572352221029,21.33099008408,-2.02794851635554,-1.45256731253266,-2.76016875669347,17.7257040131672,19.9942009619622,15.3871366938397,20.6443651908539,26.1066169056689,-0.504726048107841,1.05805473377814,-0.400835561367785,17.2056059768843,24.0094680525099,22.6444080678575,27.817155028054,20.7519703415005,-0.531296464551815,4.35642404838291,-3.43708991992617,12.4931604850822,28.3095444720152,27.9465580291285,24.3264595659525,19.2853487875464,0.678445743466455,-3.00724362452775,-0.134475841864969,-7.67505997029821,19.0188718341246,18.5443564708439,24.5965952664892,18.1528984222318,8.90443717430526,-0.731619395159669,-0.405999064100342,19.817795624142,22.4083717249468,19.3007811287548,24.3602629516708,27.0382218434602,13.1126363347462,0.0331632418706249,-0.430330278011752,19.4204445799469,26.7964336096757,21.7757565282718,25.7045993519782,-1.57505047136783,-0.605767138549709,0.652665747383253,27.1021965919467,17.3573758276293,20.9825438024286,21.5431011162182,16.8136569166613,-1.18393857740193,-3.57332593869023,-0.134317592617663,27.039770977045,19.9629287888265,28.7073203919163,34.3898810777528,9.04646091548875,-0.876271829828511,-2.32270557723905,-1.47589142319794,14.3690156748735,19.4585318837881,22.6126275520314,23.9791217167258,16.9901033896908,-0.781208453493036,-5.17606564829703,-0.684129268036941,14.0124598621755,12.6933473580079,26.2733005473524,-69.3455151079556,25.5389611668252,-2.09748474700518,-0.247078173634236,4.72749540569521,10.1486656136781,23.2668860025578,-75.9970022834609,20.699262324566,27.0300885136098,1.92811286726646,-2.14760472542412,0.452097572042476,19.1939511923547,14.2160173544567,28.8968747061858,25.8268107717818,28.4803820761008,1.81640828173613,-0.676178695510771,-3.6580178975837,14.7705047660261,20.1198846300044,26.4456015068381,25.1377471704313,29.3915816720773,0.701421240005857,3.36520094300522,-2.49979842332641,16.4318651339645,19.2490053607321,11.6177504704124,-3.24205817657958,20.9517997892222,0.797330675734429,-2.02532082451535,2.65314566594088,7.90348771843492,17.0195523651514,11.1246827914738,9.09670239426077,8.64264368700151,-0.583026580906335,0.4939080275999,1.62655214402957,6.39845188105028
5,13.3410629112841,19.6256618771286,25.0600588509305,16.2325559948281,16.3200469549943,1.62277958362074,0.933639024292461,0.559402614477676,12.0508890818041,15.283595817662,7.20088465957133,17.1950876769047,17.5478800813562,2.12943255794517,-0.382504737003273,-0.352193701199667,9.30524539078351,20.6836344583617,20.5331339558943,19.0786160615276,20.1248242179331,0.495425960132252,0.553884790201209,0.27192818745516,13.3187434033507,22.2946651357488,22.4763752012295,20.3638470001424,22.3541221244363,2.13598425924238,-0.473901843588465,-0.344310872778351,-3.65393905288784,25.638657252448,17.2496270973406,21.7615972654103,24.9261961566158,11.8256067860893,-2.55369427641472,1.15059077227306,20.6382061428503,18.1999215981255,18.2728874694772,16.9054940134965,23.0078423992327,9.36803710155345,-0.037863572229071,1.7598600249471,15.7285856919143,20.8384361698331,16.3180904645492,22.9149383179815,-2.55299699699663,-3.42322109976612,-3.94028514763158,29.789170520567,7.63648305757124,17.5076416277443,21.5387860487763,17.8585428410406,2.86699730944383,-1.48713132914509,-1.46352838007579,19.580034074947,18.8958456949713,23.5450100317789,27.0505327348383,0.927966606125665,0.541370639150955,-1.99708555396091,-0.2390463409115,19.5574687008802,15.4319592572765,25.5718380546937,21.9607435925341,13.5679007240592,3.53675891251214,0.609197257111646,-0.0108041613316345,8.29882081088499,14.4523747557728,25.4180449852274,-59.9429163668015,20.2293483835988,0.586802579242431,-3.20530503117288,-1.59399774456733,4.34812480341952,10.4189958047091,47.461914487521,20.4871375306784,20.9202307614,0.797878193287033,-1.40705295430735,0.220531892687177,14.3151242275876,12.1051632231547,20.7289174385028,20.2234046781628,22.9544576020157,1.01815064929451,-0.0360631174839909,-0.698466166260005,5.54249173865901,12.5669599195808,19.1087103054301,20.3542988335835,23.6687337648768,1.4815199355744,-0.124002039743118,-2.29306676639499,9.49653378816174,12.2062095797737,8.74866783961079,0.682346938696355,19.5236646577673,3.65593582529982,-0.713767255565017,0.467588941278791,9.70631517753827,14.322908683876,9.06315177411898,9.22788275882658,9.46700602037026,5.25033280236676,-2.41321529053812,-0.924528096737504,5.84557117865506
6,11.340352321004,13.6404380705903,16.5336222444912,13.731977932212,16.6992047156955,1.66590574821748,1.91840296329701,3.08780188634137,12.0911568511106,7.79043935486652,7.39951578514319,13.9362963288204,12.5633905921286,-3.99839052600782,3.9546788604257,3.61634799023477,0.990077351169475,18.8863933686935,16.4473356101739,13.7949486334464,19.6020285891764,2.46765098763126,0.287655801871551,3.5926076957885,4.05003842560245,15.3218798453768,21.0596026575145,16.8933482240809,18.413570831322,-1.71473210522163,2.22107204309532,0.366062578694709,-3.7267485156367,15.5965028510864,21.9264761274112,16.2272667791481,17.1622141443208,6.08237085314067,3.5769290271046,0.155142713829719,8.97658707211485,18.8959205514998,13.4489348473157,19.3661471056566,19.7990901403418,3.84395870708158,-2.61585855608882,-0.269213014328216,8.98650702960413,21.0931133745726,10.7512271943438,17.9460251584278,-1.10109446742217,-0.14660770659566,3.49618944937811,34.4304331577255,6.06188029898294,17.6916932737281,15.3110459082909,10.9366728474038,-0.720352835734047,2.86778025880858,0.53736074275821,18.3322893800914,15.0517702478433,15.9386433309678,14.682999797637,0.999315521763492,-1.91980613021633,-0.206517486279154,0.708954246792928,4.53237496835254,11.4382942530551,11.3454221692873,14.4736371670742,8.39104601136432,-0.869605118312847,-2.06299928673707,1.72766397138821,2.25410904233331,4.75323870961893,18.4521050999697,59.1309805447777,11.9646661677052,-0.245954618422729,-2.76843135720856,4.25244050313495,4.27712729971427,11.5120300045492,44.1078439816865,14.3734928072677,18.1921921744356,2.83410436843633,4.54409417916168,0.807460169683509,3.13558427384805,11.0407963132698,18.717123022142,13.6940950788603,17.8246189047227,1.33603618016423,2.12864859587989,-1.82146404348896,-2.67800452992697,10.004364679929,16.3223711654568,19.7077829055756,17.5940381742103,-1.32508252016987,-3.15948524123496,1.22868386705704,-3.08870938712016,4.82091635909228,5.23420437812047,3.80876970464078,17.2995276347956,-3.05753865437191,-1.45177742033093,-4.56116014604095,-0.361370293917844,12.0163635437343,6.48491105269659,10.2827861867604,1.85574508839773,2.43979723396433,2.08699555309067,-0.786986977954712,1.81400223697074
7,4.5812387708329,8.3016990056949,9.35674042108167,14.2446186984416,13.5483889727507,0.0132582975575133,-3.0897118041421,3.20566613460915,9.30823045379384,4.80061587294813,3.56970005641688,10.5568542060582,7.27868519580716,3.86733937756981,0.924600326713062,-3.40200454857222,-3.92935843227406,9.99004470900854,5.46725985489502,2.29226771877893,16.281547046457,1.35227491583828,2.00536594949426,-5.29179845879298,0.86129656353387,6.1647689422216,9.05646149059749,8.0015854215535,9.37530446043593,1.91785419994994,1.87913905067126,2.89300030315189,-2.15592683740215,9.02007470391936,7.24318808483167,4.34002548186299,12.1004606978677,0.748535629287289,3.22984147936313,3.46659793159779,4.81064089631991,9.99321390740261,4.70563380705789,5.74002019158161,17.2135463572035,4.02462024011083,3.56348427596504,1.56834485811987,4.93633522931123,7.85189664042809,10.6976634778034,7.20996313751766,-1.27130726207906,0.213930281673129,-0.97199358028638,21.7992377175055,1.00877513666455,6.84185218458379,12.1756155734233,7.67658777343513,-0.371294522063636,-1.03476824909376,-1.61747157482523,22.3982349794169,8.10303898303164,8.44133234292894,9.98487022804466,-3.30180194146897,2.37851239728479,0.763096517667236,-0.641972733544208,0.0658402959206796,7.42170561231251,6.5635029487803,11.9420937458099,4.71066679684691,-4.6566575177867,-0.682450191920907,-1.64037690457553,6.77836720257392,5.75222871421875,9.61254569099992,49.0107984881361,5.6587351353196,0.540016926804583,2.3653583885025,0.922865432568415,-4.31238292099988,7.5838767125756,36.1984471438877,12.8518816864025,7.8026761088654,1.76700984398576,1.72459165527516,-0.940983597954528,2.71553233711757,3.53344368238641,9.28331443075922,8.31391024905361,6.07123725090423,-3.76202835430422,1.18054671822074,1.27595155149675,2.23782816637095,6.78284101895861,4.039966804914,9.7221733095198,8.83943802434624,1.2735778650358,1.26624741512478,2.87650737400054,-2.62563820072228,2.38828864589777,0.34610309423806,5.43826366626672,11.6957191845995,1.47760441012315,0.201747101991714,-0.758969955438715,2.69874284291245,10.9863820701908,-2.09062220578653,10.6755018866893,4.45345334767808,1.16106065158738,-2.73060600171266,-0.0560307254627332,-7.75079771987885
8,6.86319081247757,0.448364775086247,1.70835942584381,6.38793599383962,12.427957588211,0.516176999169602,0.703948210610633,0.213456613484141,5.83870461429206,-3.44907731831518,-3.09628725244283,3.91055951302042,-2.38558799727753,3.46933189961646,-0.194386619501074,0.274918559869093,-6.65088572405648,7.69506084538943,4.31745348237473,4.4056253668914,9.2806052366991,2.1080364875238,-3.83321861326567,-0.144405633629958,-1.80604803197866,2.57384353376619,-3.62852307710909,6.43932686713151,8.12048364117436,0.916961987460581,0.0779046900011053,-0.940023407886201,-3.50201332405459,3.44978666466204,6.2942241474052,0.041336863448123,-1.13672517513487,-2.21501103523633,0.942531235880779,-2.07769464094963,3.24333450121503,-3.94569066389522,4.3157389803996,-2.57485316916564,9.48775846986928,-3.11305972947912,-1.89101062570035,-0.882957592646562,3.90354445224966,3.23599909266113,-3.529093535627,-2.49945204546248,-0.0708239975733704,-5.04640942925744,2.25586828656378,16.8342180592877,-0.741435936888138,-6.27390346269613,6.87162560823845,0.381374470301125,-2.02798164536398,-0.0265488183981688,1.49089331167306,13.0652737618202,0.668952862871265,-2.67268061686218,-1.59960805728861,-10.7788026779613,1.58323990765803,0.0166638397799943,2.31827314427028,-1.36006654557013,5.26324025011354,-0.651927242997317,4.40804891713788,2.87975279992042,-1.92709661927847,2.34803709494599,-3.51652120957215,-2.51752972775103,0.926786694239127,3.34572481078703,40.7111656742013,-1.22562546574909,3.09866420930439,1.00487369250595,-2.62063790081857,-3.98893940878133,-2.31591662525852,27.8628842143762,7.95725250517035,0.720823019520594,1.50750271515199,-0.498203141944487,-0.601709414740071,-8.80923798356025,-2.41148758783629,3.85380796522895,7.35135323649774,-1.71995517820051,2.85392426932094,1.22260851957753,0.499109093469997,-3.12193014443437,2.248360650839,4.09261151889632,7.50707835317144,1.69434505884192,-2.75458370511387,-1.54795153661507,0.543870315453205,-4.74316314943098,-1.93608273384962,-6.78992516818562,2.10336479765783,8.31018581769149,-0.829880758841227,-0.0687014074901526,2.30819962135774,0.477532545226495,9.54228620817958,3.37613571738029,12.3850205561162,2.66950837515606,1.58998431680948,0.361297958424984,-1.40453055352646,-7.00429776448027
9,-0.0877927986443865,-9.05004872133622,-5.22223098413724,4.76033082963431,8.85700222321429,-1.33042360894069,1.73723054286575,1.25240323712933,1.9546287153421,-3.73016472452582,0.0413559013591112,-0.66999643819463,-6.80566557253087,-0.0682389372718717,-1.50879117394425,-2.56508863841646,-1.87738341148815,-5.07166196707976,-5.07524220821915,-1.86329893712855,1.1294277443526,-0.0388295729535457,3.01846800803469,2.7855299028156,-4.44233995776403,-1.10413869463582,-6.76492123761045,2.51995025888573,-3.60869419047003,0.650777930974073,3.12002968183242,-2.51632030769588,3.15969977033546,-3.38135684691497,-1.69804010537109,-1.34277335600291,2.00172536371883,-3.80208643395281,2.66161614414659,1.82405545632082,-4.21090638378109,-5.74812613297672,-5.37362306603609,-2.89518061037688,-2.09189083244564,-3.77796143345449,-0.713430546017662,-1.00701571513719,-4.14858693362839,-5.06930815515943,-4.57174180054744,-8.94188683693119,3.09997557623547,-1.08490480454384,-1.52655585221373,18.1414179723038,-0.00690786926088549,-1.64808627963748,-1.7980379397618,-8.26629535909979,-1.81039401184989,-1.99995568057602,-1.21514983370662,6.14278019803533,3.35815420865083,-3.54976415181,-4.9734467601379,-12.0268008907938,2.75619621414035,-1.70366129722288,-3.69267416565663,-1.96997296918153,-1.30589986134783,-9.80975493277492,-4.13103622770723,-1.34464736987184,1.27126369807957,0.964126259831119,-0.0638326234443412,-4.00533842605864,-2.54626838483455,3.6601319090073,38.9746808770647,-9.54836269209864,-2.38889275424117,-2.41414102036015,-4.20221371832713,-1.23249770747179,1.70696570453538,23.7040199976509,7.47366460488001,-5.64615410334,-3.72899620830367,1.91323337102585,-0.207764657582629,-13.0050560783652,-2.50233409236989,-2.46421218473324,1.42263987216074,-7.44355420887132,2.0936419216514,-0.925527700504972,-0.538102168223304,-5.76922133221797,-8.10517697243176,-0.563780629107441,0.284187527996892,-5.38897262217461,-2.82176095138902,2.68859191258343,-2.8459353789749,-8.54716701354391,-6.15944747234789,-7.30770226720597,3.87321462622549,8.3981070981572,4.54852047011036,-0.763605794044452,-0.42116917362091,-12.1822990173091,-2.37659248668297,3.55538713863098,11.779882587633,-2.77937502374834,1.14373419419508,0.623956390288186,-1.92152483099744,-1.43879868500471
10,-2.67422879831929,-11.4215841586024,-8.85061451552929,4.52056936329973,-4.77837854528889,3.87530257135859,-1.49012632011181,1.44288350506122,0.662841076251425,-5.8398335188358,-7.34176214437502,-2.86902002781289,-12.0922839028117,-0.164510409123523,4.44604054686261,0.108923318955476,-3.75141688998701,-8.69569513506576,-9.95078405471349,-11.148885790552,-6.85289687064096,-7.81749246756544,3.92722737829172,0.550684353318502,-10.8426912579444,-12.0598992053856,-8.48564684042503,-3.56738167204412,-4.77815134398361,-1.27963673332624,-0.0629661756015594,1.79525853141422,-3.8703214386519,-7.43345950769572,-6.6358688594014,-8.31815955011143,-3.51697678243727,-6.38760941205646,2.10510607903234,-1.3090198452187,-3.97962837688647,-5.11228822547037,-7.37088284953643,-9.9303641854367,-7.28527713902258,-9.47635440443901,-0.975467020053657,1.16285117183907,-5.25449011978844,-9.06327636344486,-12.0610245316147,-7.39806732787019,1.61443763718398,-1.49517871050921,1.14452926910008,-0.293596949577477,-3.26918564979587,-6.2652614863996,-1.83368350800674,-7.07105197633564,-0.445902349774769,-0.223924904850264,-2.36511698027016,2.05131584331411,-7.85132472235728,-11.7592358495699,-2.4124420509861,-13.5555372550766,-1.3582650342687,-0.183766140963598,0.16734924074035,-8.34661519504971,-2.57544434392685,-9.0376693847652,-6.38022744855425,-5.67086581838976,0.605665396913082,-1.59315356934394,1.26065050699344,-6.75110110167452,-9.46514180680697,-5.95826749928437,26.8095581063999,-10.0152203400289,-2.8534921575183,-0.797495873459411,-3.89954823254038,-6.04286955724183,-4.78413058442584,14.6933856404298,-4.50252407993457,-5.07713702355477,0.831782529267457,-3.32294457917851,-0.0861946272989371,-9.79319751255844,-1.00096578963439,-12.3512957037278,-15.4770632131017,-8.60719674764914,-0.754859741081418,-2.36557463006648,-0.364899536461962,-8.99072597152554,-1.2366599359566,-8.59260846657435,-6.79612376496698,-8.19544917235362,-0.865932074777902,-0.0808362834495711,0.59358005459535,-7.30386764385594,-4.97691468861649,-12.6276374157846,-0.318197574758415,-4.18152624395043,-2.71026518424287,-0.213630126626413,1.86326022031653,-7.26008480118571,-3.70196131090461,-16.8741059588651,7.10619431825808,-1.37819818037588,-0.889501932974781,-2.52007802257867,-4.94615014036162,-2.78820429158668
11,-3.99218493619037,-15.9503224203886,-12.5473059417941,-7.00223101367646,-9.19383133122528,4.76398959454946,1.08413871839957,-2.23889729513166,-4.22897364046185,-5.75285656690539,-0.29062241291831,-0.44107373298084,-9.3339479896149,-1.67432390087242,-0.790919646354268,3.77697388927936,-4.79364415270993,-17.0858343317341,-19.7667525472934,-9.24440282133173,-13.6440883449718,1.84748971129193,-0.873145852288417,2.54537879072632,-2.69135479021588,-11.5984827213288,-10.7212119628402,-11.0414101742617,-11.7435351686231,-0.439523106099387,-0.579698596802245,-1.19932254308787,-4.8557927673719,-14.0998238610196,-5.38151540002855,-10.4437136816964,-9.3042711309181,-7.24570750689054,-3.07728548898513,0.0497588884072684,-9.41679250919469,-9.79936097949167,-4.08279930449726,-9.37984158931931,-17.169683229436,-9.03319742258964,1.75200319143732,-1.51002977935104,-6.41770189177987,-13.1930657180083,-16.7073947075064,-10.1096472464806,1.2357961021894,0.913875491644831,-0.560614215487021,-3.60804631011206,-3.56370743785146,-14.1988249972605,-4.96213248567892,-9.60430305749014,-2.56859604791225,3.70606961930343,-1.42899416439923,8.1353332683434,-6.01942313957261,-11.9447198969297,-16.4409399003043,-9.90166923928973,0.924583391691613,3.04926747037689,2.14844797239175,-6.82386645675933,-10.9399041437778,-8.1620265447973,-10.7354435267757,-9.49995882572739,-0.195942945833849,-2.91189522238892,3.46695677682146,-3.38264903097752,-7.22876647906969,-11.6124749993369,21.3009459269019,-9.33975923027901,0.392033021481438,0.87558551275697,-2.06012939332231,0.313076687320063,-10.3628214351661,12.5095360853475,-7.83906636305528,-14.2387676815742,-4.53753459129666,4.18146361163372,1.02301028612419,-11.844152815851,-3.77404006329743,-15.4577483532762,-12.6926336171441,-15.3165631080819,-2.84647523576905,2.81973055070284,1.64309917839,-9.12238411447379,-2.33257686498473,-15.2118486126365,-10.3811158286412,-12.4834001287545,-4.31809476685703,-1.38053592749793,-1.90709872853085,-10.9921439853151,-3.13050928824123,-14.7768340500447,3.34469932669663,-10.8882788172073,-1.00193338678446,-1.33782889866779,-0.526045095027712,-5.7267467378033,-9.09627970697147,-16.6041586780084,3.44356792779263,-2.80675582713138,-1.12076208931148,-2.69440025530957,1.28611755008069,-2.67379037093087
12,-4.61857284290636,-11.7246445434985,-13.7752588724784,-12.2831032929193,-14.1306601595875,1.11192458881487,-2.45118103449067,0.00726429820588237,-9.52848196815648,-11.105096109739,-3.11655907500153,-13.825309308686,-16.3787293223959,0.571096954635323,2.23412332626731,-1.27884843824086,-6.58113902309833,-10.6417265735454,-11.6511948454627,-11.1830106408288,-16.5865212633516,3.50833080632538,-0.476437378096762,0.405505152702972,-6.14248736063701,-9.02084662552124,-11.7274659517343,-13.2200628168462,-14.8869577470045,0.166644668032404,-1.49083088396719,2.43683662120475,-6.78269766693711,-10.6294241036708,-4.70975623564254,-16.4511415806242,-6.97285343262638,-6.16862124376985,0.64142031018082,0.0966450163132322,-4.81436596897584,-13.2254328161189,-6.85481648445239,-11.4156455375683,-16.0424560045158,-8.93956046592075,0.475423392570519,3.0928268841908,-10.5951731589071,-11.0044621892562,-10.0683792327545,-12.1423904769613,0.62725097475095,2.44801322140256,-2.34756665896884,-15.3806098416085,-4.28539186675289,-2.9674303186016,-15.0896730698414,-11.087145014938,2.50376890086045,-3.07421964311607,2.21968716069523,-1.94726260618836,-9.87190045280704,-15.5673490694085,-13.5744821595326,-10.5414418374362,-3.33320881803957,3.06508748559645,0.373687296647859,0.0276553611820418,-6.23550571081205,-3.71915494615905,-13.5384009781365,-0.794909423246736,2.47678858789322,3.36712422422761,-3.35058290878806,-5.44673056440115,-5.23507193773685,-16.3634189552477,15.8566023442941,-9.64747850505455,-0.647082501651767,2.04804478350388,1.44276973046226,-5.53231269077878,-9.97362016258739,4.00095363014043,-5.68065593769643,-12.2027498802076,-1.16164603477137,0.452685002890576,-0.356709452294126,-9.29415162680834,-8.12484694177647,-12.5718738642759,-14.257408393843,-8.6387361646357,-0.513519598283438,-1.14833796370158,1.71949239182914,-10.2701466064877,-8.30805653449897,-14.2842370277081,-11.2242459642794,-12.7811363181181,1.09620210181902,4.03046358562142,2.47879518086484,-5.13651070153674,-8.42950493231137,-12.436267168915,-1.90500523568653,-16.8969157048114,-0.654466890764979,0.0584919002258175,3.12940939398277,-7.62404220163853,-10.764135033703,-8.07123901392288,6.81549403228792,-0.684010876474531,-1.21939029828627,-0.813600033338844,-2.28950314719896,-6.43246115754118
13,-2.37116608047882,-14.748288772314,-12.1295766876974,-12.2661477736292,-16.7757097799804,-2.73616603221717,0.657278572160976,-3.19467222147614,-9.46202027884283,-8.48816790603814,-3.37677656247797,-11.1913676792083,-14.8539794581734,0.290966147787913,-3.35130470961258,-0.323620801830657,-4.03545765979197,-11.7696984434551,-13.2972696444349,-13.9464925770058,-13.7112589623321,-3.66297944613507,1.21926470683411,-0.646801715299716,-3.39860812043298,-15.0660978431279,-15.0890211173332,-9.99963908219706,-14.1990396974652,-3.30328049050286,-1.05572268010064,2.42260640281302,-10.5676126369567,-11.5692145605935,-6.40692185761964,-14.4246006856347,-12.2955529987753,-6.50281380438673,-4.40699210867388,-0.046524792420314,-13.8526524065792,-4.38041573057853,-9.3490174867643,-11.9414141455331,-15.7513963367678,-7.29455164790897,5.2877172921103,-3.08769871452887,-8.71996034302765,-13.5076580849218,-7.91985350067853,-12.2163021645579,0.592159840964086,2.35015281726601,2.62754015038354,-21.8097710678508,-4.32238927812023,-8.3879964843286,-14.5518490446384,-7.90703548947249,-0.743065569092778,1.60153693600751,-1.84909220272903,-1.60709405019452,-9.88627688132283,-11.7483921387879,-17.7887112907551,-6.89489473833282,-1.43561511049938,0.586285936379227,-1.26096439993717,-10.8264079568703,-10.9845965517939,-9.51028692825821,-9.56252089390182,-8.61380750903936,-1.83519222141831,0.681766623889871,3.64946644443444,-5.42253038333774,-4.86333665061875,-14.1380008728629,4.74278572120647,-10.0592029101263,5.55154416447795,-2.5504402205338,1.78757432955217,-3.52428535816853,-10.4109251646905,-1.39709634611972,-8.47657658100752,-16.4222550313025,0.878088732109518,-1.35593491106101,1.33628171813189,-8.1112881422082,-6.51233095975385,-15.2599507625582,-19.2569782696346,-16.3877084798737,0.702481285812155,0.154093655682573,0.599558239720864,-5.40379507392981,-13.1741463808871,-14.0738559827814,-12.6957324833152,-13.4987904497389,0.361980235042211,-0.341828739045923,0.736001269831831,-10.0862766269502,-1.05320346148073,-15.3705538505792,0.945838998941781,-9.42010796245313,-1.03282063256847,-2.69266309858176,-2.6775726441424,-4.33740793849438,-15.1973327238552,-14.1523752508265,3.96806939324824,-6.62164567198352,0.159625710897672,4.64110361309349,0.372097723586649,-6.50610619771032
14,-5.12660086295091,-15.0577379586925,-10.5599841696339,-15.0687768589901,-16.0283788610968,-1.84078895377888,1.70378882473869,0.418497898710484,-8.75250776711118,-7.60886037866203,-5.97577244658942,-12.6292973714103,-9.69590050233273,-1.13902920366854,1.57279288871314,-1.13333197634483,3.56395273567341,-12.1382881841255,-13.7487255557548,-10.9305378287968,-11.78344907665,-1.24176073563922,-2.43538887177465,3.85876430922372,-4.62208074936234,-12.4962374198453,-11.9060453955526,-17.9199626821483,-10.4017255049712,1.9399619805763,2.55011632708693,-3.01451894554884,-4.55524162798429,-14.7859374746549,-11.81742364708,-10.4965701320311,-17.9469973477121,-4.99668613073163,-1.96746853099285,-0.146888835060963,-7.82500285378865,-11.7090192215751,-12.955396057595,-7.38668755571371,-19.5343282904169,-7.97526444673758,-1.36218949073191,3.47163950278127,-10.6123337131708,-12.8022211867965,-10.025728122002,-13.4456374824604,1.70506621989443,2.48081105725123,3.77737514861792,-27.5165769051728,-10.2439081899342,-14.4402721650904,-15.1418810914379,-11.0491754551022,2.32864121753573,2.17159739487579,-0.732250472512987,-9.43524308032738,-10.2713657222453,-12.9152143358665,-19.4043744371434,-10.0447794345027,2.1016634070229,-0.150201278676832,0.623563706464665,-4.36212276359902,-11.5384696289552,-15.7101121006422,-11.9487425908733,-9.26766304526154,0.93172603055973,1.53787788935551,-0.13206024057672,-4.1267996948427,-4.21354291287662,-17.0744179014659,4.95887902773848,-8.49277944488949,0.763382372125761,3.64159192748775,1.41722357529443,-4.90310046427567,-12.4988535176335,3.70912948974819,-12.0703229554051,-14.556536944257,0.889303682499758,-0.645640301784169,-1.36831804250687,-9.78943946548316,-8.53073474528037,-10.8526097471949,-10.798434063413,-15.5587933484612,0.787119057314612,0.078675948943328,3.75080051236819,-0.387426791298822,-8.601959455018,-9.99225509853432,-16.1420646452871,-18.0325943780772,1.86721398095779,-1.90602612998555,-2.83387525425405,-6.10465987416592,-4.68828628884421,-13.4193335267541,-7.67738529750386,-12.3769206946918,-0.438406709098672,3.94907809792403,0.062979991730117,-8.21050110640044,-12.4497810100902,-10.3462319680234,1.59065638730317,-3.97071706732004,-0.156337995616013,3.29388644335404,3.19832535031992,-3.38068908347441
15,-7.39894531799109,-10.6184338336911,-14.4329761052481,-6.51659492552835,-14.702386335262,1.16427284912243,-3.29164704240111,-0.665730515581799,-9.98942709121729,-9.14029594618705,-5.68052464345328,-13.3170402980249,-9.47893803877741,-1.70541842825833,0.0190283318643196,1.03281939171211,-1.24656122001761,-15.3695895667656,-12.0499734175687,-3.28129138870918,-16.8181154791982,-1.75551134320767,-0.253346371058342,2.22152328316542,-2.69556761433842,-8.90980386431283,-10.8199751204711,-9.865433655169,-10.633628862437,-3.05547680359541,2.11841535962049,-2.1570146126478,-7.88962734474035,-11.7606960720846,-11.4661643926161,-9.32172981798931,-10.182762981723,-1.86155958954123,0.600514872821805,-2.04859468375162,-7.00333676596028,-8.83274545276026,-9.32213704031801,-11.5898829941207,-17.5609158433604,-9.58106423298614,2.61849112581649,-2.37099844281647,-12.0032915221609,-6.3440699442599,-10.9008357076468,-12.6583756376808,-2.1101349826863,-0.65738339037398,2.45932933227368,-28.3772815812358,-11.1399523545401,-13.9387097162999,-14.1327857190204,-5.46712551256951,-0.36139997000555,-0.255958853904303,0.742094291058038,-14.4678056110115,-8.90987145118197,-13.8800545110075,-11.9302376625405,-5.70030130067471,-1.14661620020752,3.37620823254156,1.7553781389488,-9.07450719324606,-12.0716534254693,-12.2843711797391,-17.3171269326904,-13.4247413426565,0.615567753213782,2.31952402201478,-2.85209638776632,-5.05209442315663,-10.4284531853391,-13.6535714316487,-0.268693298653034,-9.0688662629932,1.91924158004349,-1.99476856579759,0.498155214665985,-6.71863214153609,-10.16269476255,-5.40288927847314,-15.7634057764221,-12.883653550351,-0.212714054823209,-1.31036202732412,1.81382851387571,-5.14967713575106,-6.03531856604241,-16.2792163774907,-10.6980870236453,-11.9128598766806,2.4942275984622,0.855506806447465,-3.58128036107382,-6.12682750904423,-8.9855016691331,-13.9716112202159,-14.3115736412942,-11.7796879146435,-2.11291587463211,-0.237209413937308,-2.72528082466124,-4.66874540716572,-7.29548483552935,-13.0999772149944,0.858277420379636,-16.0043415010882,-1.76426436480779,2.1862552593393,1.12955311615633,-11.5651670776615,-4.5613603392294,-10.3250810242093,-2.57978694180201,-1.70107297638197,-1.03571254686904,1.05684822544845,0.878859801578983,-3.13922527471368
16,-5.47781695064305,-13.2140655144094,-10.7879095699441,-17.912139724976,-11.9405207599625,1.03937563171075,1.59836101304472,-1.5621636668975,-9.96193792007352,-9.48306721267045,-4.98845054155981,-9.74087990111047,-12.3450062547654,1.98105595755442,-3.33151223167988,1.94113572295646,-9.28452786944081,-9.97317823486537,-13.2353864089214,-12.9661425653367,-12.2935817488997,-0.305856420543023,-1.34128920491412,0.984846758997719,-5.18359109889843,-14.5936432192989,-12.9258440602207,-13.2939575977321,-19.4235309161681,3.44157466762999,-1.73398944822975,2.65508870951498,19.5368498064076,-13.713943979983,-10.8698616669913,-14.0129332980773,-12.1208819416593,-4.63685434726085,-0.886528506819559,-3.89717290463204,-7.86772557135919,-10.5427383964829,-9.8624425180501,-10.3716776582728,-16.026206357536,-4.34275413708565,-2.05820874845404,-1.95608800314812,-8.68774823337026,-13.5370450725118,-12.5062753394245,-12.5843858328481,2.98951082391886,4.28533382834212,-4.21693119015299,-25.9627768335727,-6.89965684061417,-13.5884724093362,-12.1137079910886,-6.56250990124545,-2.1979275655417,-0.518054858735468,0.982338011387128,-17.6823705335241,-11.9515390900815,-9.37809918010726,-15.7658777044835,-3.62459747749472,0.553863513755459,0.622385496382776,0.953212082348273,1.00994184696128,-16.4521185742615,-11.9827871104317,-11.966958770176,-7.58910069895546,1.38895037429847,2.5373855041471,-4.42442610653416,-6.69954289684256,-8.99525717934557,-17.2808966259081,-2.41088887477872,-12.3564040364395,1.89384981084686,0.884151222342553,-0.272895417345808,-6.4882297966883,-9.44734914648461,-1.21553846803135,-16.4758809198461,-8.84043361677823,-4.11397238230711,-0.804147618993284,0.899374048149639,-5.41404835268622,-6.16496550516149,-17.4394217997528,-15.4964227923729,-7.6011959344014,-1.43372760931425,-0.450938861953546,1.31205171089096,-8.18516738146673,-12.3131199478908,-9.53062978572507,-14.7491403037388,-10.851631050688,2.64564984053277,-1.90276082975197,2.24231406537501,-3.30298271143283,-9.69666004101691,-6.6261484012125,-2.61836299972219,-16.5509332654055,1.88897310582024,1.16505179871001,-3.2999702093166,-8.30639380001367,-17.5602428032739,-3.90691782777867,-12.6033879349502,-3.4642276739869,-0.628023524979199,-0.31895667315257,0.431863664701268,2.23841438537283
17,-3.22722498150915,-10.1913525058239,-14.9785763147747,-18.4638790261793,-16.0412470960359,-2.19141552579231,3.67731913469015,0.368992998610793,-5.2900532751496,-6.05969696443572,-1.35564505900629,-8.97516009433457,-9.76300393822521,0.694224206199124,-3.67368181356596,0.19728211845495,-3.64711705219634,-14.6386656648533,-17.437389569146,-12.8326249659212,-14.684057022901,-1.80140298200649,0.237762645279417,1.77388228126802,-4.00294720280317,-18.9203119552503,-14.4686091919066,-15.3830063012651,-11.5019791795294,-1.38743183884299,-0.231037968995224,1.46633145806163,16.0085458366402,-10.0176888241926,-17.3986107028404,-6.03536235553293,-11.5533390329524,-7.92814748570299,1.57465931573006,2.06908833383659,-8.36642867696901,-14.9971406218856,-11.3479112547734,-13.6274217133196,-14.6252118609127,-2.35947015979127,2.2924087316751,-2.8870539846198,-4.87480491446377,-12.1462165154753,-10.3841935794626,-6.82109863857659,-1.19238895474382,1.43206412178233,0.851604386525196,-25.479288969932,-9.17214751253914,-5.08570114120403,-6.46766597752094,-5.06740076210599,2.1919573214177,1.66624979777407,0.110851196375734,-20.6318073410512,-9.54754999002353,-10.6522770464362,-18.0043902522361,-5.37248226397014,2.57806922601094,-3.9977121403067,-0.457926972525911,-7.45633175961075,-0.356718636477126,-13.915786021782,-15.2420848347656,-5.02645206525131,0.573068860820968,0.43827117392857,2.21072278419342,-3.44028297198065,-9.99934432055352,-15.2649591578629,-5.43132654362353,-7.78444993158246,-0.66851546651742,2.41329484151584,-0.775497005375655,0.274707302768093,-13.1493682459,-5.95336890495946,-13.2007201852102,-12.3775352855023,2.37093754852958,1.52343782053094,-0.450977986370162,-6.73415178863161,-12.2685844684434,-13.8680508916495,-7.56552712870734,-12.8768623297065,0.543107914791563,2.76638384341186,-0.315808143492177,-2.7764817829775,-5.04650391470159,-9.30735573073889,-17.5922874770599,-9.2021967678038,0.0802343620548527,-0.74852519025535,4.57279019106772,0.687686458050848,-6.01786487978461,-2.09660005045134,-1.18080414517863,-13.8246501771614,2.62019584466952,2.63876484321236,-3.8103651256024,-4.33082750919175,-0.958233345667395,-12.393794871326,-14.1069158578953,-1.21000334767405,-2.54320409929278,0.745358561348439,4.30279602276642,-2.12740023516062
18,-5.83601570601877,-10.4756795200874,-11.7313218449035,-12.5610104310936,-15.6240342058531,-2.19540596588422,-1.64897923617627,1.24154809694846,-6.69328701637232,-4.51725790273758,-6.27056894647103,-11.473107467034,-7.78256410050381,-2.40920745035419,-0.758870650412064,1.71588372028646,-2.44917374589068,-7.69345668221558,-5.31924639389808,-3.823952863861,-10.5121649846124,1.88507259359676,-0.61002477892589,3.8050613418086,-6.74849112336278,-18.1723010850474,-14.434190414669,-13.5284707469223,-9.80007144943511,1.43498516486807,-0.909537213435669,-1.47976650049122,18.7974590900035,-9.42030941400935,-9.52173186568825,-10.3383158075321,-21.565363109904,-3.86769874495803,1.0787300389643,-0.10404640577508,-9.87413324003728,-10.8605489690776,-7.75048500437924,-9.84904805681936,-11.8423235424784,-4.24289331198497,-1.41556234282552,-1.02975481397152,-7.36079916742892,-11.6580050357848,-3.51788814065958,-12.5006530932865,-1.1332570546183,-2.4002084718627,2.87751534025483,-28.0740992290075,-3.28370121378794,-7.54758842833417,-15.1132307869952,-7.39408605619019,-2.6663306002456,1.1294149097539,-0.581868517043404,-24.4265047781528,-12.2580686450665,-10.3965909234566,-7.8490188621422,0.322558799384751,0.685636535033609,0.880300403438468,3.8841901153296,1.65771234390377,-9.24096721759543,-0.70374298072602,-11.7662447978823,-10.7572866811297,0.0944019102539642,1.30817576071604,-1.38412772762968,-1.67829148781584,-6.1896166191973,-10.5563299520923,0.867383305639123,-9.5674047374273,0.0105249000066578,1.09643598047796,4.8741994181205,1.71187407193793,-2.22634059563552,-8.27687432582252,-13.6941373338377,-8.43152163384229,0.33285390847459,1.21725094665999,-0.931610414637817,-6.67851651408637,-7.01412258308528,-5.00887337474978,-13.2290588971146,-9.28376114570847,1.22433008271764,-5.53951977358838,-1.13033369927552,-0.661665202140284,-11.0383240637971,-8.65978745828124,-14.767007050556,-10.3695168627851,-0.834343697407348,-0.657746269652762,-3.50480267490229,-5.69637865224968,-4.80595444403616,-3.63739957147936,-2.27094972361101,-15.2527776515708,-1.38329907407069,1.12736123623108,0.16914052085076,-2.0383240145984,-2.47227286271482,-6.40274397503754,-17.4907859465247,-6.16478828012623,-0.0179773795193796,-0.649926621930717,-2.55709843764907,-0.909001481536961
19,-9.58622985826059,-12.8082150782766,-13.9845221472219,-11.7870891723437,-12.521032420962,1.83921798083838,1.14662112436918,2.78216628752489,-8.98548982282637,-6.32047052637699,-6.65616979379683,-11.9384843763683,-3.50465706395244,0.257021341556992,-1.10691957354857,-2.99619554933315,-4.97365625343446,-6.70991811711701,-7.60021140907838,-3.66065389630739,-12.7037495104937,-2.14641644749418,4.20340219426998,-1.67788532423583,-7.0144479756691,-3.90036268287577,-13.291675175883,-12.2608256441313,-7.81270654086711,-1.65138612268674,-1.7388493534595,-2.07962615139058,13.589719529627,-4.75350882887642,-14.9527291077607,-7.40922354137092,-7.77476753539531,-5.66691656595731,0.284807150948382,0.921336165239154,-7.60583531819248,-6.24677287811573,-10.8189153384164,-4.86861622683909,-12.0395546807208,-0.752258521161366,-1.0383622168788,1.16855367912785,-6.04950260525357,-14.6716917026979,-3.71386709543776,-7.41705890920275,-4.32529042598571,3.15334106137925,-1.37465815630867,-26.6878023695149,-3.86044159961421,-6.72611715454923,-14.2714440147197,-2.74571255011824,1.09951035146423,1.11088187474024,-3.3060023039211,-29.1146101985032,-10.9126595494922,-7.99795764200462,-5.92969285291247,4.44826404470587,1.65155189618417,0.135185613630256,0.459071003571808,-9.1818507405319,-12.4020508333315,-6.22722674945908,-9.68612200044208,-8.98063118107757,-1.21881853260265,1.70368920932833,-0.0103447401379526,-3.71458611694288,-8.11839588865723,-9.12604372933447,-9.19052714744566,-7.24942313476004,-1.43614071458069,-3.20793579849214,-1.235346551357,-0.241318344571027,-6.43945593710669,-4.73625165579097,-13.1532947142246,-12.1926222533157,-2.42858650881408,-0.620612580154557,3.08885091606589,-2.19918556645416,-3.94309914656424,-9.21552933859448,-11.2462950281588,-14.3331945318623,-2.4921248133287,1.35273858995697,1.69710467810228,-6.98321481858966,-2.07216844511458,-15.0722892289095,-15.0600740444797,-12.9866645814063,3.06508662102624,-1.40963856992585,1.83850509092008,-1.56471004488367,-7.62843575446232,3.09552132657973,-7.43280099318417,-11.1556077948871,3.14575979302208,-0.521916167833751,0.0224587457691996,-2.57062754823619,-11.341487030983,-0.0239345763175152,-20.1476578822189,-3.70818107213563,-1.46675933431015,3.27214511704642,-0.524088186309655,1.41862344392757
20,-2.80246040128213,-9.37130224870725,-8.75784242667987,-8.0205683688946,-7.46926097950609,-0.399972253326723,-1.1813516458551,1.64724652681616,-6.3103453846179,-4.69760626429616,-5.6229042714026,-9.08127861718094,-7.60875932845101,-0.78558034549178,0.701851307089328,-1.65761080348648,-3.41904350651248,-10.8544821762989,-7.54204966027146,-8.6318317052087,-14.1640481191457,3.50221197754627,-1.59006035410175,2.19664229516047,2.88599322760911,-6.67785472915239,-9.96718038562449,-12.623510033492,-6.30407352042585,0.90943689822052,-1.01230563393847,-0.743224800783537,6.26051548347732,-5.54209605980168,-6.11440857010666,-2.1534049023353,-4.40309125973681,-0.302849202639209,-0.466445318449587,6.61517719429185,-8.16292049997264,-12.4688199996153,-8.14495317740102,-9.42848665760039,-9.18079332885509,-2.95111859741519,2.48754326310245,3.2974930230198,-6.66826420920688,-5.04919759252289,-1.86161396469106,-12.4745553230014,-0.830811575306143,-1.83247959287246,2.55829330787265,-18.6432034592972,0.266708894976091,-16.5401159893895,-10.3691541534431,-3.18766400257573,1.16490717703027,0.376699574220311,0.968167773118694,-27.1235256108898,-8.40984127388447,-9.71241339277913,-17.1874794129549,11.8180168056492,8.53214633025345e-05,3.27749227902405,1.20057574187922,-6.69740650723179,-11.4238462273806,-10.6124185898243,-9.32390088745933,-3.50495368978636,2.03918204660476,-0.973307754041343,1.78989556539727,-1.52143627120495,-4.90722486941286,-13.2893326660273,-2.22083905548516,-5.57405954844762,0.508551463346521,3.39341726551993,1.84855870212368,-2.05780231874451,-11.0705620461754,-4.09498154840458,-17.2940313891495,-12.9170020633264,1.41564281132332,-0.0771577152472673,1.30428734711859,-5.37848982170453,-7.85434971546056,-8.35569813796883,-7.4012430117873,-9.24706581925875,-2.65608607291642,1.77310421770517,-1.87033958088205,-2.40878576398381,-3.03035752403639,-10.8612896305726,-12.0970497064764,-14.2179736633598,1.75577080779249,-2.14893317417909,0.518165746121667,-1.74863118296798,-4.63741422025169,17.1421325506685,3.94447824175768,-13.748127124496,-5.59430280134302,-3.48333248067183,5.10630290909285,-1.75248561592116,-6.1046625170311,18.0578094555435,-18.844141117529,-4.20567708644921,-3.18034211855093,-3.8720067506747,-1.74545102482443,6.32720923472743
21,-6.27859894720905,-2.85144659727575,-9.87167588303191,-10.2091974746731,-12.6387547942909,-2.75354574388803,1.54593318200205,-0.684971967223191,-8.69393152374141,-3.08047134817571,-5.90085817669706,-13.940209380034,-4.99121260551328,2.25403851059764,-1.92882129481131,-0.623693967304462,-6.88250860615017,-9.96179670371612,-10.2851744912814,-2.68335936199492,-12.248446039554,1.99295823816146,-1.56463862789451,-6.37703646967839,-1.35896976706681,-10.8735087561986,-10.8032202593504,-8.85706384871082,-7.08904759492589,1.11523108293432,0.0312131319428772,1.18714037066957,8.05983854371061,-10.3532132463693,-11.9707638227442,-11.2777872015304,-21.4716797081564,-0.604242250377865,-3.83250901306019,4.87962743289745,-7.49446689332535,-3.30403998784914,-11.6061098003652,-12.7143062071304,-14.6719117290099,-0.762576414142131,-0.602131833647945,1.64179130336788,-8.21906370849138,-13.0345996445121,-10.495610217039,-9.00590385507758,-2.14583492073325,2.73675931503112,-0.733021708223987,-21.1681694656031,-5.08268646102078,-4.39182131781035,-14.1527966903818,-10.2163630034074,0.874330381277105,3.22489346070824,-4.03120249386484,-26.9987637623885,-9.29947394316969,-13.3592376424594,-13.3546773352077,1.26076134686309,-0.561236259964062,-1.08592330842157,-4.14060411461105,-4.81020539973451,-8.77781821331791,-8.06671394854766,-12.5428916549113,-7.27238112010218,-1.83219395771994,1.68756074114026,0.838498762028848,-5.00686964418082,-7.24030719698612,-14.4908693684674,-5.82707866855708,-9.01506658197786,0.562004335773054,-2.22272372760017,2.44670400974792,-5.17865065295382,-7.72060920253944,-0.966566775936371,-14.0211246031968,-8.34734446881566,-3.77409521983509,-1.42667429540506,-2.41157012895565,-3.61371778272951,-4.31797557660093,-14.9241716083075,-16.7596587734861,-7.66728157231137,-2.41924618151779,-2.99452470916776,-2.89745543999425,-2.01708297269215,-7.32769045977147,-11.1970016381015,-9.39747047114133,-10.3335415829588,0.337451721841262,0.788151563582687,-0.605533786161686,-4.56794361626771,-5.54177450611633,26.4729491858866,0.559157171061088,-7.80148565281661,0.456454056168241,-0.490652434261847,-1.95573086708964,2.44784734706491,-6.16744653104706,29.6080085126955,-18.9249803209236,-7.72569622849687,1.23535103057475,-2.49067560007643,0.641482795541833,6.38191432982148
22,-7.48286097877826,-6.78272790658048,-6.70608458288416,-3.90524619987491,-3.91099134593605,-1.49485639544082,-3.46126617639629,-1.56834155746719,-4.22378650897235,0.294235203808512,-4.68440310368442,-5.93603365491981,-2.36896033711719,0.641534673612568,-0.139331940105421,4.81188482126663,-4.18657057026439,-5.4793784854869,-4.51554358324165,-7.90437416761142,-4.38563088022147,2.09872115639655,-0.0413947534375438,-3.80948060148376,-3.38279243535771,-0.708487143191633,-9.98585718873619,-6.80389940148734,-8.64897688756491,-2.57545936274755,-0.150848905582734,-2.43116465907451,8.59336851322541,-8.33951053514056,-11.0814223222505,-3.19340248896197,-9.35659017504577,-4.03473917409929,2.22370096785335,0.542806672776351,-8.75132721156751,-7.55400174299348,-6.82745056948852,-6.38226053271137,-8.11563293424979,-0.937304936655892,0.597192930319579,2.18013709512434,-5.21093609880018,-6.51816574867735,-1.9407423480784,-6.64718517504889,0.858338191409985,0.950190322832896,1.45533468674148,-21.7354211485554,-3.37066420407928,-8.78623504245252,-14.0293464527776,-6.19943754630458,0.585736821483351,0.379572226087021,5.04921121896678,-25.1579686539599,-4.99291573303071,-3.44254752648612,-12.3616668694922,11.7321847023632,-0.6470007647481,1.80569880899611,0.0938092045903431,-3.57170205081184,-6.14153462252261,-8.46239094657221,-6.31187510481959,-7.09460178259678,2.38753525921629,-1.09611252313925,1.08626840776924,-2.26866118302132,-8.04866331121593,-11.7218332399734,-9.41483626912759,-5.89034428123296,0.277720061381842,-0.0996048610895741,3.25741225322736,-1.09482879708366,-8.77343743991514,-6.31251602090742,-7.8602319805168,-9.17644082464994,0.601005176265062,2.78503671214185,1.73049006338442,-1.73216555775343,-10.6710024973886,-8.71294331435547,-5.9158964114331,-6.52511705213647,-2.485127822707,-4.92664688308651,2.43328832021598,-0.162113876369858,-6.04520971875399,-5.57158283443505,-10.110556185894,-7.80667850699047,-1.75856750686717,5.1233169449979,0.617283683457572,-4.30426361023683,-3.5954446639671,60.4143912899731,1.23657396600993,-6.37243432548075,0.578601806686947,-1.54171465038553,-3.10601220992521,-2.99343612586108,4.02624132328174,70.6477202071942,-23.0455435302461,-2.24723171525602,0.712727692248791,-0.162004751173754,3.28600789775237,7.51618595725449
23,-5.06346522456533,-3.95746853091123,-5.07757174065455,-7.26893317120494,-1.83141078575363,-1.20358578197738,-0.0559403476913758,2.33530183632365,-9.42477471738266,-4.93140997982846,-3.85061012139431,-6.72825464109656,-7.40896969513005,-1.15261070010274,-1.10401613677823,0.976865516419366,-1.09254277964192,-8.12645460508566,-5.96665049295416,-0.883755253825257,-3.24003912600892,2.8398978057603,0.365594700973361,-0.142486321399701,1.09576097540366,-1.79644927045183,-8.74360172810111,-6.98103449679093,-6.57050417670098,0.0199368112234879,0.00131422254798963,3.06944728363987,7.4001079560212,-6.80009833509939,-10.3887653337874,-12.8827880224944,-5.77537603655446,-2.9304004096939,2.50128458343897,-1.48171855270903,-7.23931905966083,-2.05722030548759,-3.81859029747966,-4.54608124841843,-5.22515617400586,-3.41499013561952,-7.62784871845179,-2.81707854394699,-7.12352085722387,-6.58762409744168,-10.5674859415867,-7.16177534373855,7.76945414632155,-1.22664378403715,0.218399318993306,-13.0512248939649,-4.04889251045188,-4.91518056487575,-8.61757261033745,-6.52579654302281,1.96076694122121,-0.42679139874781,3.11612021244082,-26.8519124389895,-4.03283230774468,-6.93876448134233,-8.43915626962371,16.21657924888,-0.65010808735633,0.309992386540671,-1.92786054571661,-1.4172502353058,-4.79492996826366,-4.10094502625043,-6.89658107339756,-3.09405782144404,3.41506141209629,3.24544873584136,-1.13000850675462,8.04062601883652,-2.13832335399593,-8.21807334409141,-0.828755627208011,-2.55134768525704,1.31272340872601,-2.11507677440204,0.192384969392606,3.21437472277466,-0.330975258087619,-8.22472958389062,-12.3263590640431,-4.4832335555825,-0.214936925132406,-0.47622758081161,2.16896060282943,-5.89452338677393,-6.51283650382129,-4.80312376899019,-2.64975937954296,-7.74898681094692,0.539540756901715,7.20954335380338,-0.167993133585696,-0.17971486227043,-11.3899847690332,-5.1013269703958,-12.9840698848852,-5.02023014260294,0.873077595988889,-2.38828479769927,-2.24621612127567,-2.17745389140873,-5.01332125930367,115.947337576704,0.52060602890424,-1.18848127266665,-1.16155611783461,0.718354825420192,-2.5271950787178,-0.551160838936084,1.31829476682924,128.428329891318,-18.829159497277,-3.58538450095784,1.56677347070172,3.26619293818976,3.58354315160341,10.2225030217182
24,-6.51307413869745,-5.72466386871884,-8.26810376181129,-6.0101306665747,-8.03555797599211,-4.07773131716976,3.30841230992246,1.29263836264681,-4.93646381059079,-1.67459470975382,-7.7927797122702,-6.66283642659346,-2.71689020019676,2.5481122118681,1.55297549175111,-0.0580543900878183,-3.89416894535361,-4.63808616903771,-2.31957591121454,-7.73792547690755,-9.0010340148151,-1.64849844971695,-2.40314871824194,0.140495198192184,-1.64675980936045,-6.11412617638098,-9.45174580190314,-4.19274703000474,-5.1144181345353,-2.0826879339952,-2.43036798039202,-1.20424122164786,5.62879993413117,-5.96658783197745,-6.4385242813787,-4.06366454850149,-0.582749352955489,-6.27313923469546,0.596764179020738,-3.64418114151658,-3.80043939183452,-8.50755402682853,-6.03476688433602,-4.45147229259328,-5.44362378660162,-1.41204266821796,0.95236511309804,0.209401760108449,-4.95011348830303,-8.57167772931825,-0.0555139703387795,1.00404139699731,0.0806649214673598,4.38503087316258,-3.04707680443607,-14.6861228291082,-7.24195854196205,-7.711259844285,-9.43401083117124,-3.83423809743454,1.33885555166353,0.40250195268618,2.64844387588028,-24.0813158339365,-6.39461566499813,-1.14847680454523,-3.69598639131982,12.6736606376057,0.315632473073492,2.17154672474226,-0.856603928597906,-5.73836241078106,-10.2516735737395,-3.19073429450827,-4.6788195165559,-6.63629466759585,-0.115943162343683,-2.18174524118558,-2.19576019513443,-3.15831914205774,0.455085426464848,-8.81893938294979,-5.85958559800247,-4.08356168156706,-4.02611073980552,-0.39286081454793,0.550363427898446,1.63352896935703,-6.46809161444844,-3.7697531247577,-11.8338862778664,-5.19740372521028,-0.197719973502444,0.130860200629286,-0.101020780595718,1.6052018036371,-4.4740185861765,-4.45948921142735,-6.9500094313571,-0.923754660735085,-2.0068790272021,1.9517025415098,-2.36832172874529,2.15823429123202,-8.43459716589359,-8.01737814197304,-7.7657526776029,-6.30594702215058,2.033738890329,-0.2607721487243,-0.384785927927169,3.33136118193806,-6.75017103209257,214.162636628466,5.99065088484622,-11.0423413933536,2.56124066852863,0.232421892543243,1.41235912739785,6.32273177788693,-0.918293152169099,247.834417412241,-16.9312377496949,-6.85514294002769,-3.1616186333722,-1.67945195044967,1.34387787328296,13.1727412832183
25,-3.45123947675711,-1.98602820619726,-2.84108795639486,-3.51100940880178,-8.69271142008756,2.07477655120556,-0.941056613281035,-3.605366331185,-5.25844717608697,-2.64208477393959,-3.68270478157683,-6.72351842767648,-1.96516625443974,-0.552044110558654,4.40524757998446,2.54265934909427,2.5845986997856,-3.86317209999925,-3.10187519674719,-2.14298397269977,-7.81568991587483,-1.01269179547535,0.857587979738582,0.675471396520152,-6.2805146589194,-9.869592286856,-4.63184430480942,-4.49795389065321,-6.6039210036688,-2.72525927266906,-2.2968414545594,0.52847091563126,2.75092667467425,-5.52849290433142,-3.22873023959846,-0.774182256805034,-5.42515454373506,1.69070662056947,0.584972235902569,-0.102029836901238,-10.1597766180407,-4.88942649114642,-3.05937863791996,-5.36959553780252,-3.37160625600154,3.69761370014112,-0.464614487269046,0.907131832809682,-2.14890605362689,-5.11374382497706,-4.01792028193495,-5.80152217483237,1.68141707443147,-0.900699739013817,0.728335395107479,-12.2242270549973,-1.42112708229706,-5.4564886132971,-7.54401996356592,-9.22038944297128,-2.24484719277007,-0.751429717263363,-0.141455965739624,-18.3998238274335,-1.85933003504215,-5.24154278722062,-3.04369705001727,12.4210458117154,-0.331966402567559,1.18326526750616,-0.302910830596375,-4.92143905098101,-6.37256026356545,-4.63838398650705,-3.62609289784496,-3.02977808350397,-2.35889976517592,-1.75013643917964,0.0119233425320999,-0.397686167730171,-2.53088133912797,-6.93701307453512,-2.26139562626668,-0.892756808540071,-2.21323474464225,-0.559861053312943,-0.231456598881323,0.235471039818094,3.70223657302995,-6.787141650791,-15.8497899043377,-5.39873418380193,0.744478180296937,-1.98189074872471,-3.72462460477254,-0.624896057627211,-5.68065149177846,-2.54823974508372,-8.79496524645901,-5.0068068382202,-0.971797568284273,0.227253966735589,2.13886328753415,4.64206556711679,-6.17683252621055,-6.00137284985203,-8.83076760564973,-7.61281698382936,0.744235680171187,1.15932308050924,2.36702771653972,1.43691570525834,-8.96780903150693,386.370100487121,-1.68892658496543,-0.841734648231068,-1.99881826176124,-1.06130351994761,-1.87035723890722,9.57345746512419,-6.90614943850278,437.342043074752,-15.3785416354435,0.3052819508016,-1.74872197487912,-1.68136183084016,-0.301183934253459,18.5102637262253
26,-2.61876392520753,0.776224291000744,-4.76491864002446,-4.60285300848182,-4.10092340248093,-0.126200228186008,-0.0853774140805399,2.04833758978884,-5.07025953955781,-3.61420021791673,-7.57591177395761,-6.44018599345191,-0.876504319875039,-1.54437817733469,2.63602099918762,-2.10452301416808,-2.54747977933175,-1.80746825219194,-3.00444542380228,-8.16128077759413,-9.41853741021941,-3.04986262653711,-1.62696070261609,-0.998733355943386,0.493306278670843,1.10508897610953,-3.70453730420741,-4.75756945773219,-6.60086855317104,2.33822590325508,2.99389517876898,-2.13571931607385,3.48305277298505,-3.27829507008619,-7.02138388264257,-2.72763546696433,-3.44530627569247,0.888574227210029,1.49150628214238,-2.48628427050107,-4.13700464822068,-5.07618807522658,-3.56896623439934,-4.61544403603193,-7.86163819182639,1.35669452474713,1.31602081870551,-3.08322063314608,-5.82487837704593,-1.97711785481442,-1.0839923955823,-6.82262018437677,3.25609641000983,-2.77863115044192,1.86621624247982,-7.40799819564063,-9.92282190372316,-6.05474509199166,-8.80497243544687,-3.43037915110062,-4.73669736362444,1.55587227590377,-0.120326730791021,-19.3319733471149,-3.67616986150051,-7.149223156056,-7.13509249822528,13.9306126811962,0.653993680636631,1.15331618459777,-0.623948373410258,-6.3105904496847,-1.11630645457763,-8.86385854654691,-5.81590585432377,-3.6439100679454,-0.658953836189539,4.22659123048379,-2.18117504310067,-3.27701726765235,-6.39239842813322,-8.08081062589918,-8.89985481490567,-4.79368815025691,-2.00028553086577,3.65936106000845,-5.41168359623725,-6.3964341451765,-6.40664261336951,-6.89582170527183,-5.67723161923823,-3.59915360812511,-1.17162047055535,-2.3789865892436,-0.0235200992701721,3.44268425425844,-5.51000565739014,-1.31191568895338,-7.99595948353135,-7.96315881545343,1.3665492567402,-1.61267946905764,-0.855816297912952,-0.869060155892385,-4.74799788380415,-4.99810566661199,-8.53502778100528,-7.68965787721527,-0.28803459866549,-3.89525483481066,-0.751550321869672,3.07087142642695,-5.35750956664742,629.651384623183,0.896233803874566,-5.77315073377258,-2.5296223884834,-1.48223466366062,-0.518406625504213,18.2493801442592,-10.7294637447258,705.421351331167,-20.0122201745412,-3.52530915474472,-1.20682864638229,-2.50867200146149,-1.40127554680703,23.3917570037861
27,-4.82588243901955,-2.83003867252773,-4.31211474553447,-6.83348905802677,0.674554807072582,-2.85279333730114,1.3437573701658,-2.63040201258173,-1.78995430676923,-4.17512103209629,-4.47682528488667,-2.78294581396949,-1.14348847260999,-0.393820189307462,-2.53293863833733,2.40116865358232,2.58076057576545,-3.76992197224126,-3.33803399470798,-10.8871416109223,-8.16777249175948,0.175110411195874,0.623465617396505,-0.683463298692004,-0.250935547748213,-9.53822034772884,-5.51214521748898,-7.08713314136412,3.00945837819836,0.323692845387541,0.77652785606233,-1.27147806913808,3.43845130449563,-4.27721901138329,2.31310801329346,5.4910335921777,0.246946259086599,10.7920331917444,-1.46309477815748,-2.48428606520702,0.573434585573523,-0.633139055221818,-5.76818598467707,-6.89819876286492,1.03642757171883,7.55896598548634,-2.46121429343839,-2.96888001153411,-7.01840211649596,-4.89589043922933,-9.59364920416419,0.529542167465934,-2.42414411298705,-0.26779911689755,-2.19280799340413,-6.67624774477326,-3.11645901638303,-1.66663847370182,-6.63242102885897,0.0297355797401906,3.43858683999451,-0.00511379439012671,6.71367999728363,-13.1627760637257,-1.6596899364381,-0.621090974893832,1.67369642702442,13.1004999885795,0.588301035408222,-1.18587833727406,4.91973827345737,5.23914537656401,2.72950383184798,-5.15470632182632,-5.50995450227992,-6.32899844751182,1.26907430651772,1.64424330381507,3.67791609439746,-2.52750915567731,-0.321855446554309,-3.78308844892763,-4.51740482700507,-5.70733929094195,1.73811766896597,0.73347387140484,-1.8809132752699,-1.26985591087259,-2.10424225228689,2.76709883005651,-4.05385173169134,-3.42024424207148,0.171633987997666,0.426798787130338,1.63477292420839,1.84306524313024,-4.90297214808561,0.511348290085152,-7.23490732067603,-1.5297419116846,3.31874061756162,-0.0554827497367114,4.18441030510348,-0.461412687919164,1.83167785060368,-5.32737902970257,-7.83872225099185,-6.40471656597265,-1.71264076833177,1.37282425819649,1.21530851154557,8.04193931472264,-2.10724116071742,878.675159452833,2.24407230437009,-3.11314359974995,1.75421209758315,3.0389584009954,2.13463821895493,33.2903637072413,-4.0445968871486,973.715041392895,-15.0309674565924,-3.33208500453065,-2.67683039738631,2.75955881806613,0.213795252278487,38.8559092149003
28,-0.462506939603827,-2.21246680542708,-6.44848855633973,2.23887059210438,3.14532938310822,-0.60617806231221,-0.244021452983361,-3.19446028493849,-6.29380721802772,-2.48949270021694,-3.19429884662031,-4.58974406548077,-1.23324066912573,1.78389898004707,0.53022473029705,2.28021921732625,-4.23053972810476,-6.55502764024777,-3.92387341581161,-1.99710850687734,1.18287313586052,0.775660643054835,-2.50351600401609,2.95877217658881,-0.672044095986621,0.851401594876734,-7.40299513302261,1.01948299512196,-1.45346115587381,1.15489107789426,-2.35919942005467,3.31417617394072,5.68165360192097,-1.47287438248941,0.322336351734521,-6.32837605705163,-4.32201969203106,22.5698363884094,-3.03592914141882,-3.86808377140869,1.96853225408131,1.16211832867202,-0.519720605052498,-2.66970712423472,-0.633799077739241,18.8341537168103,2.20553897017453,1.69568303413325,-1.7181274824552,-1.12967293172051,-6.26908761203731,-0.679539956953704,-2.49299338113133,-2.15077515711164,-3.24095821785113,-7.88592613086939,-2.28665560296031,1.88267287571489,-2.40565129010974,-2.64024805702593,-0.408228340000278,-1.70660402405929,0.946187647472925,-7.37502640463799,-2.34201652001957,-3.85365806391383,1.12802928297879,16.621083132271,0.812742327076649,-4.34030807861564,-2.0733198103153,-0.595668650734751,-7.31837633211489,4.10602581452804,1.09262850572986,2.06869773701965,-2.78041649560191,1.21386252312186,1.73652467169131,-1.92895584996495,1.25223468535523,1.14377720962921,-5.34613203374602,-0.405116368721337,-0.0140067995484969,-1.9015974819099,-2.10411747480202,5.00559841740642,5.37302646313856,-4.98308695286005,-3.82853664793402,-2.02611667618839,1.88913232247978,-0.348108485213743,-0.682816521606583,3.75180833237346,-3.62291085758488,-4.45398037903215,-2.23218785662084,-3.66329581432183,1.94300850731543,0.679692155248631,5.3047698263872,9.68166024547463,1.25785284914491,0.339412954048839,-3.48421526748325,-3.74711236702115,1.67502710347208,-1.83302878508812,3.03614524249906,19.0408160080992,2.98689600701982,1118.67495875344,-0.622785152806046,-4.40887560928604,-3.09422629088749,2.26944779374571,2.15871076140138,64.6015969078926,0.539760119258062,1231.53367218868,-11.9091319842159,-2.94513285802714,1.06803283042245,0.322004868000931,-1.95553978042017,73.6813076163421
29,-1.28183487811248,-2.69269520869784,-3.38741619972006,-1.64493134684426,-3.03307370596303,0.844493661087654,-3.16370116889539,0.0923335436218622,-2.90641034986902,-3.57014143606239,-0.966462014040189,1.1640656939494,6.03581866742388,-0.47357575069509,2.30823800473081,-1.45073990047649,-1.18770740598484,0.031704862573406,1.52500798241317,-8.88455655907774,-2.00444374636845,-2.98929100359328,-2.72893316392265,-0.844597100823648,3.32878198295202,4.41903706696849,-2.18188951894308,0.0417159176477071,-1.38913795760573,0.123005931876378,0.0840141567678074,-0.887493758574692,-0.290388297828031,2.00027372213435,-6.39397870752418,-4.4349280631327,3.72911511152734,35.9791732413883,-1.45855499664549,2.11631311012343,-1.91221483646495,-2.01507780283828,-0.822052599703511,0.466678641905219,-1.85557279003751,32.0538647880967,-0.136377785255718,3.74017374939876,1.15195287037568,-2.92170312204144,0.534007825325716,-4.92669310854581,-2.63574451579825,1.41755391033303,-1.00538867140631,-7.33054267420175,-1.13635977616377,1.293862649532,-2.43604789053688,-2.07847769891168,-1.831092198448,3.57748860718584,-1.9838719755121,-9.37084114569325,-5.71757470258126,-5.14194021057165,-6.20631459359674,25.8054983433171,-0.483819576683345,-0.312786512199182,1.91296291257822,4.40101225941316,1.30952464630082,-1.196202012301,-1.98158765157496,-0.814236610338412,-1.87883117749107,-1.33762229397053,0.923126099911315,3.31292944057805,-1.65776143777202,-3.49040462477797,-8.11760546283676,-1.29767052989837,1.16217541444166,1.04298289195049,-0.873591237592336,-2.67871337657925,3.46211922071234,-4.0160694495562,-4.07825907910319,-1.68587619740765,-0.90389223724469,2.876841321558,-1.59545920557457,7.01208424897322,0.375256807721598,-0.337426038780904,6.6337271391626,0.469914569092452,-6.78263768651232,-1.77483032232112,0.642087921919028,14.3898214820488,2.5547188739215,-3.83934584040526,0.637712292980723,-2.4962736336297,2.45234000717528,-1.4969755698362,-3.13248062301864,26.1743039538214,3.93807116100879,1325.62691158039,1.94513852196451,-2.87082158418752,0.59989084329618,-0.964541092765558,-0.870065379895095,124.159383057875,-3.73397580868732,1448.60450909591,-6.87745544947666,0.589387858066857,-0.282914900184551,0.648968651265932,0.423683859505218,141.941724833048
30,1.23620444694961,-1.01063668488996,-0.596702825731882,4.22102676035684,0.174185512442364,2.52984657294792,2.98932437596977,3.49710425249032,-2.51786453416662,-2.14254376341842,1.59279871728586,2.11314831479194,1.5755803962079,0.0844160677561376,4.36764856037189,0.130315286958648,1.60015883608457,1.60283826866635,-2.96018577941686,6.62603423046949,-4.24056013755444,-0.867505543199513,-2.00242969945202,0.119528464033465,-1.77136722284104,2.77648593357071,-1.25918897902147,3.45849348574166,-1.40234154535437,-0.172167595528208,1.87905730372768,-0.750147087564073,2.71790196287111,-1.70015130001912,-3.82298273278229,1.723103456839,-3.15908152576048,69.8352231042577,0.326068161052717,-0.903246882693111,0.113586891299292,5.32847618485266,-3.66168090575638,1.48383825703468,0.576445407531537,59.5662634780278,-0.520754345330715,-0.857175441057279,-0.642466989554123,2.34243301211473,5.24162707347932,1.36997536896251,-1.02474558945551,-0.0700420511393531,1.15329663532384,1.2789272905984,6.8553993656169,2.42763108243707,-2.37037972462576,0.343720923585806,0.646332352907393,-3.19001972702335,-1.31276550609437,-4.60883366432154,-0.0242025071061107,-2.25171322529468,1.56062098017264,-15.6914904078462,0.473919277907498,-1.19980099003897,-0.3446945131127,1.35040622310044,5.34249397580516,-0.665076272196075,-2.0374857298516,-3.68804756715872,1.18736885578846,-2.8607974939473,2.86738649498739,-4.89429821135218,-3.5827465847733,-0.123855807603832,-2.9128479345859,0.971324621459644,0.591419324458002,4.29450210613277,2.66461539766715,3.03549012195617,-2.43832687301528,-4.91338071972905,1.67524624480438,-0.587145679480727,1.9198652434593,-0.155906806176517,-2.28031016957675,9.86354048652493,-3.29058669237156,-2.98798568318307,4.47853947096883,-0.632352992834512,-3.4041316296134,-1.98734506635583,-0.0215929927653633,32.7050974040858,-1.51885272634809,-6.8574833876969,-1.73941167243129,-1.10256548710777,0.131883326570915,-0.44733820335523,1.23633225079402,44.2807233699123,-3.14837826595294,1488.24848621636,2.52234504209127,1.41532768436991,-0.403497469460945,0.221290903264617,-1.08673513420035,247.892256940961,2.69174628419205,1621.18092250989,-11.1972408393258,-2.19315282058096,2.20502553045844,2.55349699705039,-0.791596102583298,262.538912743268
31,4.45679950396107,2.13712811348978,1.02429015478674,0.72224682513297,1.83791325563925,-1.60805437292584,-0.653566751509516,0.135406830946977,7.49898235344426,2.61183116914162,-1.35147133953069,2.37576193846053,-0.201235404418185,-1.13795278070529,-4.62727831356096,-1.69018058491883,-2.27765742740394,3.89339157452423,3.0735446216554,0.0856745480214158,0.719360295790466,0.714440001392632,-0.562657133290031,-1.52007285671743,-0.232911970500027,3.52763567415741,-1.05400142230701,3.57027511305114,2.16691296070212,3.72823994335658,2.26869406429614,1.75378707737536,-0.147650862897535,2.02637479229134,-2.03003867523694,1.58907632075352,2.50716796639836,130.734952752207,2.6625421560193,3.36633468925629,3.78639006225285,1.17415684742082,-0.828530055367082,6.00147425692057,1.58325409366353,124.676997778444,0.993835534413392,2.11841238623356,5.21820244111723,-2.24654390407022,-2.04961555317414,1.02399044776257,2.11805431482981,-1.0015288290233,4.23873391366033,-4.26083217829455,4.59609405685887,-5.63768855003036,1.38886913734541,-0.506965501139348,-2.58319533236909,-0.189663232480598,-2.32329913586455,-0.856831133457035,-3.04759518086576,3.0295201737872,4.25927635306789,-15.2677981910106,-4.38013574813886,7.62601759923018,-2.1062219271048,0.166055418225824,-2.29261506280773,1.90387043455576,-0.196792387082496,-0.717325583651927,-0.725217578674801,-0.0478293800124447,0.0916982074804764,3.10237245491726,-0.0851100649238106,4.61402874984105,1.49950039524902,-1.95900327701702,-0.629893324004115,0.319075742649602,-1.17194004801013,17.7680317593899,10.8522611287108,1.73193325107422,0.345624390407465,3.36269907721817,0.20633820344392,-1.21296111047513,0.152172032794169,13.0106468643771,4.63474643288964,-1.65347578848014,1.83047902682983,-2.12471228992626,4.21348054450254,2.22568934969422,1.87812617848749,62.179103146846,6.29194057180439,2.74417245115319,2.55475324256076,-0.890151314779359,1.40362583472734,-1.70289345077481,-1.51014668570087,81.5668861401323,-5.08662597993725,1604.73913269281,0.268016282724147,-0.137448035095531,4.06270121696798,3.76625935204538,3.7108452155785,426.290896127352,8.65753892976136,1738.2611774433,-2.90044562672847,-3.71343282308135,0.935263460356509,-3.25911838581578,3.54488846028744,462.011743946774
32,1.50055499874952,1.31449187259477,5.00304491705856,1.03218732376672,-0.14073526238235,0.619622320170492,-1.52786332193182,-2.160790190846,0.946434551885432,-1.39058313523219,3.38890575383039,-1.62517465462588,-1.73736574865779,2.59413874904294,4.11109612092832,-3.87846405186383,1.19008389728788,-0.861593227120011,-1.75147549929397,4.92560212818853,1.80491746424332,-0.234431367679008,1.8157460918278,0.26310713078783,-1.93604886782714,8.72088813804794,3.78090488919588,-1.55303520852385,0.0244986058496579,-4.60268949058491,0.532429585344744,-2.17167087980033,-1.23563850207074,1.21211909290241,-4.24952870261905,2.79030049343191,3.41901495652701,260.434537945639,1.60196674205372,-0.980482364939689,-0.791602655581755,-8.13389808916781,-1.58265588767654,1.13642616169318,-0.711682363981254,244.767257985291,3.81503413697374,2.23748413145813,1.86536589856723,-0.0940191795452847,2.0522833973755,2.7405369921712,-2.00657738877817,-5.50778519641608,3.62603722207677,2.06838474063989,-2.00997843549931,-5.75036865525681,-0.203413533020921,-0.0479599183145183,-2.91026232098966,-2.37527476976584,-0.751233110360317,0.820584850557225,-1.10039210407285,2.21643126196477,-1.41044012138491,-17.8003539336196,-2.38961038561001,1.17445664946081,0.397808840782545,-6.94288250401996,2.41636738611487,1.8802083128121,-0.657517000332973,-1.24398129995052,2.57709247392859,-0.161674754246633,-3.49467716012032,0.223692511064655,3.31379178872794,1.51223837906355,-4.65501129474887,1.80341316073873,-1.46504151744602,-1.59207889796198,-4.67987952239218,12.8001672052092,-4.38750346552933,-0.609845197920549,-2.16940213990893,5.38289312374263,1.34166842110199,-1.65673027563253,1.32258009178622,17.9102331345407,4.74455123163443,3.00713078377885,2.50382369475801,-2.71460076204767,2.0756208638827,-2.05840188662205,-4.69159379420307,131.964989660903,-8.94078225762496,7.27326049126305,6.00050215802139,2.02148004521268,-0.733869936736937,-2.86598791321876,-2.06039840528183,158.670424559829,-3.69697517270606,1683.24111130925,6.00670207262874,0.472798524762311,0.688829662170519,-4.68984910868949,-2.33273673547956,660.681564066675,-1.32232727852261,1816.52191861639,0.5255949575062,2.55467733543674,-0.199313187169992,-0.835964353871987,1.69523600823914,712.780674133191
33,-0.714407637611657,6.8435735267708,2.56142054372958,1.57363743597443,5.55957120916901,4.63956962735165,0.268760210824439,4.78137415345373,3.33536962614335,4.22739103387266,0.118286655078464,2.82544101056783,3.1544515363903,-0.525130975730463,3.66083553145972,-0.303724300827525,0.906803204183689,3.86377801605295,7.22043459087354,0.76075254733405,6.82098871473545,1.72332907964892,1.80794737238648,-2.37095943972872,-0.0083027355062768,2.93979324973861,4.69282443235943,7.44804926938514,5.87367901989228,1.58335074443175,0.380200071480886,0.152986776002763,-1.332513950661,5.40239717209488,3.549627513833,-0.294827354865447,-0.41033054690979,414.082652141505,0.659204724460778,4.78163541325739,7.14400450239646,8.76090580929076,6.50319090551466,5.44152087396287,3.00596589638872,392.856380773181,-2.67234893878049,-0.828323115031708,3.65702410778385,-1.28382800700592,0.0291033617472749,6.3854038621439,1.00873610871213,2.71987558904266,-3.38007532715119,0.504710786884971,-2.04333481553977,2.17682565218911,3.92544063278137,6.78093082575151,-0.753000265756327,1.68755503787725,-1.39613943413633,9.42122475719225,2.13917751706231,1.74491416089541,1.41695829046421,-14.2813273808738,-2.94334349965175,0.548546605220508,-1.15189737045102,4.04590070797667,2.23314828324374,-1.09098592340615,2.88055237091021,2.17537452814258,-1.24962728818582,-2.64270920367971,0.958958924320541,3.17901841892535,0.822645311440283,4.58278265065474,4.58312231751233,1.8184446055634,-0.98338856519149,-0.687793451464131,-0.312890760197206,30.3874683417557,0.38054436407856,-3.80693525978677,2.02595160885585,2.9890796419063,-1.54312265735371,4.48883602754131,-1.07532353037323,23.4016289025599,0.793452688888465,4.87143659970434,2.13676038680023,4.10861717310536,0.615268464785458,-3.45454672689766,0.170186585049578,236.542545864052,2.83916939168876,2.78735352498643,4.37948721135217,4.12280701280952,0.994237527464975,2.533076736368,0.502858908807866,293.658981089508,0.337658308761092,1731.5347303265,-1.62093253006378,1.90299920350208,-1.73058302295067,0.5256908365036,1.19496115109678,892.137909081337,5.12213346823137,1866.00673262755,2.45229029814436,0.0601808528817855,-0.864783711509972,1.40340648817801,0.774894334751025,958.967828652359
34,-1.83639106276496,4.83226642073805,2.20804845692146,4.87372856692627,4.47746323800402,0.199302062437255,1.47052864684383,-4.67002939432359,2.70362746310639,5.37875721862338,3.00787349703796,5.07842943387914,0.0407085292513329,1.61055118697914,-6.74231647659462,-3.98282374670953,1.86592503954625,4.11510015365184,4.69477559894267,10.3097538358425,3.57072430694143,-3.70922910952186,-1.85160421516457,-2.69996052671922,-1.48950292106611,0.33065661308683,5.30990349718286,2.90898566960459,3.06388219108067,-0.985900813145236,-0.809896085713717,0.078278230838805,-4.1750378994866,3.23939122282991,8.65967260746356,-2.18669021318556,7.35246204565738,587.296209914757,-2.65444577137896,2.21413768551793,5.45691530293425,4.88292955633142,3.71285484004102,10.5596173536942,6.23041551034476,564.91666572757,-1.12153948146579,-0.157962101709018,-2.66973286089615,7.10881910885746,9.73069134453999,1.32050035496923,0.433143118253156,-1.4636673267205,-2.77991073291923,10.1369671117518,2.75642355222271,9.46145830986461,3.47579294566003,4.92253874906783,-0.323106652733713,-5.46917260819828,-0.100766322446361,6.19827599598511,2.97232438959736,7.91516492140772,4.49517865194957,-16.3054571789639,-2.86485083107391,-2.3533718180056,-4.72714662185172,5.21847242693411,1.86674944567949,3.3854248454204,6.1503247150913,4.40639029605245,0.635781573536406,-0.537670406360576,-1.36824519859056,1.00740338701416,5.2000804228619,5.36809097144351,-1.54768578702442,1.10845449894668,-0.102848341546633,1.0673987626551,0.0646944943227936,51.9018482991419,1.65603787196369,-2.03911584789967,5.03266169194603,3.06506885010458,0.99299277921682,2.82197245024554,0.772339375783758,41.8206123015557,3.84283636458895,0.461841018630821,3.31742045053579,-0.177229881616313,2.445537169614,2.96116510888714,4.50035526166039,406.464306249663,0.879279947493615,6.46993533426894,4.41954424036976,2.64492560896542,-1.29723292697008,1.20105253669226,-0.0896674434593479,494.765901143777,3.013364709906,1764.68968187049,-2.52564895269643,5.97316080702421,0.845402564244068,0.799630004595656,-0.281836946557178,1114.37876983295,2.13479192395198,1901.35962398494,3.52339514760251,-0.994540153203616,-2.0023028405999,-5.71912952370712,-0.430910545314418,1187.71816058659
35,2.11826399155507,8.24292664648465,6.24027946745309,1.95528607919641,3.57857865748656,-0.047264212112168,-3.84017058203381,-2.37914098001784,2.84883522668406,2.73517968663054,1.02993646203822,5.76462349780104,2.51707837392405,1.23996482421899,-2.30467375413855,3.32996591509391,4.02554782243351,3.53193095265533,9.73147144080531,11.2683956025871,5.26609102943803,3.85925638748813,-0.699943471114238,-3.33819033450573,3.44744683895533,1.17103360530609,6.46348110877079,4.58605696258337,6.71777253238861,0.0319613267565728,-1.17825398026116,0.503551471759693,-0.243917406112814,2.51226565072329,-4.23246897766285,4.44972823853868,4.39037589359259,751.808563960967,-0.615834962820827,-1.65839379952877,5.32445296205287,7.05659661869367,3.43734986492609,5.39144453619883,11.1464090323934,736.605897079059,2.34409341103174,-0.0103771272088125,-0.986036856636474,6.37148847729941,2.32623267879353,10.735972633689,-4.13285479165734,2.11207962867275,-2.3058130122522,15.082476135628,3.37791839829106,6.70137326274926,8.21185723075541,6.24518970653162,-1.08692883882622,3.35963588881259,-0.746529948038187,15.2702625151587,6.8843381808947,6.15767466698799,3.52073123529135,-2.47085755316721,0.689797288580849,0.0383104687512059,2.31706159055693,3.02347142980443,4.90377749942263,4.28779727315532,3.33438514763293,4.39173594652675,-1.39283317630043,-4.17970204185303,-2.90359910386223,0.253685904244321,4.61897858551765,9.11500904433524,-4.78800373581544,10.6498755158036,3.03866028926132,-3.57859767154059,0.591994328250166,99.5743982509589,7.00412195704894,2.1683902285863,6.84831767039623,8.62968776308571,1.82966551973959,-2.08745528373129,-1.63958500944,77.9011754529342,2.95875232403205,3.82189201370647,3.77244738194577,8.22378010674629,2.14084804921231,0.0332026025648702,-0.325937704329135,602.073381133429,3.80214847297793,8.2924163718294,4.31662230419806,7.03672680192403,-1.37954632889887,-0.473034914069558,-0.104729861643136,752.072714563941,4.21681962482671,1786.43423955639,2.0542186540647,3.3788551489256,-0.852210432155971,-0.52131435964202,0.106805987628832,1300.52481232918,2.05482196095818,1927.68877819565,7.18034084242527,3.08515870001247,-2.8782983431297,-0.412008317881373,-4.67762496035402,1372.65439745198
36,4.77479851294993,5.45296302947736,7.85211579405041,8.12848973781274,4.90971038456155,-1.21384732068418,0.321547117348018,1.69342476952079,2.51478467200013,8.35957956781249,2.66507516996808,7.63688641985755,6.15046075895452,-0.289926702636421,0.311038510995786,0.744949157238352,0.613134752758924,7.75573428040207,3.21857318159937,0.911764435270925,10.4160764655517,-3.09122880165933,3.07919258854054,3.30770463954059,1.72965344965996,5.31321242637796,9.67103320521437,4.95015708046367,5.8017413176467,2.15689362053126,-1.71122835374354,-1.44379376430379,-4.01495665378525,4.13306835195272,11.8060875593778,12.1527200514979,9.50354507397742,885.098589597173,-1.05690140823799,5.38261937223797,7.58884234141897,7.48103812721729,9.14022942238444,1.33742542553182,8.06932930189896,881.123297021863,1.11096757186579,1.83996869089515,5.34208153683403,10.1208792106218,5.68467580666038,3.24698530830028,0.132558281191905,2.29737337171764,1.34905813644082,14.4778663169977,7.16053404330978,3.8637485185709,9.14792394918368,2.58072637634314,1.37358612477965,2.38263538481897,5.8039409783355,11.9441323711326,5.72182804696831,7.27448100165884,9.64159787058861,-10.0570856140807,1.00729274587184,-3.7580195511091,3.94914414702589,-1.05805645904093,3.45382057655206,3.64664948952804,6.90711999289579,4.18773420858088,0.562992719843805,0.656337836926014,-1.68699041793934,8.29122196997287,4.12685130795126,5.49955739051393,2.92744649390079,7.49278592834935,1.51750943367415,-0.437199052381857,-0.016626092662591,179.116498064593,-0.717086819104225,-3.34811264182099,8.37448400898165,5.69258227065848,-2.25160439574529,-1.49646853138665,1.10150542722749,131.662048323069,6.449399281762,3.8671875175296,4.18416618505671,9.10910356050454,-1.39705564472797,-3.21632574261548,-3.33568529706736,796.232022313776,10.5417963485575,4.47849714167205,6.81277721853985,6.45092888337103,-2.81538874869693,0.911959648060474,-0.099599219191532,994.994509756662,6.73039870238517,1801.65948320406,-4.40792848985348,7.25959085101704,0.346291857526467,0.176141035929504,1.17837729260827,1448.58556771195,3.50547227316201,1942.63054178498,5.74751302641334,-0.984250498043366,-3.19292341315713,2.3772798148043,-2.56761942699541,1516.42482783123
37,3.3098576944235,6.14189477465288,10.2101321107566,4.58786696824882,6.68177644189927,-1.58672175497077,3.58396992753751,2.25883971499707,7.14155640469971,3.07961205554602,4.09231319313858,7.35323173338475,5.74447505761918,0.413168542409949,5.41828031276418,-1.10451411099211,4.6025673183035,8.62852607913919,3.49974105893898,8.67883130759947,9.03812497430681,0.13184508202221,1.96072166317936,0.220383465920349,-1.97039325539299,10.5870639938053,9.0846500107923,9.63063321148866,6.02406519838951,-1.84489718718805,-0.625077240603787,2.5043366938703,-1.12349950728549,7.21765240338073,15.2215381455994,3.87976580105533,3.25254207443277,988.11273792885,-0.226334274951114,-1.94831039354176,7.8787556299626,11.470378064032,8.79909955683615,5.14723872250306,5.55633828800546,995.893430107024,0.384213470254963,-3.8072111839947,7.99862752292529,12.2233999328669,8.29040172628584,5.92137996513293,2.17272268982833,-1.23671651586574,-2.69692655063773,14.8661308823143,3.8390082352671,6.83279590983557,11.2828820602381,6.01063516305794,3.18999951126307,2.42842188123996,-1.02292321332106,23.1658208655786,7.62949311489137,9.5014665585627,15.5807326434428,-7.09733800105369,1.37418578475763,-0.0480688899870074,-1.33331951184209,8.60134466617819,8.66534770146836,4.61391891634412,4.09748685317982,11.2273021207584,1.42866016932703,0.855910920699898,0.767950183500488,-1.83505734704795,6.88773885227329,7.63807604634212,4.33045803109326,6.08967790492989,-1.60672038470057,-0.292286487592264,-0.0838162463574008,274.27084089354,2.14066236795679,0.410623601133921,10.1823441671436,7.3416578512647,-3.49707641539544,2.40752138157177,-1.21561358179224,210.222500611177,10.0428377301619,9.63684948838272,9.56192948019316,9.05988685787133,-1.57158170198318,2.98708360601859,-2.2422825486974,976.966792388966,5.32574655956205,8.03699813388494,9.78983335822522,10.097515625931,0.330439116184152,0.330405783082824,-1.50626280370079,1215.21366889841,4.8905907668277,1809.70959933146,-6.04489846327215,11.1164047199272,2.72705380648586,-4.15077028792211,-4.07835505973026,1547.53451488796,7.21997395641756,1951.45201935104,11.6432916178401,1.42400441242989,3.2200378646844,0.581585722784439,2.19858234055755,1624.69834185665
38,7.52953468228316,6.65464177649119,9.43262634238954,9.83556319612671,12.7973720628165,2.5711527075282,0.992901622254976,0.943034283804991,7.11022195669466,1.94505849437928,7.07941255779315,9.78179650965421,8.34943690979935,-3.08830916034776,-1.93527330069719,4.27772674876815,3.3897710544552,9.01439742314415,6.76713068436766,3.63098851060613,11.1742658298926,0.972209040846337,3.18497405593189,-2.57072684573632,4.61025152844786,8.60466549319517,9.45566262846205,10.7938032923284,9.85862847935368,3.1262997440017,0.850799316162465,-2.37678137191824,-7.55824853440026,10.0016967345673,9.21037568801194,8.04879659767084,14.5391134185006,1063.77217312645,-0.593761522090972,0.946918325255865,2.84065837855132,2.53691490195524,6.4447910508834,6.43732702363559,9.47562486197057,1079.45750757765,-1.25335936393458,0.961594007877011,10.3505383325892,8.39841543142893,11.1384533767164,10.6362849263601,-0.961533873734425,1.13299280973433,0.433003135177842,22.1861586314894,-0.681050862950997,9.44881547933437,6.96921396958942,7.45158155736999,1.2084696877796,-4.10696675178997,-5.3461152980135,19.2906587241328,9.78912902767433,9.58009614102957,8.90632085314473,0.241962629067075,0.804699355206139,-2.36568245183526,1.40029101654955,1.69491006808357,3.56877577789055,3.73663057338354,12.5223519941455,6.50774135245592,-1.95608020135796,1.22092673086627,-0.379307229346068,0.610040368439059,2.64988801913614,11.9762706340848,0.546081539363058,7.84158876919855,-0.114919008582092,1.31929463165352,2.96602681904687,382.862110885635,12.0025765807532,9.37134683002478,12.7211750751735,9.26125936636981,2.35022622119277,-2.15741274463289,-0.371117329350454,306.891118201059,5.69873685418816,9.69059833933989,12.8598934877054,14.1706318082843,-3.30686385906984,-1.07385574302907,-0.15122055165557,1127.53533815797,9.45751400668814,7.42385523131088,13.8339925755245,10.4204856150295,-0.901053345666696,1.58859707519696,1.63241859987784,1395.32076069283,7.15210974520414,1815.14509296817,6.12686126861263,8.86872681917475,-1.43688514573932,-1.3033485866722,1.46143465688601,1620.4729948813,2.33836175254419,1955.61543467314,18.8657402994681,4.77023767090805,0.58705112231155,3.88355687731564,1.91083255102239,1704.48311135187
39,9.98565106935212,12.8032101282752,11.1803584414374,14.0385240589303,13.383092139411,0.155996997911643,0.277948884267971,2.28232338699718,9.64945284109626,6.02044244514218,8.03604565725846,10.7968773563484,6.86894168197023,-1.45974076620541,-4.33972657354252,-0.709760060460212,5.19779805963844,9.93613228646245,8.39032459028886,10.5258412666803,11.9029166896453,3.12546249378056,0.453447645768392,5.23749830499673,6.14786767793294,10.7424735604241,8.89286418708753,10.7947998058439,7.14541527970823,-3.33430453500705,-1.41556736572102,4.69938039138242,-5.69167768541911,9.68215618396925,15.0727895834921,7.35838260704713,7.43149599068738,1123.0442849977,3.49050270910175,0.71722502211378,6.42880241933699,10.8947991583668,9.21207185657295,10.9797991590985,13.0153903188771,1141.99220605422,1.81010665271469,-2.35595445127001,9.46628231072737,9.42924723556735,8.13913534415587,9.20327670858433,0.0316355645513795,0.424218024274978,-0.864423955169059,24.271208310678,5.81192173230374,13.4291596436587,12.1957313997764,7.33814471726691,3.85898335454704,-3.70535282978335,-0.738954384407862,24.119226979476,6.45494890958435,8.99352249384492,8.68619436309882,-3.02697345976594,1.63246898563921,-1.16485978722494,-2.50604616757255,8.38558266572318,17.1619468305994,8.39178656858985,13.5487598795589,8.88673797139154,-0.517693721244086,0.442731388287029,0.0707117288420704,8.27588404228982,6.35799135194293,12.6881434627248,3.88260099935223,8.23819241643423,-1.23280359673254,-2.84172181012855,1.98165713421577,475.950356403123,9.47092375875945,6.62272118808914,16.0677306157104,10.9262124094494,1.1689102064729,1.7780227260705,-0.388296491091296,403.819151431452,6.2078510749343,13.2755691352741,8.04104949909515,6.88189734130901,0.907876903644592,-0.151945978947879,-3.2620182914643,1252.48751369478,3.49559418548597,11.1275090552522,15.3215185052477,13.4556925905754,-0.959950098272657,1.15581616711506,-1.34758387678949,1539.3414346474,12.1541249803745,1819.56858926544,1.03388868989941,12.1420603441766,0.0650286221384704,1.13301299360501,2.67723112320755,1672.22247718278,13.0829965366283,1958.4806846675,19.8918726333841,12.0570263737341,6.59004953891099,0.427345699996749,-0.317312252763713,1761.67311684406
40,3.9016774418501,9.11708590009448,15.4122031554266,12.7454885789075,9.97611123157276,0.544881675232318,-2.06579545106752,-2.75981038751661,9.73491884066334,10.4705350870636,7.63768070163906,11.6848208416368,11.1803067609671,1.04367049670918,1.46805382673892,-1.15449304604772,5.8820634473218,11.6911612448553,14.0127279777316,7.56963026133508,16.6002885531616,-0.280565345310151,-1.40219001565993,1.62653545476542,10.1963143032017,6.85385894656156,19.7635656622747,9.13134325769533,12.9731126052002,1.999678576728,3.77922918472177,-2.23782434810619,-9.3143218980963,12.0794825555263,11.44728961808,15.3722906003168,10.1933299228062,1169.36570786219,-0.62345184271544,-7.23694605075752,8.08188924746401,4.26392020174808,13.0443422359785,9.62515040617745,11.3698253414518,1190.10066140021,-3.11949219172038,0.842758443804541,10.8429724386046,11.0712072627748,3.55385365981738,8.87263866088597,1.93298680147655,-3.04386366861854,3.32866020799065,19.9773350059318,12.4899974182922,9.63220587403657,15.7699421671891,8.7286130477296,-1.72808465164326,2.54195760915673,1.80494765381809,26.8300607599463,14.2951838384624,10.3800865908402,12.6979084443587,6.73565392016599,2.770993841375,1.05050943425067,1.66995438587719,8.69015739548104,5.80405642104824,20.8389554963528,12.9385402561456,4.05781335900065,0.72210868643424,-0.997364895934879,3.793578716718,5.27677971044886,8.11439962646364,14.0225895113017,-1.60345901354412,9.73563169121871,1.55814865203729,2.49925026080336,0.0354095462280384,571.774892669909,4.97260679186775,4.28424954351703,15.1225366891954,11.8915788627633,1.30747967295565,-2.31222322096119,3.10282799967172,500.327092982835,6.24456977197951,12.7828545316443,12.2125898091795,13.9913887638781,4.10638745522647,3.48076715907746,1.3303753565101,1363.79675640112,9.09953262147428,12.3605219786136,13.936094412968,17.2890004068258,0.9069564465658,1.81448122721531,3.29282470344924,1655.59330858567,5.88132366528635,1825.13322577055,0.996511256319536,12.4612057089516,-0.40870523186004,3.49634788457251,-0.000398885371851065,1720.09064422407,5.55860526472725,1961.8278362864,24.9292333736948,5.95957484070914,2.37049002052026,-1.21735708237111,-2.82466863587933,1803.4545151186
