Cycle,A09,A10,A11,A12,A13,A14,A15,A16,B09,B10,B11,B12,B13,B14,B15,B16,C09,C10,C11,C12,C13,C14,C15,C16,D09,D10,D11,D12,D13,D14,D15,D16,E09,E10,E11,E12,E13,E14,E15,E16,F09,F10,F11,F12,F13,F14,F15,F16,G09,G10,G11,G12,G13,G14,G15,G16,H09,H10,H11,H12,H13,H14,H15,H16,I09,I10,I11,I12,I13,I14,I15,I16,J09,J10,J11,J12,J13,J14,J15,J16,K09,K10,K11,K12,K13,K14,K15,K16,L09,L10,L11,L12,L13,L14,L15,L16,M09,M10,M11,M12,M13,M14,M15,M16,N09,N10,N11,N12,N13,N14,N15,N16,O09,O10,O11,O12,O13,O14,O15,O16,P09,P10,P11,P12,P13,P14,P15,P16
1,1.26639860236173,36.8367491872364,-0.267735424668444,3.5456471434245,2.04843493278713,4.46438667400344,0.358013929156641,-0.532759428035206,-1.50342907718232,37.0637816426188,0.010696978602482,-3.37187170044899,-0.338463249916913,-0.97610193492892,2.809793721809,1.64347850605645,22.8261075032037,-0.128316853088108,3.39238139393274,1.6050353540727,5.78143089658943,3.53915725904835,-0.13670277077199,2.54051567598299,-2.25985988830098,-13.9295705092704,-1.22696215248288,1.26784701940278,7.55227526076806,-3.15669470567127,0.470681374515152,-2.22383511248017,-2.93218123070756,-13.8577057600824,-2.18588634076104,0.0721343984146188,-1.51890532196421,0.861036184025579,1.9909170214305,3.28831906347887,0.259911087330238,1.39326360439372,4.73687613650554,2.9113000489051,-1.84767326213296,-1.21996723021675,2.00742063587995,3.55124647790763,2.55196199415514,2.80098140607652,1.07210469265146,4.11201515813718,1.53147080835515,-0.878455459497673,-3.85556648753754,0.707585098682557,1.82380055981594,3.66794099017397,8.09128513106907,1.94257878822964,0.513447211231778,2.67735767765998,-1.60277207736817,0.40295721898201,-2.03667684840821,-0.24852441571602,4.71018603456605,4.6741004100104,-2.35961998709627,0.845467275930787,1.07173349974119,-0.613365669614723,5.20487896206168,3.14890447281186,3.43321579034273,-0.820750706021954,-2.45449699049732,0.584749596680012,-2.69276337389147,3.11380049761556,3.73713980585671,4.53532900033679,3.21461110044675,2.25871065165575,-2.06358554105736,0.854214591183336,-0.51837133096933,2.79225274334885,3.31010685118054,4.4478441464762,0.139757616543648,6.39282448353379,0.338416290470377,0.34080542038555,-0.099386604225856,1.55421407851009,3.12700773515917,7.01450060925345,-0.32964823516113,3.46455863925894,0.5965188543164,-1.96842458790661,-1.50304237327964,2.60779244331525,0.832718060031766,4.21402178100197,7.47771626323265,6.16654835387726,1.46959060290601,-0.927907134546786,-5.02069845570441,4.72837360922358,-0.650823536436747,3.45720151473779,7.14328841255019,0.728500262774105,1.67635889826806,1.09790138217159,2.26036558671922,2.12843788642795,3.42943506854408,2.8428720036527,0.822250948705459,3.96713140488009,3.70876481609048,-0.0289107670250814,2.70061945711041,-17.8950474239678
2,-0.448938200958764,16.5689152606046,0.489599020150763,2.09615431976727,-0.894774688125835,1.652713403294,-0.65455431835835,-0.884833949291988,-0.0538234185946749,15.6403341553842,1.22940573244841,-4.25728210565376,-1.69089173840666,-2.14203322191133,1.0078135976978,-0.181481057180918,7.67341495529945,-0.775348683473567,-2.66247954478422,4.17525435614243,0.424273310526132,1.24906022882533,2.49492955416918,-1.83399872769041,-10.6757124622209,3.42853125729516,-6.05449283997996,1.71305487344671,0.450002795458204,-2.84815566537463,-0.516759974211254,-0.989932048926221,-3.44426181781409,-17.6122086548385,-4.23946320438199,2.38893679519924,-3.36405979317351,0.59758105033734,-2.23356096633051,3.71487713025908,-1.13921129567325,2.47298119434799,2.49785928825986,2.01257824759523,-3.22097483812831,-5.8430091518494,1.18580980872775,-3.01578621619274,0.213436303515664,3.0746326849835,-0.392605177325095,1.17081398494474,0.177726924880972,-0.153813063118832,-0.81567853258457,-1.95889675046601,2.23225709395274,3.15796571556257,1.51909994091284,3.28648431823194,-0.0755489220200616,-1.73812398290556,-3.76271467050765,-1.3060283328814,3.88952103760903,0.495736698519977,1.50677947265967,0.0550415456291375,4.40806530349118,-1.21663166751614,1.88726633133183,-6.38535450153586,-1.61383452333666,-1.56547496106214,0.106563704317523,1.06349158838384,-2.96982885118086,3.25543225270349,-3.10755423234104,-2.99507668890965,2.71313851543164,4.36106837333546,0.761871712290031,-0.186938103483499,0.418350546501188,0.342862123225586,-0.862340557169318,0.801121988031355,2.32115583746418,1.27437216730368,3.75451077203616,2.91516688246566,1.25718569149194,3.86189325574469,-2.56827217365844,-0.269149390330313,-2.32788065128716,3.485801212571,0.22110951040213,-5.15827187256446,0.128918367319329,-2.69518919222855,2.05615915290127,0.214895251283451,1.62640015792385,0.624417829744289,2.46042986453949,2.84887578510143,0.6411091631403,1.11738516304058,-2.95853034402808,1.39131592487274,-0.894537285850674,1.24035281375745,0.212591113730014,0.912216537636141,0.261049352895952,3.72111804773931,0.671576256939261,-4.58457125837003,1.75234859055399,5.67579582402686,1.69381144538374,-0.176588253400496,-1.20298274936204,0.0400892204529555,3.39200594364729,-1.27493386845663
3,-0.573233697822616,15.1887153864986,-2.28020804599237,-1.81746594006972,-0.792800035683285,-0.755155050759186,0.0208636178126653,-1.78331366219982,2.07474734640073,13.1238773824257,0.772955084101341,-1.63513628326427,0.142497093165275,-0.972722386803071,-2.88302309104392,0.350852550220225,9.83205485931649,4.46039943224696,2.70618720120819,1.87563145387958,-0.916628813290572,-2.31602074002922,2.46973603716742,-0.444646664538141,-2.94515305453433,-1.06314022542438,-0.757182693843788,-1.76402874120231,2.04316989314066,-2.67315510234221,-2.49141187846135,-5.89816354497907,-1.77641595870091,-4.61726558803548,0.550671198353029,1.66951507666226,-1.41829219649844,-0.709367755381663,4.99950891916387,-0.306189867754256,0.0948143325358615,3.20609850514575,-1.08181256220405,2.66022812780375,-2.5363718840058,0.573053422259363,0.593187057164414,0.460052398638709,1.30404691180001,0.46413672529934,1.49611661537028,0.129126029026338,1.08884841852932,-1.70250850004822,0.405192564031495,-4.04713996197552,-1.82916296528401,0.323930172162363,2.45153492046529,-1.44038605310925,-2.13109472902852,-0.618087765280507,-0.764517251916459,1.05073289660004,0.567172507744999,-0.736519469339328,-1.59409440395302,2.70529014708518,-2.46372600147652,0.172944462915439,1.43062593675813,-0.582460929681929,5.41540150634091,0.203902534914505,0.841583271470427,1.92984786466013,-1.89140462649129,0.933871767680557,1.16186985883314,-0.473543165635419,2.35189115128924,-2.61499677978372,4.10274656479442,-2.41567965528384,-0.829542997431872,0.748055666794244,-1.9733507867918,-1.32529806243201,5.57645332683524,1.1875640965045,2.52510897734419,0.925825914344387,-1.37493683933099,0.292213712495595,2.03824643706866,0.242517627868438,-0.282863321934201,4.35272883377274,-3.64062354306179,-0.00806519045090681,1.55313313801435,1.14173022398836,-3.32776270022532,-2.71364851998533,1.13120179990619,2.81853190721768,2.24593131010579,3.42972108826461,-3.60924806825096,-0.0735781848939041,-1.86259503177143,3.62021038419334,1.20740893436687,2.74224353539148,0.494008111054427,-4.09384377876859,-1.13419392428523,-1.53528725182969,3.82727220435208,3.91750245418689,-1.3329194306616,0.280394421660731,-0.108011059905039,5.85220613594493,3.02325240407208,0.0948201288197197,2.11325360930823,-4.60888060552134
4,-2.95837239701541,12.4010080851072,-5.10972211651642,0.478859666528933,-0.0777739042805479,1.5127293923274,-3.7255895680305,-1.97454698591991,0.251568772488554,10.0518215210395,-1.98031354046725,0.773548437815862,1.26977897879306,-0.517601020979782,2.7365177895158,-1.01848723782405,1.71646958596602,2.67939512333942,-1.31593949922853,0.71997294326502,2.7438148377023,-1.54579474876255,-0.373572314526882,3.21709560631325,-2.28801200509952,1.53332954820462,3.03399814769045,-1.61420699011433,-0.963324805923548,-2.30415186079517,0.299748894904496,0.514540770708209,2.23647360216091,1.79758009722718,3.43779208425576,-0.689706749247762,-1.86351747016261,-3.30512297627729,-0.192846304207251,1.45556693985645,5.03073503327232,3.41470628146271,2.33400931111328,0.111596385625035,1.35878900423859,0.460519095348445,0.293367671556553,-2.20470974505724,-2.54345455070688,3.01127158841609,4.17946915478387,-3.67531120964895,-1.51203533137868,1.14251753767257,-0.064883502907378,1.11865945647151,-0.66090215294571,0.364757463016304,-1.61103363145639,-1.08140856607361,1.50478073225122,0.248955489135824,-2.85547487785698,0.177617532917338,0.69942207332906,-1.1320555666266,-1.41788737891966,0.440870480080321,-1.97678142983159,-1.19275172213429,4.1425132235986,-0.191283647860928,1.49633434446514,0.422444094402636,1.95646970441521,4.53917616124181,-2.66160919064987,-0.425669670618845,-2.56307533676681,-1.78972286815315,0.229949314091755,4.39983471223286,-4.13314243580589,3.95079069487247,-4.77534888576247,1.1009859195533,-1.31047467429471,2.69619643229316,1.10605199156998,1.34040064992178,2.73776336856145,-4.05566542368751,1.9134422801103,-0.364425745744938,-2.14263517045538,0.652222431533573,0.0637196053667139,2.92262725457886,1.767625548674,-0.0785687608859007,0.824690917305816,-0.349692508004409,3.84423166288161,-2.54686684503304,1.62270983375947,3.12050820742024,0.941037473879078,3.9851076427899,0.228045888325596,2.00748854965241,-0.164316566123944,0.667316838428633,0.356603556334903,-5.17432111309927,-0.84390101030931,1.04140432337636,3.91641067734099,4.71163708552513,0.0814649490584998,2.97474876774459,-1.15307961622148,2.5417298236398,-0.342251922720152,-0.271410283581645,0.124512843279263,0.767936430537247,-4.11020623892728,-0.780191095429473
5,-2.70767386005082,5.10928601166324,2.98502679743206,-0.442567934262115,-3.02386616764397,-3.12762238337564,-0.320401252646207,4.63695951677119,0.211129259487279,2.97935968421325,-1.12832342115007,2.39394873769334,2.3281295318402,3.52605972255242,-1.020750850274,0.394022879387649,0.654338760170049,0.5219348648493,1.93119173895639,2.18998829223301,-2.1386326806396,0.054672335280884,1.34320197503621,1.74103809179314,-1.34766175968753,0.683684458520929,3.89844929246783,-0.339676395280094,-3.26632651533691,3.47652991105451,-0.353228170951297,0.28120538343137,-1.2480695289305,2.68785597592705,0.110351833890036,-0.355131995461306,1.3630252111725,-0.00843789766258851,1.21646359393753,4.30281199522597,3.22810146295888,1.14880881645422,2.40440637556367,-0.193717669262242,3.73846503276673,-1.2814309375367,-3.51900985648535,3.66518432694011,1.36306888653598,-0.108553821809437,0.0163844001408506,-2.69070678151093,-2.62321351415903,-0.350460894074786,0.611679125951014,-2.79493104303856,1.18522976326722,2.08814827691776,1.27465501110146,3.87042965382079,-0.657669688132501,-2.85217928785005,2.29257253563173,-0.49949471078844,2.04866281106069,-2.89542983631463,0.234390570083633,-0.513542312042773,1.32123052312591,-0.608380576265972,-1.48982474331251,-2.34579280817252,-2.15283333360912,0.984713501052283,-2.17261896680429,1.66978073167274,-1.54986610139031,0.657033058395427,-0.0772810800331172,-2.53107843496673,-2.0577745784376,-2.31527123809019,-3.56339933446407,-5.0073864191213,-1.46942264042127,1.08342031216671,-3.79945997505956,2.77725381528489,2.06959804576672,-2.92429016670394,2.58506760962246,-0.822089910595878,-0.619416996564269,0.225512587765024,-1.41993869847465,1.49639033034509,-3.33460175084701,2.00048180005797,-2.50973819660658,4.21072607409224,1.39325574435225,-1.63049986588885,-0.676813659227264,2.56311415592108,1.26619093226373,0.148205614120343,2.68492630018136,-2.46384508326901,0.582599990751532,-2.0670322920264,2.14895713576425,-2.70061792555089,5.08749347011508,3.77006481306125,1.60967654000615,3.22032891504114,1.48672890961825,2.74603902896843,0.60131395738199,2.15756192125627,1.96569701739145,2.45435235249033,-0.861312236427693,3.16283088308637,4.57102110717005,-0.432807515025615,1.23796540594003,1.50813688352264
6,1.05978419777875,1.14960696896605,1.91182298888225,-1.54482490453711,3.8692389405137,0.947208550502637,4.52617877279636,-0.000585440815939364,0.155986780106105,1.57692774553288,2.38255503903065,-0.705890330697002,1.56818450397486,0.9388225728826,4.18922452245442,0.0141682966082044,-0.794878672622417,2.4713861720802,1.09215591096699,-0.900316383419067,-3.36010104342085,3.3198844419403,-1.72825135907624,-0.0028439923780752,-1.4172233896893,-0.925583808582815,-1.96935898630454,-5.15332393002427,-1.50531117858827,-3.93004330012809,0.949179864975122,1.32307071935929,0.903738132971739,2.39171223886706,0.783953339271648,-1.06365471623303,2.2573677582227,2.69663633983328,2.25598903611444,1.06782146070418,3.92095964921691,1.73239762520552,1.8217260671554,-1.29774707320621,0.552159117768042,0.191121819142154,1.70857583798488,-2.76605447065094,3.5369083057717,1.8177282228221,0.808989930411371,2.49568365070354,5.86495199199044,1.6331978795547,-1.03912304298001,2.68931101730823,0.917850476221702,0.581761216245923,2.23624031259578,1.5273544662009,-2.48139691471533,-1.55397665315786,-1.80640024961031,-0.402617636221294,2.35644228713909,3.02752924117794,0.347426216091662,0.40239542966583,1.11462973920197,-1.09726417157071,-0.0307997340842121,0.0500479639126752,3.36253100854083,-1.14611944220951,2.05009573652251,0.747009478716336,1.43488447464642,4.43560295273073,-5.34605828725307,1.71472768836156,4.28208288164569,-3.29639038013011,3.12741063952853,2.75320277122137,-1.53374203885187,0.373723135330692,-0.95990407071713,5.34812441058466,1.07273347301361,-0.490969520830731,0.874318325856166,-1.54773550687605,3.271766221505,3.2357178313905,0.769904050749574,4.23005387872672,2.63197220896882,0.907467185284531,0.453027621958427,-1.60557879361568,-2.05479958844671,0.47215107862894,-0.516802662987629,3.32004371746234,-0.966343569604305,-0.339366746349697,-0.842624270978831,3.73681466550852,2.493668515026,0.782133720643742,1.44575848543673,-3.14111763925712,-5.84600285528177,0.823055598941664,-2.65900830963301,2.25442217951104,-3.51567257810029,2.52927360561534,0.75628762297265,2.00732257013169,-1.50675228813407,3.65508994748961,2.69806326677462,-1.96912372327279,-0.19457205707522,1.63185002269938,3.30077743195898,-0.92186015399011
7,-2.64789888100449,-1.36638115430833,-0.54768125334067,1.09353944188888,0.533206543035703,-0.333388486310014,-0.702619039384444,-0.394174633575403,3.80830078962299,-3.44276466100882,1.89871130390884,-1.83022948668895,0.842412561094989,1.17570431373542,-1.14870392945022,-0.220678419070282,-0.19481171367579,2.42721740350999,0.961272900805398,0.94253055658146,-0.957493090397747,2.90145070656126,-2.40940528256442,-1.32971404122873,-4.91849919684682,-1.41190371491848,2.90125071252669,0.0749422101912387,4.83676480745044,2.02128137843329,-0.905161470462645,-0.995625370296693,-1.03956131569385,-1.60992703941065,1.01291926758449,2.24948012793402,0.246365876294476,3.11812462432727,-2.02371647454811,-3.02430384480385,-4.49511632999884,-0.59093308482943,1.48178791653299,-0.0520620781439902,-3.84748631787079,1.33258800740896,-1.71287007173805,0.507703401608524,2.1997296117529,1.02582463352383,3.63623194665661,0.329596235081226,-2.75688444650905,1.40299356268406,-3.04324467939887,1.26101622193164,2.26008892113032,0.889054554629183,4.36782205710051,1.58167706535824,1.94040269446714,1.86621495393229,-0.699030087632309,0.26334638843764,-0.615186822860323,4.49386767924307,0.356739024511626,0.128475876190805,0.430109342362812,5.30980361665252,-2.71227814016584,-2.74836181771389,-2.73778843366426,-0.251999039648581,0.322834760314436,2.46662304544088,-0.238801458835042,-0.455159964521499,3.83165133630746,-2.62005264659501,0.412506494319587,2.50948128028949,1.59007254102426,0.863164284662616,-2.09560301950933,-0.274792423263989,0.679840562553636,-2.73259090277224,1.13198732677847,1.99198813516841,-1.34440760446523,1.54809579154926,0.292204173726077,0.440887502352325,2.99930458774043,-2.30924430831828,-1.56017116419389,0.605992584576597,2.14271046571093,2.37619256093831,-0.967331388046205,-0.403502689329798,-0.0543185325550439,-0.755578639547821,3.10076196069895,-0.620350113138556,-1.02985193273662,1.30825748684811,-0.678759332242407,-1.83138749579302,3.52430682509885,3.29837077029288,3.15997671541345,2.10940324574449,-0.476698218273214,1.99852263721914,-1.01811022779748,-3.6672405284985,-0.946461307494701,1.74425869370725,3.99901680451148,0.0266457744332911,3.48584307043711,-0.226975092240082,-0.116087903682455,1.44527700988147,-2.95980723513958,4.03170764359083
8,2.27978551570732,-5.24470318913609,-1.6583218708015,3.35275711875693,1.04030348878041,-0.815513025193468,-0.875642456219794,2.73770792637742,1.71122003278242,-3.06023191760005,-2.6959665522495,3.71816488681134,-1.01237891916753,-1.0454419159355,0.356495318150337,-0.0622449090251394,-1.00468717515878,1.79976758197427,-3.55799197657188,-2.59208027956493,-2.41674077207699,3.42772899377951,-1.54668743626598,1.58720913168827,-1.35294841348832,-2.0258583791242,-1.94111540993072,3.60184553617046,-0.722726936685376,-0.11328311584748,-2.40417076436597,0.213717398546578,-0.757603777731219,0.0953429089659039,-3.47335682186258,4.44922115018471,-0.726915406242824,1.14158210624328,2.32048202300984,-1.0923567524178,2.79716025473317,-3.3516978573316,0.670713683576196,-1.55737843723045,-0.119004527683956,-1.85200528661335,3.37615968293039,-2.20319092423688,-0.482646012411351,0.430601369024316,1.31568277460246,0.999362931568612,-0.996997156702037,2.17808905128595,3.36574459424946,3.7441202282439,1.52050845071471,5.04396117183387,-2.34344409128516,-1.58365382523198,1.47289574143679,-1.29587741204932,1.49636392564753,1.29450954544473,-5.17862069283638,1.70243590202244,3.08634806715463,1.65603432649141,0.374308089876195,-1.37017516606284,3.48008863071209,-0.582868942907226,2.26180022978497,0.502899487920331,2.10330554426173,-0.879090998014817,4.32630708890838,-4.13669257201354,-1.30980239326891,1.49838010679878,-2.60610342070686,1.89300584622379,2.62010353420874,-1.42772453180214,5.63635529568046,1.179460082275,-2.14379984904053,0.421463908624446,-1.97070772289271,1.38200842782135,-0.272777928363666,2.7939409793189,3.50202362908976,-1.3275015838276,-0.609446866493272,0.811324116651122,0.928590647545661,1.67878931871383,0.714929041998857,1.45118954677264,1.21216160460108,2.4745928269358,-1.3426559449249,1.69250310644156,1.49146614455503,2.91642366917131,2.29724447301032,2.04613006470208,2.23809395685021,3.5517128058018,-0.469319286953123,-0.727578702394567,-0.897330548065383,3.15355263332685,-2.15184913308121,1.16439558045158,-1.23115312007985,1.71650870679605,1.16954696393577,-1.58295206661751,0.888671533131856,-3.30061302536888,0.503246234684411,0.921933020785673,-2.0103869995296,2.51034561073084,4.27265300616091,1.97961669347615
9,-1.65821771829224,-5.30786778434867,-1.27034886238243,-0.134838035046869,-1.06902025502586,-2.11192588961831,-2.60144552787096,0.709967146287454,-0.652427897839061,-5.62943912502215,-1.3583978696156,-0.670187793119567,0.282208030087986,1.60212765107235,-1.49788100141041,-1.54955286999393,-1.12218553479488,0.520494035758475,1.49862132427825,1.86414733947777,-3.09757140304055,-0.00400478985557129,-5.61331858630956,1.79518423028912,6.50383349832236,1.201984722426,1.25131689035925,-0.916762457218283,-2.08566188234727,-0.252222394279215,0.37546927562471,-0.790614492870645,2.40024905533937,-0.322207897076169,-3.91644632865655,1.12063301875969,-1.72932067760712,-1.89321857886489,-0.523340454574736,0.0252306601551027,-1.14660622464953,-0.527868361084529,-0.770635885618049,-1.29722618755613,0.73731572667657,1.23695204923797,-1.66777468900727,0.838761835393598,1.52550189985914,3.19279444948324,-1.78708917817676,-2.74290682505307,2.17434830532238,5.37406034833884,-0.0991492968678358,-1.11857623576179,-2.96836255071821,-1.88637062294083,-1.25090717915236,-1.04593879558843,1.69818015895953,1.1378834498264,-2.54431741796998,0.81046339899649,-4.10781344968018,-1.8608028143567,-1.52045373565488,-0.966352253889454,1.48111735707926,-0.859754156706458,0.789468832090733,-3.34901734466575,-2.35931463291627,0.145878047630049,-2.08699170118098,-0.758014001788979,0.297535235420128,-0.713106746732592,-2.38668590164616,0.934912551689649,0.386099990304501,-0.359986731546087,-2.03820542721996,1.13495062120046,-3.39300642999206,0.553345557747434,4.3828054499686,-2.6859811786735,0.692545959349445,2.12350638710768,-0.53311760405586,-1.71795166224365,-1.20150009631698,1.23051461264868,0.453696726011913,1.15415357325764,0.798688803935875,-0.782527738197132,1.73967588987125,2.32720230577297,-0.0299472791175504,-2.58898211707628,1.53976594822279,-1.94877380804155,-1.36216327251077,-3.95143220242699,1.75619560334508,-7.35094822518749,-0.690231179426519,-2.09782558777806,-0.869160775766431,-2.97819631017592,-0.343460835295446,-3.46106941310973,-0.228758290699261,-2.94129898167557,0.705302719777137,-1.37446815876729,0.0832396870678167,-4.87746223075328,0.781917534476634,-1.31235887346111,1.79895339993936,0.600849800549895,3.86468410942189,-7.53056855413524,4.38557558649791,3.39500127135534
10,-2.2827428368555,-6.87155610289437,-2.60272241216899,-0.301083650532291,0.722484060331681,-2.25984498132402,0.552911150294676,-2.27377561551612,0.691284810208344,-6.94801035338969,3.89537240289064,2.36290139161565,-1.71444566965511,-1.04612810987192,-3.54168767879173,1.23632541896313,-0.611191523676553,-3.74834840860876,1.02260970837006,-1.5348918356076,2.30653709122817,-0.744132094494944,-2.28175422691902,2.77687657303295,8.66754244747744,-3.290980335109,-0.38966479980536,-0.368931750073898,0.276545810373591,-0.435490123688851,0.889013353160408,0.372445135644739,-1.93731860760363,3.19207455930291,0.374462341549133,-2.34717591137996,-2.47618490683271,-1.52176809524599,2.60270417237371,0.171492453897372,-1.55264514900955,-0.433399515380188,0.834202694813484,0.691687552585336,-0.676499858318948,-0.0108938592588856,-3.11663839638413,1.2690230307644,-1.47481455476918,-0.397134147884117,-4.38805777772586,2.7833775979916,2.10163397861197,2.71008434947316,-0.673552173218923,1.71140523153917,-3.39806215417275,2.09098950875477,-0.714662663550826,3.43952806286916,0.986975914267987,-3.1341451504577,-0.807229706816088,-0.754820307846785,0.326813022808437,-2.01863934045696,4.1335873435537,-2.32860604655298,-0.593990151424805,-3.72616205200666,2.74614280184096,2.67838426658182,1.89020917859216,0.750036567680581,3.56733053066273,-4.32450667915737,-0.138558439699409,-0.611157926861324,0.949468987899309,-0.430523775601614,-2.33922300461472,0.333392331154755,3.94864136110846,1.48249584685436,-2.68086071858306,-0.314868770538851,1.29659746813059,-2.40950095652443,-3.42545226978291,-1.0083813080264,3.87366366428023,1.20069150564768,1.41320769749836,0.437842068037753,-1.11646955586502,-4.63139651134043,0.418668881786289,-3.98801208970417,-2.80024777171275,-6.85585189836502,-0.578639608577305,1.08471817669079,0.104862599891476,3.92182301712,-0.161211203367202,3.32762070926265,-0.942570935905678,-0.075185887202224,-1.98161676596374,-0.481794320151494,-4.38408901251705,3.03897879820852,0.0809303800097041,0.701011695580746,-0.474591608099672,-2.04914963858209,0.0275416380018214,-3.61831658637266,-1.12051360613032,1.25110868805814,0.706739562610892,0.390086436177171,2.8003276332206,1.6432908949605,-2.0389322799947,3.3272431997093,0.845325420547852,3.17292852496303
11,-0.213337751648851,-5.35520822439594,-3.18183646374064,2.5743489123256,-1.48927062295616,0.439732294785699,-3.21406388497462,-3.05231000542472,-0.30218043446439,1.16408533135882,-2.17419694932323,-1.27729264825803,-5.15569738339673,0.552538560152698,-0.0444842621809585,1.62514894079368,0.515791797687143,-3.29932896144783,-0.0627741291368693,-1.33027449746533,-0.840964038518905,0.772469624175756,-0.559549657554271,-0.756589826370146,18.0599732433476,-0.442414666619698,1.42350418027218,0.771804691577017,2.87895215116623,2.95285827559883,0.400151735611871,2.40805757822864,-2.16918805170644,-1.31674474106558,2.5221494876655,0.983594549263216,1.30138497286543,-0.698159540973393,-1.29885203147251,5.62604710219966,0.847836130941232,3.31478439587409,1.61786163736042,-2.09631342820694,-1.66913115544958,-0.664091812560855,0.28061736881773,0.190142739935254,1.57656337686058,1.19392624163902,0.38817855232719,-3.13527871955966,-1.66374429627012,0.446791071727148,0.186955060168202,1.52065548828932,-0.745139883849333,-0.994932329202584,-1.49580417564721,-2.44899000847545,-1.76090522558434,-1.8150301984524,-0.709270678283701,-1.93046728445961,0.55070716244154,1.77705292959217,0.00509402476382093,1.64056670684931,-1.11394509648972,0.599355607554116,-4.74396790469109,-2.44529036150379,-2.94603178887428,-2.2499790165939,-0.38318388405969,-3.63510563474392,2.71410515744901,-3.27057620655796,-0.297112092078805,2.38321795733054,1.99910079892652,-2.34825521242055,2.37333036832115,-5.44189442093693,2.04794268606474,-1.94520852555615,-0.684574885101483,-2.00332888676712,-2.50699232632724,1.21147930006509,-2.11209619007059,0.580544036128686,-1.38132570427842,-1.84206126126628,-2.32946840751492,0.489940748385834,1.50914058300532,0.990708422447824,3.40660827588454,-2.0135964410274,-2.60768956072434,-2.40357922333806,-1.95192663135913,1.52037498785376,0.097023740237546,-2.77952689651465,-3.76881447014512,-5.73117418532047,-0.345646686499094,-3.37621550132008,-2.62026600746231,-0.776051040781113,-2.08080859454731,-1.40003918003549,0.892015453538988,-0.205768798960889,0.92967721921741,-0.130730170709285,0.666984930902345,-0.886910869282019,2.6916357666596,0.197980377541171,-0.533059584906368,-1.38097590754296,0.547527639970667,0.325390868669274,0.0678161363798608,2.31374426757202
12,-2.09551332712317,-0.351084374169659,2.87827331911558,-0.386625883210854,-2.11675587442051,1.05384403899643,-0.934885945223414,3.18110577601237,-3.85600609065705,-2.18431193810011,1.22536082310307,0.800682638206126,0.615606326625766,-2.2362274572979,2.07984190822663,-1.34952915956956,-0.910819745593926,2.3905247486523,2.77767030308405,3.12457915192135,1.21071689662585,-0.721174855811569,2.07254672858744,2.5793048244409,25.2987677197906,3.40062018031904,0.138157971590317,-0.585788203777611,1.56714640246037,-2.84472002396024,0.959125963933275,-0.17178497735631,2.70392032284599,-2.36881494595173,-1.97769566449006,4.23590029580782,0.451897487117094,-3.01386537098279,-2.58954763281963,-0.967841791302362,3.64026994754613,-1.98607709751241,-3.3493772629181,1.56397128649405,-4.11498925441356,2.91224446002298,0.555282144780904,5.41447148753014,-4.13230875234422,2.55273632848866,-3.31354441981193,3.10080484812124,0.379911992893994,-0.493612374736585,1.07075305994476,-1.73250437202159,0.155412247539061,-1.11853243371434,1.02329333388252,2.83758506084178,-1.08158582090118,4.7316244972485,4.00273459748678,4.35277345332315,1.07328017105147,-2.07150276658331,4.95052464620858,-1.45484930778139,2.98315880685777,0.710169615885206,-2.67690651988733,5.1681137774849,-0.810656554147499,-3.26765051398024,0.343100995659825,1.63970492725593,3.21340025786731,0.337180839856956,1.61393753543734,-0.6511919933223,-0.646311540711395,1.18166154742403,-2.39142987225478,-0.0452311566391472,3.25208933741669,0.419190553331191,2.48070070485255,0.481261928633103,-0.280941541680477,0.0198476144564665,-3.00003190146208,0.143221867388093,-1.68058348847762,-1.83966828680741,3.19888153423244,-2.77203626936307,-2.76732315406571,-1.63264638962755,-1.52219308928397,-2.12890868848854,-5.72701601823474,2.49247675711786,-0.612618610712616,-2.91845008028076,-0.347627100687532,-2.18731524495979,2.13926073966377,-0.538181830291251,3.74547970049662,-0.0384095155691284,2.13980882073429,0.157475062991125,-0.567918826509867,-1.46211940006788,0.990476532406319,0.483088995999879,-4.76198765379786,0.543000062299143,-4.70856334301789,0.864954372691045,-0.588239567819983,-6.54959098132349,3.69712112626985,-1.94047174222533,2.00855701083583,3.7064879749073,0.338108296236896,-0.635690783814425
13,2.47121943576212,-1.5665215193435,6.11931035637144,-4.05138946656143,0.0787311720132493,-0.646684889342396,3.56205963783805,0.959407448008278,-2.4641865265221,-0.5963689642399,1.11120093280351,-3.8894167992753,-0.755346201255634,-0.567482056148492,-0.274848998306425,0.0961524997719607,-0.460146513328255,0.67218897379189,1.64770495250423,1.61933290566458,-0.532103813547565,-0.189320937255616,0.190405372433816,-7.32804372281998,32.3675109780603,2.18077132918233,0.906929342515014,0.764320500698432,2.28737983082374,-0.174014857409475,1.09273423234117,-0.851653168076155,2.38076451572124,-5.12274182049259,0.133340274682723,-0.610302570086787,-0.926091519947477,-2.08017605753912,-3.16668906485847,0.266067790141278,2.71413879962029,-0.65723733995128,1.8169794648843,-0.0592761777666055,3.3830838025483,0.278641166305988,4.16334364483328,-1.50420318399847,1.73686709157482,-3.51606606639643,-1.99456406660647,3.31227168737541,1.08108262605401,-2.26788791564059,-1.15871569181536,-3.06309557988698,-0.886133640803564,-0.771477482122918,-1.44185595285217,1.60633841831532,-4.55332199710028,3.14047590834662,0.476970640481795,2.05512386096143,3.00025007410659,-2.18545777839245,-1.97210313413552,2.00084386524577,2.60860256524302,-1.26951883119045,-0.405805611872438,2.15403441434273,-1.57011925811867,-1.13554751430547,-1.37431713060369,1.67097210719157,-1.98103802600099,0.471341103873328,3.42547234933545,3.43446394910097,-1.42927833362864,0.848198708825748,-1.41338614374672,0.9304538078527,-0.980673617090815,3.33955691472693,2.62869954463531,3.40015075046449,-6.83440219525482,1.05483404572306,-0.503974060189194,1.81205940410746,-1.47893379728521,0.783559868405973,-1.88068120336402,1.72733453491946,0.282731827545376,2.63118798530604,-3.06465365323993,0.974940572421474,1.72959925715213,2.04406251579167,0.382553525861113,-1.13111950793564,-0.347661414110462,0.260477056058335,1.66801054506232,-1.09969568322913,-0.0472113728901604,1.9147835415215,-2.098356565828,4.14324196575262,1.09643374319376,0.329350501438512,-2.30386779878972,0.130907785975978,5.04525745245428,3.77911684493893,0.994993787358908,-4.76660000963466,-3.14584620686355,-0.684212334054791,-3.90156465059499,-0.245859782924526,-0.854300318955211,-4.34348898369626,-0.0682755929901759,-3.01048287518415
14,-2.60264183687514,-3.81021597575773,-3.62460070755151,1.26696772735295,5.61827351791908,3.07685999673095,-1.58122632966433,0.318328081985783,-3.04325352404476,-3.25162754261464,-4.24158313400176,3.12972571770433,-5.37526046097082,1.11593259073106,2.43530131071839,0.410284559429783,-1.1931677807961,-2.52082187708356,-0.448425053317806,0.974023083529119,1.4463432689231,-0.415015038159709,3.28715006477432,-0.540222332545909,38.6626094060612,-1.11215902792082,-0.108810971154981,-3.07430698940971,-0.782663677574419,2.06463530489691,3.3653408402165,4.77800688147727,2.48025041202982,-0.172547964596561,2.25867314514016,-6.71375729321244,4.29985659005342,-0.0478802412876576,-2.05444916363922,1.44372740572135,-3.17776224833869,3.0871046214902,0.521120378970409,2.30182823731866,-0.395810326523588,0.212041286951262,-0.469572615928428,-0.314846508798382,-1.79688306305479,-3.0249044174252,-1.70302237306942,0.162966234431224,-1.83176314915227,-2.7042649880309,1.63318717985703,1.72120116854057,-1.96060122017934,-6.64701768362283,2.11072138234886,-1.33677723319533,1.91979393992233,0.421133378448303,-1.29021425425935,-3.52201492680342,0.602053753244945,4.64729622123377,1.10195038981647,-0.00372037365696087,-2.37519421935485,0.226724622443726,-1.71543337836147,0.206568423354383,-0.223204866247215,2.14223260956805,-5.15577890869554,0.292345767132247,-2.91011735476059,0.528438449032365,-0.990514591760984,-3.31851949978,-1.18302361601809,2.11193597739384,-0.93473610629735,3.89013429292527,0.48555994160688,-1.78108559117436,0.775486661715149,-1.3966108277591,-2.16113411246033,0.249877920817653,-4.99796375899678,0.930910324851538,-3.63222646015356,3.27897734412545,-3.35366087213697,0.797230298325303,-0.0404865499394873,3.00751274613049,-1.33670447187751,3.48053524489978,0.69368550209856,-1.48996408462199,0.125777035577812,-0.09731792316461,-1.34945829905928,-1.61790831808366,-1.92005665011084,0.249181465108904,0.498937282253792,-2.304451859869,-1.45258658511693,1.73410309773817,-2.1391219678444,-4.65428083974166,3.69051158955563,-1.39209775875133,-2.15964435768001,2.8810116805671,1.46849804757721,-1.11921455360789,-0.193905418791473,-1.23317049006073,0.830224958137478,3.3916856050937,-2.39716798583231,2.74165136025977,-5.69698821129532,2.55333465095146
15,3.63676648746105,-3.49929432686304,2.5114335383555,1.0406357500824,-4.69416874397029,2.97385856752862,-2.76233615034243,-0.384331883438335,4.3445512575704,-0.310126667253371,0.451375997255582,-1.50857915309234,0.412465398148015,-0.657617760733956,2.12450671360784,2.30144182036838,-1.71259192723892,-1.30528510235217,-2.34130392365751,0.479383554718879,0.565311816603753,1.74230272428713,3.99910990596482,2.49523693180026,44.4163055818948,3.52277289276753,-0.480742390916475,2.1218186519186,0.0362798236983508,0.0346496863107859,0.193451200939307,0.179472636909395,-1.09661728888568,-4.21749859975853,0.590895700864621,1.02817035532917,-1.17575833494493,-2.29734657413928,-2.04635910631623,-1.67397027144125,-1.59347255167449,-0.676693127716135,-6.20146986489453,-0.439129541576676,1.63631714745816,-0.597649182743226,1.15618293780335,0.527702169939403,-2.2274426005547,-0.710736802827796,-0.30220595460969,1.19218349734319,1.38299511214746,-2.04073291115674,0.239714078982161,2.61467079584509,-0.0238470106228306,-3.93684120434091,-2.89455193626554,-3.330085758118,4.76005194633217,-0.724471323818307,3.98430660580743,-2.63085745421813,2.06519565756616,-3.47049131208996,0.732517595025911,-2.456342812613,0.414091781291063,-0.30460208402792,3.2378526993607,-2.60930557936672,-0.825332836454891,-2.279185836122,-0.0201343934882061,2.50882687240983,-0.309547060077421,2.95596119209586,1.77485064512166,1.04689783636422,-1.98665258171923,-1.19328511281356,-3.11191326716425,3.56576933363658,-0.107349306927517,1.18718833001913,-0.310513020729104,1.80678698076554,-1.41451388798941,-0.15789947811254,-2.59193930570927,1.5323864934453,-0.516959479751677,-0.210553634676216,-2.54628946444791,1.24569050979926,2.81710798612266,-0.501703525646008,0.46553757439915,-2.26720239899851,-0.87748101324587,-0.0139579316778509,-0.142231960793197,1.35974492599144,-4.91617979191824,2.35237645136522,0.401040384681437,-0.477658161712498,-2.42067819732529,-1.18644077254521,3.78488128077288,3.2082211416996,-5.25352153564199,4.69029312427438,-1.81735129435629,-2.55777716098692,-1.94208139770535,0.949027821067375,1.11204035528908,-0.638693369262455,0.941882428809095,-1.4431306866777,-2.23366023039716,-3.79765541600591,-2.25864131486742,-2.47436521779491,3.76712149717514,-1.89052407054351
16,1.34166144545316,-4.37277013099356,3.41339436566068,2.39167357870383,-0.858639194109855,4.44527133300471,1.0797032310029,1.40897522384466,-1.08130257422408,-2.56985818000385,0.385983284782014,0.787007259558322,0.497673057540851,-0.253814387377133,-0.932053814723076,2.6136749288853,-1.36312401071427,-5.16379461751922,0.959960756109012,-4.20054337722559,1.12645052619018,-2.50200759313657,-0.474341230205937,0.106232386048305,49.9072947752408,-0.800914431861202,0.0750050831165936,-0.0767218196874637,0.118328050150012,3.65478005606974,-3.05543318264154,-0.530990879071396,-0.460792835754091,-0.0556391536119918,-1.477405031746,-0.100414398987596,2.45810014393783,2.15970413245896,2.64284308253627,-6.27818797621148,1.2386160645101,-1.30188232590035,2.93575578509717,-1.73193830549644,-0.97712573256058,-3.21308798761811,2.58274439439629,-2.58845428325867,-2.03615591742573,-1.09126731199694,-3.77347395760808,4.56307331897551,-2.03547186086826,-1.4246350053545,1.39575996254143,-0.24145132906915,-1.3089907446747,5.56938979726601,-1.88346026131057,1.01566039642785,-0.41203592130023,-1.07416266723203,-1.1593265674569,0.883279109973046,3.73374072091337,-2.3750065953277,-2.53546479993793,1.79711781087144,3.53498494285259,-2.30998797449593,-1.15224445716285,2.93432428519645,-1.38273264849977,0.845464362521398,-0.554050938848377,2.21828646479707,1.45648654010256,-0.438469656393863,0.231813111849078,1.8771327690838,0.553909079696041,2.33917345273039,-1.94536093325542,0.751297052413065,1.74832511225304,0.424854531594519,0.328448797791225,1.48412622784008,-2.92791047307128,-0.684133300583653,-2.62393584525125,-1.32929350987115,0.276988970251296,1.02517773334375,1.36401019706136,-3.24680126210615,-3.46742833552617,-3.77753530745395,0.945613705865071,-2.65867061140762,-0.865150650690339,-1.76495716891122,-1.18828256915413,0.282506320385437,-1.72076991782205,-0.0878667582778689,-0.581979334483549,-2.4245705656158,-2.62748973585394,0.88828998074132,-1.04871537319468,-0.206326624626399,0.314055984314109,-5.99399921143095,-0.00577228764223037,0.163455020384845,1.80803152395129,-2.77120953145504,-3.6548689335209,-0.316959995076559,0.688952577059354,0.568781668537667,-0.247817365707306,1.55334668431124,2.6771271027369,-1.5170220458599,-2.80362931900163,3.00011784119351
17,1.68991631431163,1.2491168245183,1.74619399892799,-0.465805903101227,-1.38011809472073,0.288512208028351,0.953234124239771,0.221882278044632,2.14703743183645,7.63727724890896,3.16639979184174,-1.29348218463656,1.82503263643002,-0.909454877495591,0.542967690601927,0.171257381917258,6.32494732270698,0.484588532328416,1.63913049532448,1.24672337712809,4.30300400632586,-2.02916881764077,2.62296847660627,-1.62024854073934,55.8868609645236,-1.05278793388516,-0.658794554165524,3.08379959512604,-1.02867112155491,-2.72207985246223,3.10897305687195,-1.84583426616928,0.725585191768005,3.57801462444104,-1.77871348547433,-4.50055849722912,0.0201618629466793,3.86132602863199,-3.41794665004818,1.32909552975252,-0.0684319216284166,-0.317165151561312,-0.421970949261322,2.44122147556163,0.386963999820637,-0.333216128598451,0.80653124989567,1.54403784410306,-0.443694167977355,-0.00142428483377444,1.00807664015247,-3.21631497701173,-0.349132409419781,-1.18804666499909,4.581950691359,-2.33328177725025,2.36967805875975,1.14313620434632,-1.97017494165766,0.442944418214211,1.56832207178286,1.12382647192226,-0.428428742980941,0.315835303254971,-3.9614158600084,0.0476248894069613,-4.43858602381033,1.66015282917624,-3.09064848081016,3.93569974675256,0.709960075977506,1.60323266739942,0.614986207822312,-3.19938032346136,1.62992046174713,0.00795783103149006,1.62752077259302,0.101267143618315,0.597984152082972,-1.8350467657915,-0.632391803549581,-1.15339641701576,-2.27310597529413,-0.662111375378572,4.59787778596456,-0.0214504566920368,-0.251518368080724,3.74541245466344,-0.597945309530132,-2.62948258596953,2.05454695525168,-1.40383296629443,-0.987433066708036,0.591087382325441,3.7976608777185,-1.27867154460546,-1.27893007966031,1.0943405247267,2.12767809655725,-0.909656215162613,2.12562800662045,0.687743590384343,-0.175031641248097,3.93475961888635,3.73302626907434,1.65827220376195,-0.958524082462645,-1.54807477971372,-0.591436290695128,0.0504576448302032,2.20349760337967,3.13191481125659,1.66990618687805,2.04085287518956,-1.65328341078293,2.9529677658702,3.53808317280573,-2.97462503385259,-0.63287481893758,-1.90381339344094,-3.71213406258858,2.87353404731584,-2.71120969956746,-4.8855361521496,0.130501759682829,4.25734076293793,0.624214686257801,1.7250311261696
18,3.06242297229255,5.52050162072965,-0.112736312135439,2.2353368252061,2.905954088616,0.659148529958202,3.50923907447213,-1.51649943854454,-0.903531942361951,1.05513062138971,-1.90054768381242,-0.791624439294992,-1.27356493310481,1.92807458678635,-3.374521953981,0.86155976364762,-2.33499930509561,-2.59875262056994,-2.19640656841921,-3.14050214008466,4.16119353781278,0.0241977872406096,0.745957824672132,-3.40031419018851,63.5487604810854,-2.17996983290141,-0.842804555101338,-0.630011577192818,-3.1245740325603,0.53776939991667,-0.483302600893239,1.79919895051034,0.765762738304602,0.394390732638385,2.3751376787427,2.83482801394348,3.36357508912579,0.879727585705496,0.753042142768209,-2.34498253053061,-1.88471497350292,0.711151040684854,-0.496595876596984,0.785800046967324,4.45210775953819,0.827676462572981,2.50929774725864,-0.793734801460232,3.5569228855843,-2.79675215907719,3.23487061453943,4.27599820679416,-0.624107938201178,0.0647784278953623,-0.58572237272665,2.45919760011611,4.8508665148388,-0.0765665708318011,-2.73551710259426,1.07821080958684,1.70581577390976,2.39788894170169,4.10624519733892,0.30098979428476,0.14415588965494,0.713466618560233,0.662075593864301,-1.44493177825507,2.66502284548687,-1.79500712534036,-4.06435901900113,2.31982640683191,-1.98553443636411,1.24484215889197,-0.536058340176623,-1.76871413815888,3.00185591040554,-0.482390482034589,1.08268002925206,3.2841384822741,0.907812613176702,1.87492800424479,-2.76733879029007,-3.60086577310949,-2.69012241414111,1.04781335813777,3.69454214001871,0.504139619704347,0.947558433113045,-1.4294727416127,-1.40814362792389,-1.08812363410971,1.71349969976927,0.770508503356723,0.573584763689723,-0.132722980693416,2.6155408720474,-3.03010669866399,0.826512282793828,0.0645289753101679,1.79393578156441,1.77509461270756,0.249347556331486,1.91323508106188,-2.78180253546088,-3.02021271483954,0.983021521901719,3.03397818815074,-3.72352247593835,-1.50572334200433,1.0857311582572,0.836285505537035,-1.54352956213506,1.2855115948837,0.809825323221503,0.817317158358037,-4.3181129182376,-0.179820061527153,-4.48201830084599,-2.55264770587746,-1.08334566927988,0.651982194462107,-0.920799881204402,-2.34555888712703,-3.85750021563354,-0.831927087816894,-2.24973538491577,-2.66271048613226
19,3.74042268416133,3.8526402990824,-0.571722825963207,2.21070928654217,3.45729037652927,-1.22159304312027,0.135541523306074,-1.23443950624915,-0.19007331965804,0.265125911840187,3.05891767463481,-3.54276564227257,2.59200819612715,-3.55205226381895,-0.146515127585644,-4.3179063371058,-1.77271548158721,0.799520341280186,1.94349330703881,0.639964787688768,5.19519181024316,0.193150217196489,2.75304768710339,0.108829332227288,69.757292960106,4.43267923505846,-2.35067100414562,0.791780142292282,1.95374295310967,0.113445516881711,0.536416499222923,0.563151591042242,-0.0361281401565066,3.29951726573154,-1.54531788851273,3.37682436043588,4.86691167015397,-0.539110883339163,1.00894646055531,1.64681414375946,-1.9421179855226,1.26121671616056,-2.98509630062563,-2.81297680561693,-1.97640993017149,1.1979436004608,-4.22493964340129,4.56452524716178,0.0557940484513892,0.863188234242898,-1.7215135039969,-4.8605207300825,-2.31755732923102,-1.52249421889474,-0.88057587233925,0.535331747462806,1.23454684449325,0.106971449113189,0.46949920703446,-1.12876557581012,0.336293050547283,2.47405324314013,-1.44511827266388,1.80919459468259,0.586363087592872,-2.14366046550094,-0.159158548287451,-0.62954482525447,-1.40815043148086,4.52348299594632,2.90721080362255,6.38291100718379,-3.07421956664575,5.39453894814869,-0.655351952739238,-1.27081916220732,-2.43003761389218,1.30645822051383,3.13991997001312,0.528446134137994,3.22375964839648,1.21072680105362,2.218261727769,6.25758545580766,1.21481189130145,-3.27757235892477,1.67343408311262,-1.09928032820471,-0.589953377026177,-1.00940488506922,-0.600985992165079,5.15676057372821,0.354325419394172,0.402086325127129,-0.113459543850695,1.94106672272846,-3.01116885601277,-2.30951028380423,0.651520088340021,-0.348613953492986,3.5909299732366,-1.08952722445383,-1.13118149776074,1.89198554288851,-2.66114340135164,-1.71580234586736,-0.226250419505959,4.28726567648891,-1.88081325029589,2.15331845644596,3.79712592598435,-3.53106822202744,3.49582697510914,3.6077371472461,3.19568712197088,-0.0312226547357568,2.66592258563242,0.695354675144699,-0.503295005587916,1.39079139624118,-3.43896151449826,0.806444820540946,-0.960308620970864,-2.2737581336296,0.047624987769268,-3.3324391233773,-1.94985370667018,1.11631538494703
20,2.10298413683813,0.798326297512176,4.21290231606008,-4.43610698636894,-1.83401286524258,-1.43532372227401,1.77526522367179,2.76501229305904,-0.242768979775974,1.65099185699364,-0.305091126339903,0.0810571407587304,0.378861242739276,-0.525779594350752,-0.825653541353859,0.592525136915356,0.916145026897993,-0.498091068252506,-0.53138689264506,2.17610786462501,-0.117675306201363,3.45280027377248,-1.97196532979888,-1.75655946221832,76.850270852613,1.29609246403743,2.13712220034768,2.51153807470246,1.15865565461399,-0.545026437796878,1.38625931035949,-0.991248578633076,-0.963189903679904,2.35884776765943,0.728882818771126,2.85781524219874,1.60653685877332,-2.02819275150887,0.0465410835208786,-1.26132286586244,-7.92771461837947,0.126395073354161,1.05835639721772,2.87096539747881,3.27162564534137,1.74801828844738,-0.954792920225373,0.326343286497831,-1.34979331542263,1.8726349232943,2.17253153913407,-0.276673711795411,-2.00708339874245,-3.0865431819002,-0.381624667676078,0.218988980745962,2.28141563621421,5.38129909362078,2.11505561921513,0.319467934652039,-0.554081405781744,-2.14268041966716,2.37242062567748,3.23633499268863,0.922341743774268,-0.756975378201332,1.57633604352941,-3.29778939890184,1.73319938858594,1.79001432751784,-0.824448152778132,-3.00300832562243,2.37719890718427,3.66190294917305,3.3743993143944,-4.21421383721599,0.882665134751278,-1.8035584292993,-1.88143746013611,5.32609959963565,-0.610274771921922,3.80901845679682,3.50949612568274,-1.78716438138463,-0.0592483991122208,-2.84390702337032,-0.0842477245437294,-1.19484102110073,3.8005325539134,0.408111520095645,1.06016304530522,1.4074182872464,-0.0964216184729594,-1.64717426421475,-0.579059152090394,3.61370072438194,1.84928220289612,-5.12923980722871,2.00043829440619,-3.34569572226337,0.708825341222109,-1.33964526509681,1.83730363360928,4.66154122927946,0.0154389660692686,4.1155718252021,-1.91583627403406,0.170879573543971,1.39396432217609,-1.44909129295411,-3.53543386409228,-4.49227398095081,3.66946611628555,5.3376301167923,3.25196181373758,0.360635059942979,1.11738817035894,-5.42296161355716,2.24725452458188,-0.678643622203708,-0.0147314958453535,3.20687255917164,-1.27656338360885,0.537291339535386,-1.5632758473821,-4.45461170694625,-0.248284611249346,0.352848981312945
21,4.05811764784494,3.2269894488627,8.09248541037732,-0.551138158646154,1.00795829470098,0.145480904998749,2.45363258528323,-0.934104022489919,-4.26294899946288,4.90018965503441,1.14037410775973,2.36404858161404,-1.76714321026657,0.90004444620763,-1.66982229711584,-0.0489976503426988,2.83889921597044,0.512693334371761,-0.167694056361597,1.61018476144272,0.327301138710936,1.14785362813291,-4.75120816727167,-2.47745570504139,82.7757272168245,-0.795584527719257,-4.17507854241148,0.402438526572951,1.06855207388708,-4.06361748745348,-0.102577724339881,-2.10167600514342,-0.245615318433011,1.8517649166256,0.576900452267637,-4.09007107244088,-1.70507496950859,8.49517570826492,0.634240252607469,-4.52898640488729,-2.12756695677854,-4.74790255708149,-0.0487432362338041,-0.896272411931477,1.47897305872721,1.19942624810437,-3.1097160291738,-2.56227254020632,-0.489759571443301,0.389586127973416,-0.775302128778094,-0.763480388839071,1.36786691229554,-0.753113811573257,-4.35742917833068,0.65712948239252,-0.0341459272381144,-1.93918220299292,1.24239825734185,-0.303828155729661,-0.585870514741146,4.31916816603825,0.48284027024647,0.411990047995914,3.92283573388886,0.209838785844568,1.28169586558533,1.03748065952732,-1.76491090920217,-0.607500131576217,-0.982468685317144,0.135610709518005,-1.07911720740594,-2.34050550098345,-2.58932354730678,-2.13306789565831,-0.919119621977643,-0.979404928056283,0.598872592067437,0.0270133265757977,3.57910091266649,-0.677311429451493,-2.52398928337516,-0.0890411402774589,0.747539850804515,-2.49902226102176,-0.767502976138985,-3.57245044556566,4.67430701334661,-0.544396471511845,-1.76296838931285,-2.22333078069141,1.29333477556929,-2.44230701472952,1.12130450068025,-1.01221157181226,2.24432890251364,0.888414655721135,-2.0238242450805,-1.5834052195446,-0.561790161137196,0.978746204655636,-0.658232814909297,-2.59519031461605,1.87276467320726,-2.40863424997315,-0.480485264312392,-1.57717994928544,0.441475740649821,0.407808760860462,-1.22348769308383,-2.4779197118587,0.460672843086286,11.2281677831129,-3.24213834500779,5.76459644778151,-2.22451216638774,-2.0055612610704,-1.29961480415432,1.43631373754306,1.98178502025803,4.42097411750774,-0.422998811629896,0.452928518194312,-4.69874518899769,0.5361381413245,-8.02765561619071,-2.86612624322743
22,-0.143906504191364,1.8156858402167,1.15179387717171,-2.68933376660925,7.5757585673814,-0.629216535556679,1.36126379064672,-1.89502862404152,-0.203550394581725,5.47234179777752,-1.89540656864574,3.03920081789784,2.66591456626566,1.33416514236569,-1.94863290712192,1.14213679511067,1.42542730168619,-0.204054228090172,-3.73969951667823,3.91825796153353,-2.97987699993473,-8.13744566747846,0.846733118185057,1.65560983015075,87.7125210633238,1.0927347007696,-2.8429940073911,4.53142590924153,-0.0559902593076913,5.18313361160335,-2.24754207338947,1.89950615120506,0.52812240617186,-0.548368672537435,4.6070626056644,-1.99886599011188,-3.39680522438994,2.99149185362103,3.01463802907983,-1.95781848180604,0.714774115007003,-0.660401016128617,-4.28870811747993,0.177494521549761,3.1021069926378,-0.346342839327008,-1.47447939742142,1.73149644917339,2.28903653361022,-3.05863341963595,-1.64896615198586,2.4217729291554,-1.87000668224618,1.91162854656341,-5.94813982859569,-2.1735879351786,1.10380614400401,-3.56218455254384,2.10492682958966,0.0719207719389487,-1.03353235404666,-1.23523903257546,1.69632805575429,4.14306975623867,-5.49223101101597,4.97527806589551,-2.26759758009666,1.73043874050927,-2.57765500676305,0.891610181888609,1.71274214111372,0.0421834097278406,-0.269078567241195,1.38289747350927,-2.56712324786213,0.989651931011394,-4.40657226117855,-1.00569559474889,-1.93070079220706,-0.76558716473437,-3.64376079301792,2.3534539775028,3.06360534376017,-0.235455285776425,4.75784445929048,1.68051199459023,2.12716943403211,4.47996119778691,2.61821863781324,1.15840703826188,1.05726526537364,2.28018900809184,-3.12923835772972,-1.61255259814016,1.7239531991263,3.65594099523742,2.33816902805393,-0.637300349457746,0.751910241407586,1.03886895526193,-5.08342379335909,0.756318821380319,5.0756573552917,-0.603909436241338,-0.0694056713468854,-4.41925947258824,1.7393140999111,-2.34944398291418,3.39782525383907,-0.502464019162744,1.07058843623645,1.75714045794166,1.7130469785593,19.0270831242501,0.727446420023171,-3.37938398982033,2.21101930594068,1.13698099309158,0.952029911940372,2.83797494828013,1.43246212596068,10.7880370924286,-5.34401049871076,3.84485132527607,-0.388785993868169,0.998933013859642,-1.96052233853379,0.865667961011241
23,3.49021891801385,3.91390442298416,-0.266115896567499,2.62090517852221,-1.8442326574127,1.8775686750696,-1.99103290623862,-0.998520253805054,-1.93508610208346,5.15592642404272,-2.10505076333993,2.86132704368492,2.43238664379169,0.611722838877085,1.07113733324923,0.392270656812343,-0.990213157350809,-1.48992143397527,0.557107483870823,-4.66499223519168,0.0318791034278547,0.682692249797128,2.23802340853308,1.58167072411788,93.7256296198102,-0.694091617660433,-0.642777921134893,1.69523286559297,4.0291674572959,-0.543460512318688,-0.634712783782561,1.66300478994526,1.78408498215094,2.48209150316552,0.0581348107962185,-4.02661764038203,2.47446515446063,3.57082194262557,-2.55511909727056,0.0215398048549105,0.750969075036664,-1.44145712419368,-1.52652957889086,4.78960191801525,-3.47303370983991,-1.38536741466214,-0.745171590308928,-3.97516932233611,0.111152402204425,1.99412225525202,3.53007058250751,4.01083445371478,2.35620031366443,1.42594924739524,-1.74990407510995,1.48586381885571,2.76404353062435,-0.0357652964689805,2.43089522135097,0.152659125556056,2.75840860561948,-2.63816287309555,0.763960349476292,-2.6089895014743,2.95942301245532,1.58789209384486,-1.1956395501993,0.564944601781917,2.49611239929982,0.902023866161926,1.8560919681272,0.872974446914213,1.6257210181443,-0.0129990797195205,1.04448257382182,-0.976146095372314,2.04784996279113,0.238304149906071,-1.99539673098843,0.932506293429924,5.1572350195047,0.40443087747326,1.21286344776308,0.0840436322860114,1.72234190095196,-0.988971143532581,-3.11851295737506,-2.822856113949,-4.25973568985,-4.34898376461069,0.427902328102846,1.6352814127863,3.11228979006273,1.18204212713772,1.26887227411544,2.82148017253348,-1.30866018105189,0.0401202596713119,2.49508224692772,1.84723628739584,2.27535069501619,3.6651158280556,2.28716369269523,-1.58802695930126,-2.31980656473797,1.35496368015538,0.0410992160627757,1.23741314118024,0.876778643613761,3.79477068235519,-3.13106030969493,4.74163930401801,2.98011387653514,55.322000895042,1.70074690743195,-1.56500071191476,0.605025509691131,1.47421423847845,-0.00175331612081209,4.58477451732279,4.3264168417063,22.830579329644,-0.269128922272557,-1.66117944743246,1.90528909567547,3.94126723903446,1.24911948174804,1.82914168270918
24,-2.50677577138003,2.28070380679992,-1.9899159500269,0.678789699541085,0.0614647361558127,-3.29618751050475,3.83797152145826,-0.222364157270931,-1.61985492201666,9.14511467561852,1.02441621523894,-0.422460223698181,-0.434641236673997,2.15975729288539,0.202172818394502,-0.88208313105315,-1.46712342753184,0.217491426551987,-0.90487862396003,0.300504452268797,3.93198975241239,-6.31497105360086,3.06390817249621,-4.00659750831665,97.9179832908561,-1.45005932006461,-2.11740078809908,1.84941259148673,-0.131224687521353,1.17774019155195,1.50077337844004,1.13667227415499,0.314944423159886,-0.156945211694165,-1.33209250700384,-1.03157322592233,-0.646845465107617,-1.17988652699842,-2.16935623589961,2.58095166584963,-3.96696193487196,-1.45777617694512,-2.4772023429332,1.76799907152372,1.62586703585839,3.28585070253394,0.70578419082085,-2.22280192948983,0.0281799920621779,0.966413840244059,1.03056027244975,-3.13177697478068,-0.689164442269885,-3.39743458172188,2.86719282938702,-0.302676622285162,2.89401018273838,-1.15417269671343,1.95516594404171,0.0565490362009768,-0.73439940006574,-2.00109413293103,2.14014358631266,-1.80111760196905,-4.16375232771634,2.66803540888441,0.825991565156528,0.406571468618949,-2.5566355957867,1.62947432678266,-0.232523121028862,-0.433602949616215,-2.15596003203336,4.20277167670929,-2.03242042840293,-0.647896067609508,-3.86603911804696,-0.922579650983153,-0.751389713651861,0.693673632117225,1.59598120107603,-1.677908580652,-0.784274041312074,-1.05876060438504,1.13213475650127,-1.47004804861581,-3.34723273811505,2.62814040288231,4.22762622507935,-0.690630569055429,0.0424707414463228,1.37962128421987,-4.12793898898735,-0.703629156067564,-0.517577487031303,2.98595797785401,0.433426192985735,0.811671022797782,-2.84020700182509,-1.3245885524866,3.95289168010368,-6.51329465102572,1.95569186505463,-0.224951519496699,0.0506103511547735,-0.187304164393026,0.320574701946498,2.11670246371386,4.54654805530299,-0.0725072048198854,-0.254160404283084,-2.3616341622228,-0.673377379429894,91.4963368596887,3.79247487557586,-0.486971234843168,-1.05663447415964,-2.47672322070139,0.67992222450539,2.22079298029712,-2.83680275115375,41.3868013966498,0.642616006911339,0.529601416557853,-1.3886029608766,-6.23575996092268,-2.30558359898987,2.38217848693057
25,2.16844483196746,9.09903109847664,-2.71296986972357,2.23676178808,4.93415139430044,-2.76116122366193,-2.29032054264235,-0.30259244011495,0.377686407093734,9.27835323135832,-1.36938281665334,1.920798719083,-0.654830174268682,-2.38248783100698,0.425524230908195,0.0245514023349642,0.792899327795264,6.09328966843577,0.463597027590367,-4.22903084927611,1.54000169688788,3.53106886303749,-0.88859614884359,0.775568252042831,104.314625120654,0.139390712924524,-0.0918325436764462,5.71726694406607,-5.8274638309199,0.478851326875429,1.60177001058901,1.44719846560474,0.143325934084714,-0.274502482751814,2.64781104586245,3.53133975998298,1.44829247384541,1.08175034948727,-3.28689393801551,-1.3481332781339,-0.425678293946476,-0.495414395425087,2.28306699146151,1.62625862866571,2.36366183179325,1.17431468610584,3.13404789514789,-0.408004463406087,1.48404223614352,0.577321214832409,-0.586406663951038,1.17798553342163,0.640629991986771,0.963619941453544,0.958344725541338,3.41582382659544,-0.758153731214406,-0.361112539560963,0.596943990092313,2.45134808729972,-0.863691019877479,-0.36540653508473,-3.60711845701098,-3.82467357347241,2.3087703813967,1.747859340996,2.61739905538752,-0.900658438146365,1.90751467990231,-1.08184565546662,0.893435122072333,6.56593316154431,1.51614380585534,0.970260325670552,0.624901612805388,1.39197667876442,0.0569247740545507,0.886847418154048,1.99879279255038,1.31016398849079,-3.4891551718938,-2.84706183195749,1.84022395140892,-2.99273100785467,4.61198222421899,-2.78533850914755,0.634805702704398,-0.138600724691969,0.79174702154296,-1.57427768796879,-0.00536156058205961,-0.0775827124193711,-1.73893087474789,-0.584211632486586,1.72479872578469,-0.28944953546943,-2.59597169597828,-1.48156501801986,-0.155229895136927,-0.377963989635191,-1.70463166051877,1.3212004938573,-0.0598151493259138,-1.50542862356315,-0.960192931874644,3.7672364408395,1.61685805699699,-1.94288665721569,1.8400934976894,-0.0476847349987111,-1.03688301005332,-0.505397933893164,-2.43445411679659,164.876606584981,1.8611374166303,-3.17591366439137,1.94234867235673,-2.66528361767314,0.284165447253145,4.22630028613048,-0.976541036606704,71.7705564918188,-2.29171522911838,-3.82764311030178,-0.966590453526806,2.34396724404587,1.78459805856528,13.0085046105623
26,3.46000996421299,13.587411626404,-2.99675966634504,-1.75403772791469,-2.49578558029361,1.19402877231323,-2.7609230869225,1.13300700007312,0.00263436249724691,17.4955408858212,5.75163061974399,-2.07702018784448,2.8594353377066,-2.14688913389728,0.228913139679662,0.301024785875597,0.932567548512301,0.0351480532835922,1.43181326420518,0.280802598991613,-1.71302230684159,-1.21956169017767,3.18537268821638,-1.67248246721465,108.489087639006,1.37660873486948,1.98097105432362,-0.0916654566676698,-3.08619426318501,3.72864096339981,0.0821953636568651,0.739539845951185,-0.510231221741378,2.0782887915525,4.92534946760088,3.65633602813159,-2.87292793424285,-0.504610695069005,-1.78070065782094,0.148797327632565,-0.0410498979554177,-0.283486830859147,0.315598882312315,-0.656819022725813,-1.80963733981798,-2.21133525385403,1.66157588801843,0.113188247057224,2.51566864578626,-7.29512114296949,-0.540544504563059,-1.80329555855042,5.30398851168957,0.772152767051466,1.2911341996014,-1.48100862605952,-2.10471416768723,0.214237041916931,-1.61131624380096,0.339844628950686,-4.01381520597852,1.13256904863556,-0.212462226082152,3.00908174602091,-1.23322197273728,0.252474369553511,0.894987267067791,-0.501053531885191,4.18532958970081,-1.66783961596548,0.246018097669548,-2.24683018289397,2.99138965046268,-2.28740484866148,1.95343366225507,-2.90957982776172,1.58317003875345,4.21327833098667,0.0320515594994504,3.19973926146304,-1.03350109681014,-2.44530561514011,-0.706745753156156,0.6559944243686,-0.355269764584591,-3.71553627071989,1.20713170538829,-0.0836372467929323,-0.457002773691784,5.00302029353634,-2.67055602823439,-1.20544586706956,1.6844972174008,-0.359835166470475,0.28680304851423,-4.1716992902534,-1.33464208899886,-1.90707403888655,2.68580542037307,3.53991338713286,-0.749713719827469,-2.74182461358305,0.74094436143514,-0.35057146997633,2.60325200501666,-3.40384383424544,-1.45249362858522,2.23924472740737,-0.694393184667661,3.90910227136737,0.392522815945995,-0.681234863206555,2.55629376937395,246.247534637459,-0.346230539595581,-1.14672500036886,3.58745298065696,-0.163145809894559,-2.39845050105168,13.9426134346982,-0.110735550761547,131.342151995122,-0.988088412244451,2.50913794954977,-5.03477887510189,2.31044244542591,5.414673368693,23.0287771496173
27,1.55291699659756,20.7175520164885,0.940621482577626,2.43192711792153,-2.61627916036332,-1.17130306635909,4.69460478303517,1.06023637217368,0.0899377379814723,26.5873968875756,-0.801593961446997,2.49669689813391,0.235757327654483,-1.17604732243717,3.82042927343309,-2.45674799741937,-0.966730601238699,-4.20194429164803,-3.2320042181309,-1.13603284921192,1.62113347799777,2.29429434363419,0.00464786687916785,-0.0404570340037935,115.491671305739,1.09661885454489,-0.626679744774719,-0.768198755220055,-0.0270323195045421,3.30149962138466,0.127088389905566,1.16263216770267,0.661781512648759,-1.85302819302206,-2.88852353022867,2.74152548597567,-0.338433561686998,-1.19124685285942,1.476839273927,0.162359043514698,-0.425139912123996,2.012526005165,3.01155174025826,-1.35894791787496,1.5531526402483,-3.42944433991761,-0.128994940306256,-2.76534265401506,-0.485005019258097,-1.06589289064004,2.80265417134433,-3.63579722430677,-1.69790243637135,0.00881445094137234,-2.23899960288327,-0.386453665924364,-2.1764257925015,-0.970475469025587,-0.0350034417911047,-3.39058771725286,0.549630885183888,1.72948883267372,-3.84567634761515,-1.28816033778003,-2.60725508933456,2.50369460276715,0.557558177684314,2.15834539313437,-5.28583880827955,-3.13195432086059,-0.547348136928576,6.20222469611872,5.14820017144757,1.61803219674084,2.88326894743386,0.965309064942176,0.684093325003232,-1.42488803313017,-1.58232689974466,-0.172825897779603,-1.18227247251934,1.4058588425396,0.723360083386069,2.49091937639378,-0.266524847492292,2.8334734994778,2.97979052090432,-0.916614768557338,0.70314084699794,2.86813986312382,1.65494572284888,0.196864264666146,-2.41979741040632,-0.96837629151014,-2.96364107457566,0.951851508481013,3.88956103011651,0.290275355773247,-1.86037429649559,1.58171058907601,-2.39318391085089,0.653165648659069,2.28416451949306,4.35769496757348,1.89648163507809,0.657569139649695,-3.04277032204936,1.1975795403514,2.63805606530241,-0.675940489105869,3.68663621753103,0.976787442219575,-0.830973260196515,333.490067617928,-1.86672712162363,5.33528174710455,-2.92383385650146,0.504195956641979,0.387190761843613,33.7727890067872,1.42671671147082,201.151975072947,2.56884483061685,-0.417982747731457,0.692894001466811,2.27554296448625,-4.24055244455167,45.8136875637092
28,-2.0394770496755,28.9058983922396,-0.598480435386591,0.161363272332892,-4.08503793843738,1.59404831648999,-3.0941920569453,-4.47960992403705,-0.149299387787778,36.6098299756165,2.3423068256393,-0.383965736936716,4.52980142743399,-4.60858961721851,0.811844625018693,0.696698475373523,-2.61866489601562,0.217576133711646,-1.53471700295222,1.86662588894251,0.155091803440428,0.236810802078708,-0.464059104349417,0.295416476235005,120.739273808002,1.4014299425703,0.90167143357894,1.70663562721256,0.414867940535714,0.416293461029454,-1.99112310946703,2.48707414523005,0.0225738621315941,2.48537162804359,-2.68403348226775,-2.35404711280262,0.858917213197401,-1.9690818364993,-0.476843660405393,2.71497740968925,-0.562205180033288,-2.06950829129346,-1.33103041793765,4.44356202585777,3.46300058723091,-0.337242410010276,-3.03414577624517,0.539530250806365,-0.2031855541818,-1.89057218960488,1.53909294990399,-1.48443982734443,-0.382907116548267,-1.84444084264396,-0.82524633533103,-0.607630548653106,-0.675766292328717,2.0717495897502,-1.84358350296452,-3.06487121307009,-4.04962019949562,0.627982167541177,-1.35353857312066,-4.27522229821898,4.00094870640032,2.01259146306666,-2.39797436054414,-0.903359335732148,2.22485977825363,1.32858834755007,-3.86023201474245,-1.20094629978939,-0.413582098918141,2.14873707609922,1.03478962304871,0.888502001828329,1.08908784333153,1.50843505514513,2.92640371347215,2.60151721049078,0.565398291857036,-0.482804342049803,1.5111782654285,-0.495217152719761,-3.1356935852923,1.15278367295741,0.79186821548501,-1.24161560929679,5.53070787225897,-0.907807179086376,0.750105152736523,-0.544413486799385,3.19926530990597,-0.837906217878299,-2.27291237774989,0.543879169845241,1.26804200269225,-0.62149464894128,0.522485286398478,4.615103065526,2.58911497358258,0.562731435650676,1.40462191123288,7.03517900367478,0.86054404976494,-3.96612335155078,0.396298069573277,0.682593162118337,-1.99327812495449,2.62750822546559,-2.36379076937692,3.1692696308719,2.47770613988132,417.236739403962,3.73028003860691,3.32529538362542,-2.01643251939959,-0.165426570409181,0.214278951427787,66.1979706190391,-1.96960649659923,283.509082617379,3.49979211499112,-1.59405986826232,3.18998436533821,0.315628484481294,-0.857393858970227,84.5754127631658
29,-0.854880490289816,41.9221050741767,-1.2447274553324,0.933092940979805,5.61565725285391,2.06710717763826,4.47319834045265,2.02027868115829,7.73011148493515,51.9173966809866,-1.91129954543067,3.22401213601643,1.67939847627713,3.46830782868528,1.26759548890959,-0.125840420364057,-2.85276964301784,0.547003282659261,-4.27331002423807,-2.16182127962111,1.19315804229291,1.36679250639918,0.517099247104397,-0.9083913523109,127.849806597681,2.95364948161205,0.959099424075703,5.5987177550619,0.612387490493347,-0.747111222264721,-4.32159013408591,-0.709999505153974,1.86143411825879,1.98962261828638,-1.0633002921154,-3.02654996968204,0.135334992975913,-0.551826300565608,2.51238738446773,-0.166104770190941,-2.7630649439543,-1.90806880053606,3.10889016177225,-2.29084678800245,0.288901223345874,-5.80349381109227,1.21791075925603,-1.38356365036998,-2.07607282419849,-0.463626365829896,1.08958988698487,1.48876851490968,3.5648154585474,-0.972627193024437,2.78180763098362,0.421915577143409,-0.294208739338501,0.603377521423226,0.883870619639765,0.899111530200571,1.28657763305273,0.590493987066566,-0.799421862003328,0.315575212297972,1.19980027544943,4.95849145939019,-1.96391030358473,2.24824184035015,0.27984282679472,1.85968440363831,0.975908329762206,2.07006515994817,2.61254472839119,0.539117675210036,0.212482897170503,0.50100665256241,0.494236337803613,2.56601963282947,-0.813414802430543,-3.54972907721412,1.18038504093602,2.29441434103501,-2.15051147816757,3.24981787179468,-3.25281074836448,1.03642356945284,-0.617751291101285,3.47011063627542,-0.658054725035981,-0.0917965311418811,2.4987443003979,-0.987941488762772,1.58375975306399,-2.05336457588555,-1.88470481938703,-1.29225710550691,0.814528987486028,-6.69215622891579,3.03911474381584,-0.0434275627330862,1.01298429680128,-2.7874445593684,-3.88627974294332,13.81648870765,-0.378189094964455,-2.00186793089006,3.54496748459724,0.765361825695891,2.66541788300719,-0.705790667462225,3.9588195811898,3.8914810177962,-2.06616733884266,493.559142393746,-0.535235555861618,-3.76321573907444,6.81418626778895,2.35610696975982,-0.489822802592244,114.247983947295,-0.789330811095169,367.563473138972,2.29700320160146,-4.81147936255911,-2.06766839105967,-0.480438278107158,1.38512385224067,154.71460283544
30,0.982464670183163,60.6803511263079,-3.30498045964441,4.58969221745883,4.34184955039655,4.79280523537273,-0.603099909974389,1.34370757317811,-1.15285935448082,73.2147904078711,3.51852989209146,-1.13615764560973,2.58458286381256,-2.7998757605892,-1.07199305609856,-1.42247892163323,-2.44320216342066,2.03720407655965,0.535714922772513,0.870372257041709,0.158849970745905,-2.54161785912902,-1.72896902808816,0.551626730071348,135.011994411446,1.19540841169237,-0.833496087560434,0.176240999385755,-0.766553533229853,-3.12072139105339,0.946531178834903,-1.83391025471656,-0.0253294027725133,4.79383443133656,-2.07195157095657,2.14295961071866,3.60571203210884,-5.82085077157717,1.77823675793343,-0.0541301922889943,-1.76943297365415,1.99588894337103,-0.398329839181315,1.83371702479872,-0.619952899139207,1.25364587164131,-0.577342326771486,1.89819984870655,0.0669374321528267,-1.66313086301034,-1.03970182250896,3.11817831515873,1.94074665042808,-2.35996738079666,-0.813591777879537,0.0272932846633012,0.310436843750267,0.796634958503091,1.82441023584579,-1.6498446008718,0.787872225619594,-0.421219545864915,0.467076665383502,0.930287186408805,-2.23448259173983,1.45650513071587,0.0242880327041348,-2.03405920740215,-1.37519717238956,0.0294033061118171,-4.15132283543971,0.0183562411239109,0.444330905976585,-0.375072923214248,-2.29012614130852,-1.06703539907994,-1.50521087078687,-0.0956197012301345,0.174567235410905,1.10960124724033,1.04762364831367,0.686924908989113,0.235526404419488,0.363827079613202,1.10684446933101,1.30491406390593,3.02530044896412,-0.178363558557521,2.11223658968902,-0.612753421773505,2.86254392012461,0.762777229042968,0.11292575196876,-0.701641450632451,3.67924314592074,2.57472873251982,2.08305395771276,-1.58863104921738,1.22669299998961,4.88240892552585,0.21432337818851,2.07924438572172,3.01132371464837,23.5453962533529,0.335458992731674,-0.399634043155402,-0.997970326197901,0.673597799539948,2.9521142456656,-0.640775544154167,1.38905809854668,15.7493340049568,-3.3901044512877,554.253620296395,1.66048337307939,0.833315174557811,-2.69331470937732,-0.804059349778981,0.59500786100034,192.832681958143,-0.631330136334782,442.568644393836,-3.55209635117899,1.59732585302072,-0.590404519796266,0.15001869812113,3.3667625509338,238.7967911598
31,2.42406420381803,84.9163758174341,4.82236267755206,-0.765346053364283,0.876419062145942,-2.13153892321088,-0.620702338163937,1.8684680098886,-0.957915812281499,101.310211974459,-2.30119963939205,0.915313779833923,1.69957070151713,0.46063026583488,-3.16738084322697,-1.00740594657691,-2.29431048127996,-3.04017212113649,-3.76165055873571,1.85393544058843,-1.30573859535161,-3.75663719533941,-1.24145683816459,0.479743209513799,144.114620233119,-1.78519670686455,-2.20899631042585,1.58736386212377,-0.0403009741330607,0.602348509008607,-0.172882497773116,1.21415402215007,-6.45983770255043,3.53501017173721,-3.48001777596755,-2.80509998606021,1.98552213117682,2.38209835592534,0.04629440366989,4.66484591043991,0.0626346344806734,1.41582453336969,3.28764311848954,0.54395320786125,1.06977487636959,2.01805355396482,1.11562918921072,1.7249907971518,-0.186551209408208,-2.04072713799133,0.844323051834181,4.34292257038578,0.792386037473989,1.27702608809204,0.607481611069034,2.43462080486961,1.20216939500324,-0.97675953998214,1.26756480779068,0.112367604447172,0.11938023853736,1.81855796459877,-1.73877074862139,-1.33882579283954,0.5377096559846,-0.400705038977321,0.956772462079698,-0.284163652523148,-6.78729087364536,1.57398519323078,1.42870841823378,0.101844433609585,-0.770627624088775,2.01377652182555,2.1082348951204,-0.947592756941503,2.80038548253742,0.73553366331862,-0.39440417163496,0.943826663086384,-0.00285112443634716,4.27779138780625,0.640340826691499,1.93687334814513,1.82875392566757,-0.406351670754702,-4.56988955416,-0.804503974023646,0.935568533791411,7.46845430725762,0.219755464048376,0.147478806949493,1.23542253899359,-2.71723014442887,0.745457995728884,6.37753506855461,3.18261719297197,3.96107779609474,1.80192611279426,3.7017268454747,3.17519458390825,1.78076968542018,-4.36056752654395,52.2030209908198,-1.27842709712058,2.42390598757083,-2.42678145065565,1.36832403098879,-2.65054439937876,2.93433305378312,-2.0378451115912,31.142579634256,-1.00258270567338,600.226016087867,-0.24188278587917,3.8107423262386,1.83950132168366,-5.61937737214794,3.44955334201086,277.307150352518,2.29610017748109,502.642622561707,-0.345046305929827,3.03649036926481,0.630048892153809,1.12708355104041,3.07769563643296,331.918369408818
32,-1.74278780140685,112.289353762098,-2.70436112242169,2.02770700110113,-2.49270615995056,3.5710909766949,-0.901514331221733,-2.69724362078841,0.898664011906021,133.412589201286,-3.97692918592793,-0.70981341434026,0.75564468211951,3.70937194097769,2.14133210671253,-0.246606726303526,-0.612614110462346,-3.05662095236085,-0.126706265054963,-1.29355827110112,-2.30581954275294,4.00932251391123,-1.90678576813798,5.37542140235519,151.137866403702,-0.555848409977443,-0.372204676009915,-2.26759365486805,4.2241168266346,-2.01169681012561,1.96139954782666,-4.78070647373897,-0.0420169952344622,-1.31713494990117,0.0651076496483256,0.742122376575935,-0.0387063285888871,-1.4104299207238,0.475954627470855,-2.0310465734683,1.49446346374589,-0.585978882776089,-2.08111544335407,2.115054458754,0.324376642546213,-3.59748546385254,0.0882635045882125,-0.40919787368648,0.191373361268234,1.96037330150057,1.64067910121366,-1.22351789300137,-1.37512750253381,-1.20383441422837,2.44459115500695,-1.0564597698085,0.0485124766423723,0.187145121854428,-0.43701710608957,-1.19828456667028,1.34536565170583,-0.445999198742356,0.900868097385683,0.786165508476643,-0.65740697104593,-3.29975286137505,-1.99178233877274,0.415079203852656,0.904213153349701,-1.28958687075101,-2.3894339419362,0.315070897172063,-0.411109649248374,1.80011931522449,-0.441984030912863,-1.0145634301457,1.78175536613753,-1.80976476636988,3.33259175818012,-1.44553033016746,0.489648456029954,-2.53946469497851,-3.5740415978712,-0.279780259095332,1.09627647345496,1.45933606697599,-2.54662251257787,3.33200328320254,2.3421498120224,1.81117903633185,2.92090037452272,-1.32261390330314,-1.06859382395896,-0.456330420690392,-0.902293523380195,14.331344957719,0.824113310612574,-0.223620395872786,1.76619820061978,-3.14230481106097,2.03813272467869,0.224600805964656,-4.13653774832801,84.3885503576466,1.56135507190038,-2.48662962255094,1.9414824102837,-0.957565157326371,0.750867311169259,0.993362713821625,0.30070481723169,60.0910265333955,1.01957602247239,629.38021768374,0.148129909272939,-0.662410458353861,-2.05364780180389,1.70488719084369,1.4155597134295,366.547656998247,2.25442893281661,546.510931960344,5.67444535821369,0.386582333969727,1.79265243504778,-2.41987225484536,-4.77355947595288,425.332946082659
33,0.0613480293413886,141.138716801639,2.52874617184034,-5.69346024426795,2.02701747453557,-1.98450154801822,-3.8265402755851,1.07568873617765,1.13365947526381,167.331601834387,1.94109965562438,-0.130077798168713,3.06660377639219,0.454345722615926,2.77358072263814,-1.18707358210577,1.79247464209084,-0.023105234472041,-2.04471294762925,-1.43819969401738,1.19530860552413,0.904934911312012,4.00438159179703,-4.22293701001854,156.823575198315,3.30283578316448,-0.837064574889155,-6.18050653222281,1.97840871720791,3.85041784874238,-0.461417725994579,-2.35065668137668,-6.03105504713722,3.05278113668101,-0.312771783277185,1.47163415987279,-0.28544125931603,-2.6638461992311,-4.99515630545329,1.2235550258174,0.163731696317427,-1.89099432528474,6.31113504305267,0.370388863980224,3.37165462765824,1.01933681996934,-0.984882601444042,0.975509420848539,-2.81779050497744,2.08078097043608,0.75438136147659,-3.70234977252085,0.026783262853769,0.879931829791076,-2.52515744677521,0.207441622464557,1.15927219726427,2.49612376281902,2.41560238976126,1.49799918558801,-0.685097141671122,1.17638643342661,3.14008904624097,1.27247617702733,0.516671019413479,-0.196136620339075,1.05956015722404,-1.03057925746725,0.944150487015577,-6.83345523786511,0.736008396939269,0.520047658453223,-1.76415707007163,-1.58273046529757,-1.57522392443434,1.36510372649354,-0.595355535998351,-2.03816540340267,-0.424109743115878,1.99547040897642,3.51606645563697,-1.00917174360347,-0.191155261237782,-3.92501661247161,-3.57744026365481,-3.11799494468141,1.18866472062837,2.26833187278362,0.823415763574303,0.00966370603964606,0.040008266579207,0.80692388372654,-0.52047732083247,-0.126990558720536,0.299722400923656,27.0605069362741,2.47764002631402,-0.850287482812746,2.80978754709304,0.573980719017072,-2.18398846218179,0.186879468962161,-0.101108565871073,152.486132078495,1.29828162774947,4.58054255367733,0.229235864631391,1.89182106137605,-0.570431781493426,0.528985716490297,1.58420174260073,108.160087587857,-1.71999429585367,650.247576758881,0.49070094765375,0.0836763598099424,-4.70771547905451,1.52927898755206,-3.26798380868104,448.735359905143,-2.1063593498211,579.75170923153,-1.5664968678534,-3.93655588489037,-0.124346864226482,-3.83966615866711,3.60759562873181,507.368342875186
34,0.455338634571035,170.858529419648,-0.196976222582634,-2.54525136794746,-2.89913937012079,-5.13205286309767,-0.0679703625437469,1.67041947741836,0.970071808396369,201.424735161522,1.65655820175016,-0.211949821558846,4.42695779508858,0.906471486939154,3.60124069220865,-1.61365587628688,2.93946781021138,2.78196127314004,2.47885825045159,2.33043463087051,0.185561125556433,1.05716679627585,-2.99536811032931,-1.9355532943141,162.922914669044,1.03120092068139,0.710372038785408,-2.38175066207441,10.720687196776,-3.27239353691357,2.17275672140568,3.47733884587205,0.614741090891584,-2.93734024117248,2.8497261188586,2.72431794590466,-2.66735983149056,-2.27347511618109,-1.01575525187445,-0.933505376459834,2.42318037437644,1.77070075311985,-0.28509252507547,0.924976860984316,-0.321942930400382,1.53502629914419,1.98719389153302,-0.263712851534819,-4.38871916437574,2.38677355643358,0.132206948762814,1.52467823673942,0.157286817837303,0.587871051209731,0.972771810980248,2.1778741729886,-0.96924510984627,-0.593520395055748,-3.1379134708086,-0.982138111384302,-2.39685331476903,-2.6156573855792,-1.64328397376858,-1.83291294645778,1.1350662982818,0.227899602387879,1.17482268261574,1.27969467870571,-3.44254672476382,0.643900751374986,1.05053092258549,4.20727132598086,-0.815963269028543,1.0922666717961,0.119432948151825,-1.48514532601348,-3.3160735110323,-1.91290736083647,1.47067694931775,-1.7146210998053,0.562090348371385,-0.039496158455222,0.531038784525208,-0.367104223404567,-1.25727048082172,2.17568558754192,-0.690169540626357,7.28677700511753,-1.91228689172021,-1.57318251317975,1.53065949158008,-1.01471230980223,-0.119979032302126,0.65616478345828,-1.23760533658879,45.8538063268838,2.37053488631227,4.24986474659181,-1.61088465935381,4.45427650554029,3.53589392234926,1.45367889069166,0.521824021910106,230.999768265878,2.33691351039852,4.86811998556186,-4.06646822483935,1.5798468777125,-0.0731389829711588,1.24205612917058,-1.08127587916715,191.605932578976,-0.777043168939144,662.917657519889,-0.312655370450102,0.402640408849493,-1.01227412988692,5.43200025494252,2.03283598448661,517.045661934707,-1.10366101528143,602.484170048373,-2.76115724241527,6.31038893689311,-0.513249862666271,-0.51733980778863,0.38202789709203,574.975789206723
35,-0.0770449201063457,202.091090312625,0.153875905392852,4.94326153597467,-3.47630170161847,0.969260136886533,0.908026007884473,1.66878840672962,1.19673738404163,234.100935151464,-1.41513131226111,1.16930544591833,-3.22164318248633,-0.777035380502184,-3.52557507651682,2.74202155491184,2.86535020649535,2.89771947085319,2.54080237172593,1.85535262910571,3.31751244223187,0.805240842948933,0.0327485173747846,-2.40946662454053,167.135124883932,3.53763402427603,0.496049604617383,-0.0465283001335592,16.9509888738075,-0.143370537703504,0.649003042884033,2.20116656141181,-1.03518037594677,-0.789266451316053,0.4275928315069,-0.210189236967835,2.39275357527686,0.779533800238369,0.607006215165256,0.654677199162961,-0.185164174619331,2.99383382329779,5.95415109702208,-0.17453066893404,-1.14488356061202,1.13169838922704,-0.718124259363776,0.533521768832088,1.6021746385959,4.29185857562834,-1.20309587224938,1.13989611771785,-2.26871660188817,2.20235727003819,2.05912229116893,1.80601011369572,-0.260818555992046,2.62082846688145,3.35558156672323,-1.58220582516105,3.3274418889464,1.82326575738171,-0.715956500654102,2.45502167024279,0.607697538418961,-0.248953049381726,-0.726210334326424,-0.00189227517603285,-1.54196320705205,0.00816958911127585,4.4750966838501,-3.15336023793998,-0.834367256898076,0.735024875248655,-0.0238491186637475,-0.116052968828171,-2.58634309398985,0.755969407940029,-2.13316600485314,0.123645522078732,0.450909488061825,-1.05216927308402,3.44958354619166,-1.23652792148096,0.741282575936111,0.37325943220003,-1.77017819277307,19.8719268400541,-2.08350051863499,1.65203148973569,0.79479663118218,0.532604746053039,0.0245386421183866,1.01034743977243,-1.79397934837789,86.1381378710539,-5.12196498672256,-4.18338967262071,0.531360086787572,2.89286585438504,-4.18212112181163,-1.38594984159772,-0.658470332341494,318.552143876447,-1.33317837178492,-0.490477822902903,-1.34110880808203,-1.54130339780841,-3.18349717767251,-4.75231833639009,-5.18573114016999,277.642554046132,-3.35260046316989,671.718147850296,-2.81356721314751,4.03227201102754,-0.901309963371205,-0.663654111405776,2.02121529867418,568.166724828793,-2.75616816029651,619.848473579132,-0.815811613008464,2.43457895157098,-1.81203666571037,-0.165331441722174,1.87165999924582,627.591769642769
36,-0.815130138342283,232.501660951193,0.271084264194542,-0.180840733772129,-3.1324861661883,1.04370787765401,0.632800578463957,-2.7445519986195,0.49734668624933,265.700811995029,-1.4550209417439,-2.82604850979624,-1.53436624818687,-1.96202103742189,-1.55428063758154,1.9202449022855,3.04939643287253,0.0820432814712149,-1.42724550223102,1.48327142360722,-1.00246787234528,1.38612608030235,-1.32880706825335,5.41108884269715,172.424343355651,3.32760895216188,1.99856908725269,2.88432074660341,37.5479281068933,0.179002380463771,-1.13021109196779,-4.88060036063644,3.86907168206926,0.337098871100807,1.71767225004442,3.25845623037503,0.598273842249,-0.141682115328877,-1.77721415298583,0.137666837717461,1.96700221626679,-0.501204804319514,0.670664206114907,-1.86852467152767,2.1413517065148,0.022160705056649,0.790147226985937,-0.623869146039397,0.25247819814831,0.76073846050258,2.74511974620691,0.264535539448389,3.84245144184979,-1.98410872466411,-1.63994793884831,-2.09442208689188,4.54957410606994,-0.710748072856859,-0.877162781090192,1.04476123591621,1.10384470403005,-4.2091719162413,-1.22735240163229,0.826856882665197,6.0271972153937,-2.66790227280535,-0.0457266400135268,-3.03635896976175,1.92291220434754,1.01796027042838,2.39057065193174,4.23550833887521,0.533184233709108,2.4296729440407,3.13439199613549,2.11998663775739,1.02424901694485,-3.03934317632775,-0.651651314702576,-4.08118283524527,-0.601675566271297,-0.178652828181384,2.59455053047986,0.0117155592520248,3.27248504826775,-1.13451875533656,0.534521749951182,44.7774577825726,-0.45022366943931,-1.79841932562113,-0.41663877249448,3.04638482709242,0.321693444636367,-2.9941713244134,-1.24504768299721,153.760510507065,-5.41611480127403,1.30570793538391,3.43917359560737,-0.555745160866991,-0.97924188252091,-0.670148808004797,0.206991678599479,402.733910675697,-4.09930715618111,-0.744832790507644,0.754091535313819,2.5089740107228,0.431375361990831,-0.481821512188617,-0.179020964588744,363.173638644953,2.69184715814708,676.118287795012,-5.14980726658769,-3.25994314527225,1.19160515230533,1.3270912511648,0.787711764916821,606.641777303313,2.20115866813194,630.986594811811,1.72851509074962,0.360061952419528,2.25601992639076,1.23088206340844,-1.36658870495103,663.011937056116
37,-2.92017272803605,263.787138169437,0.876608878959814,-0.450682206359033,2.81843067156933,1.47675671253364,3.03710119581183,-3.90640907617399,-0.704693766591845,297.224163443614,1.65633847348272,-3.57648840204274,-1.96146266616779,2.50620190610016,2.04026642401732,-3.90348910243119,2.9024839899051,0.431952244325203,1.16162681356764,5.72317650528612,-1.38777652680301,-0.427677520390716,-2.78415543067285,0.240559464919443,176.721346269653,-1.34308214821795,4.54807043262508,-0.591433812101513,72.5635924372468,-4.00989819533788,1.33107456942025,-0.399436728064302,-0.154558672598796,1.0027644463762,2.65348016845155,2.63703675120451,0.675411176985563,2.81563733694929,1.39666347513412,-2.1016162904416,4.34148643859317,1.46560714838461,-3.944504250911,-0.942930367123154,3.71683076253521,-2.07466211709198,-0.227335072892402,-1.42467962754108,3.89463138154042,4.20465323954659,-2.08583853773052,2.27311901364465,-3.28215072125249,3.52417305814743,-0.0894572405936742,-1.15810394812161,-0.475854543195055,1.59965003610023,1.72440165581065,2.16889989533001,-0.167303293283112,-1.88981347653726,-0.524116665308156,-2.45933590587174,-3.53349591472443,0.796735312518194,-1.79245283086129,4.91224713369138,1.18545798012974,3.90128073467758,1.05153472095617,0.898285652675895,1.67037906249288,-1.43798448243706,0.768724891036072,0.612118917923453,-0.44049358950133,2.25626271257306,-3.1827073026152,1.96030782379421,0.766167628359199,-0.487038106477485,-0.415587737433725,-0.281445456675101,-0.466414763432113,2.93700584347607,-0.282313467673248,82.3706892384525,0.688851883079224,-0.756079615578983,-2.83174044399038,0.708811064222118,1.08379913038107,0.813549957966643,-1.05694740528907,228.738198824077,-4.37273712098795,2.21086278901703,-1.10528771619875,4.34484439222979,0.390148053775647,4.02161131568937,3.24146056336804,473.625361964846,1.41033484662603,-0.228416216679307,3.68286495088569,2.70529025763017,-2.51994628545208,-3.44966487097736,0.163851027973578,443.728338936501,1.03102384283511,680.169684656684,0.229480463038271,-1.65363946127172,-0.235403688236147,2.63051266905904,-0.738381443091384,632.002951704093,-0.0684795032207148,638.300746785646,-0.204269549117726,-0.748064666087885,1.03588924857422,-2.53013030750435,0.124084724903696,688.900919539757
38,-3.00555874346537,292.178290815292,2.06199708403665,-1.24680513992416,2.23624391455132,1.0534602935636,-1.45458274398288,-0.385043117395071,1.65522481932521,327.639745736378,-1.30175582124502,0.84001085189675,-3.44253170054617,-0.75727157143001,-0.783505908703319,2.3762699219883,2.07413886614207,-1.85627988125952,2.02341623072061,-3.77652508126675,0.23160648250041,-0.451606238203112,3.00558884148131,1.11114641583617,183.56287743745,-1.79698515767768,-1.46526461913572,-4.29410677127453,124.873021464659,-1.7548323542851,-1.15020366509998,-3.9922018534462,1.99727697895923,-4.09609648266314,-2.54422871151792,1.5637273772918,0.878422372513342,2.05781934033848,0.20819072324548,1.05444508045139,0.646428517291952,1.19654071004652,-1.82269200272685,-3.25709478327008,-4.75694412385747,0.946802242273861,-0.663406858784128,2.28722957979062,1.85639160624487,-2.60807370275597,2.50365230343459,-2.85926507146633,-1.73320760041997,-0.777119294760269,-0.776523278381774,-0.441823553424911,-7.23685880641779,-1.48009446820879,-4.10098150463,2.65360284476901,-3.63165068487342,1.12708756994425,1.78265595865287,0.953930350173778,0.885594470248634,1.88221207338029,1.76357676993803,3.33953401042709,5.09335695270329,2.27085176812579,-3.5800481833362,-1.1306790905337,1.34135337097769,-5.7753168030199,-0.40958848987475,0.294311086374819,1.2794937714757,0.138532136399135,0.56643471577263,0.406652547446356,-1.62779889739386,-2.18634154036272,0.376222149483965,-0.354435024512441,-1.05021836484138,2.42036986127596,-1.43015587642776,145.267719882005,0.639554751864125,-0.282369120141993,1.78986030620081,-2.15885276757081,3.29357619814982,1.68364872422126,-1.17959043012115,311.837295990289,-2.258648317184,1.06887900282709,-1.90163270252879,-7.32776436844415,0.236699537312234,0.96494178085004,1.79158154251536,527.887323111981,1.687622000999,-1.35035137265595,3.66906060106476,-3.04336368258419,0.522744678344679,-4.20043517548993,2.09053051780529,510.470559941631,0.422272904708734,681.588334348589,0.876251343802323,1.82501935575146,-1.02602634373261,-6.35835936929743,3.97898129541181,651.590948036155,-2.3701149267813,640.995477502494,-0.993245152602867,2.07604268016166,2.72123853977928,1.52321953520595,-2.49271924811455,703.083258783232
39,1.77226222118543,321.435880573423,-1.4547133636288,0.700033559543499,0.777686700659615,-6.47917161658324,-1.29339643728736,0.0806839311626391,-2.841736245839,356.834253397916,-2.61870928232565,3.3201498141616,-1.49827563655253,0.285946698772477,-0.798790292456488,-0.132551443997727,1.00635653989063,3.54333603170062,3.50180276670017,-1.8125782662587,-2.46845886106803,-2.34002352379321,-0.800160975651124,1.36886669064279,190.311431606892,-6.39488488048482,-1.20438207256666,1.43219650801075,187.669034358215,3.05564804672667,-0.829339317139329,0.111282356655465,1.35794212902056,-4.11969487019132,0.375575611522436,-2.1180028829358,-3.55304508076051,1.30740702420235,4.52631593418937,1.57572362125438,1.48549714930959,1.48955371516877,-0.117537171400272,0.608196086711359,-1.55823032036869,-0.180560048187999,1.51347539644757,-0.773189924704184,-2.04152059597209,4.1689201203053,0.199956760934583,-3.51611582380974,-1.94076167089588,0.802533511564889,2.56260960890177,-0.439825387646124,1.50646147483303,-1.72082051543612,-0.425786371197773,0.828304223427949,3.56164640757106,0.82709807427409,1.54156250788719,2.25457787140886,-0.630082686128389,-4.58732502045859,3.00141176366697,-0.905977370573964,0.833846026244828,0.311658008710765,-0.959601840552295,-4.75561321611667,0.936315342013131,0.605270440221375,1.14413935790617,2.2586142459445,-0.272621121307566,3.74083880271428,-0.226004546194872,-4.08190754083171,1.66097657517867,3.3438078934596,-0.00179521104746527,3.11013861997799,-4.59316634328979,-4.23849838773231,0.29922602916804,212.465924291718,1.1743040557526,0.495171815260619,-1.19620328261044,0.761133363530917,0.264986251508617,1.29740897879765,2.1161919887104,387.964600964508,2.86201116475877,2.42648664834815,-3.38176315634155,-2.9290986858764,0.0727484726603507,-2.86251421041607,0.111282253524223,564.146367418054,-0.808853149273091,0.789972230805233,0.674008640914508,-2.23718210136622,-1.87279338325243,0.946503901285723,0.243969427275715,561.579346110335,2.15807226235393,683.680964162454,1.85002069323491,-1.18388682274781,-1.0408946611492,0.358381788336374,-2.6177820630628,661.868662652406,1.41898781230111,642.949062235187,3.04757421692011,-3.0501389715173,0.573123572205986,3.77035498736723,4.89386911654356,712.888126459652
40,-3.01168387041571,349.48381768839,-3.61450111707063,-0.434702771343382,-1.26519335373814,2.5024256778006,-2.49592316696544,4.80685114981588,0.624009477835898,384.586293831888,3.25720515625198,0.0520000377614451,-1.35347590084666,1.37344519174621,-1.66428270162032,2.37213289812644,0.300821305984755,3.26858649304859,3.03351346174441,1.82659404081005,-1.31626023185891,3.06368018778176,0.13409707193523,0.506357953293445,196.64890180858,-1.17068594082502,3.83583892687193,-2.78020140984836,255.453298958801,-0.607652330482324,-0.325663041533971,3.90872720588777,1.40830147058159,-0.104216302153873,1.03555278538261,-2.32167736907422,0.139446028732891,-1.98672785394592,2.52065511993533,-0.0313845290979771,1.73587709156936,1.24153093544555,-0.637433598246844,0.828445130966429,-3.27824981792628,3.59108248212806,-1.71445030736913,1.60645433114496,2.87588301362166,-2.36082845371948,-2.86705560253995,2.19374742173795,2.23361980304026,2.46529546147713,-1.4145727927289,0.607341777922557,0.250668624489208,2.88608474482407,2.21907210976178,0.988941458252611,-0.2900173164835,0.203310458271517,-1.04345662541846,1.30185481369745,-1.30556908544213,0.26532726105188,0.0523130551664508,-1.53675754289588,-0.846290217186379,-4.04152513708868,2.37018021930226,-4.88438334916509,-1.77543483619047,-1.46310790669804,-1.77943530034281,3.73339837698904,1.31899580464324,-2.48644313598879,0.0223674262701934,3.38267559078622,-2.70750500849181,1.12796464685789,-2.58126294668091,-0.436544379076622,-0.718923763577095,3.06371012193176,2.11389342998154,283.965302467592,-4.01310518986747,-1.09411683925146,-1.2270677568913,-1.33877865315253,-3.0431519527001,4.88122044556349,2.79434460989842,456.607497076068,2.37903343517064,5.09760175485872,-3.41265697863491,-4.57339531825573,-2.31584393427784,-1.20189456830167,-3.80070795081656,589.123723924281,1.00183475042195,2.05439143168314,0.845796127940503,-0.832358852865582,1.18009164702517,2.8255903133545,0.393542477531355,601.176904380362,0.131174706868933,685.727905356455,-1.2462003768951,-1.22468086846948,4.06134031214924,4.07140216482094,-2.37608123851214,669.326618814907,3.32963694370892,645.212989199561,1.99075030631366,3.39487042507562,1.90946407462434,0.422565154172844,-2.14603082353324,718.603273383128
