Cycle,A17,A18,A19,A20,A21,A22,A23,A24,B17,B18,B19,B20,B21,B22,B23,B24,C17,C18,C19,C20,C21,C22,C23,C24,D17,D18,D19,D20,D21,D22,D23,D24,E17,E18,E19,E20,E21,E22,E23,E24,F17,F18,F19,F20,F21,F22,F23,F24,G17,G18,G19,G20,G21,G22,G23,G24,H17,H18,H19,H20,H21,H22,H23,H24,I17,I18,I19,I20,I21,I22,I23,I24,J17,J18,J19,J20,J21,J22,J23,J24,K17,K18,K19,K20,K21,K22,K23,L17,L18,L19,L20,L21,L22,L23,M17,M18,M19,M20,M21,M22,M23,N17,N18,N19,N20,N21,N22,N23,O17,O18,O19,O20,O21,O22,O23,O24,P17,P18,P19,P20,P21,P22,P23,P24
1,6.7459665124934,14.440352678836,9.06963087919939,-7.26027479315917,-7.88952990336747,1.55233124319329,0.470449956732409,6.32888050885958,27.5842587577504,30.0764595856531,29.4479288757025,28.0029219431494,30.9080765970057,-0.710337231197173,5.2393529256733,-0.498102235412716,18.2462262282529,28.1741743654679,25.3934854431441,18.7773067330236,10.2131150841619,-0.346128086381668,2.01334096989513,4.72357677304944,28.1831256390628,25.7080528703796,18.5702186216795,20.8837917354676,13.6200998819336,2.26508204606125,0.47457196740379,3.60662024342946,23.1178915388205,22.1907730535427,17.0161182944066,26.9538101868825,8.10263040352902,-0.530137036097585,1.22911024578525,-0.163560538409911,25.7414482635368,32.9253269849019,21.1920339755684,7.96077625908947,25.0007530652128,-5.15957844275954,2.83453814265067,1.04382864479476,24.4189799021865,50.5367750647169,19.0760245578244,10.922318216999,-2.37867420176144,0.997690310222424,4.82932207910881,1.9381340096129,20.8682847798809,34.4227642941569,32.609330993922,25.5918193729012,5.27363824107169,-0.922052850202363,1.62942769337906,-4.51052055313903,26.0040681405308,19.4378699993154,14.9362781955756,26.7073622707271,-1.24810364015821,-1.22703757351974,3.86148404943469,-8.81782081899291,26.9065724886609,26.6803774722785,23.8580494407174,15.7540150024133,-2.25964754051483,-1.33850962157567,1.60248846260538,30.6353765991685,29.5129074028559,33.7303721635276,27.1162903107897,23.3910466206648,3.90871812020396,1.77508092293283,-1.70179655293896,38.3262250830358,34.7611221942557,38.3630552065242,24.3831252604637,1.66969139394905,2.59911810422818,-4.05206587965404,32.6727641698449,33.3904362637822,33.3590022551225,17.2390982058728,-2.03411466416628,-0.571490932346023,2.35340618669306,26.229632887103,46.3783604291239,30.0749058091465,17.0298843621677,2.07914719133623,-1.59596320179617,0.822073918542628,25.3973624827927,23.8493243841831,22.8643809760083,25.9663953090194,-4.92413509781909,5.67444030492743,0.202241191936082,6.08850485629955,21.769230846443,16.5036811713194,30.7411993762526,25.9101872219308,0.329891150528965,1.76165931852165,1.52036194316224,-56.4088494651628
2,7.4874415730178,12.8028845221634,9.13809181909392,-7.94655869514781,6.28565102236644,-1.27322505453094,1.80047394830535,2.06986092405805,7.98325734087439,15.3933162217818,13.684395777324,10.7467510232636,11.6384949090502,-2.48247172545689,0.669714698336975,-1.71694887752847,7.07128178464927,16.4525473448002,11.0609092425184,8.03837631482656,-7.79117240174037,0.284559754122256,1.04284723162846,-0.30316605401822,9.77172159851398,10.2212877685279,1.64147595010172,10.6431853452405,6.02287439687098,3.52853951430279,-5.31428610020748,-4.66149972733911,5.26713872179971,2.90533301515006,2.14597656315482,13.4512989375162,0.390817011229501,-2.04601618913648,-2.09371608469837,-1.94461231764626,9.42921564974358,18.3982139334526,2.05186271896855,2.90575319234404,8.84924150591542,1.23305394272165,-0.998191946864154,-0.422715933601921,8.54439205052677,26.5967606703903,0.441124161310654,2.73874450860149,1.64994692509708,3.1583479172732,5.47808060854413,6.87513295863664,11.7947277117705,19.2691377528545,21.3291500813775,10.2655061390979,-0.200782938673456,-2.58340744494899,3.18013701405471,-2.62233148239238,13.63378464173,4.89628923956889,1.92372906223773,20.5666422152472,-0.0966265011138603,1.41910976415284,1.80884220090911,-8.46347075826588,11.4053669762425,14.1439205628485,8.12449463966459,10.0867358608939,0.826926778512643,1.20116987918209,2.06441873192171,35.54305845611,14.3482193847572,12.6787208114019,5.80123945450987,8.4167626543267,-1.11292485975855,-0.783052445314297,-3.36229912319322,22.9906073024922,14.1008805786287,17.7707134749635,9.12945424387681,0.770162613053344,2.2484341098575,-0.75704197705727,12.593647654608,11.6717460932027,17.0444218202388,9.28183279148334,-2.89152833714434,1.38601516943118,-2.58791673600354,6.82682333948287,33.2180215142839,17.1019889884865,4.80137179398798,-0.909190763330571,-0.667030751929815,-1.12072797879182,7.15993672029754,16.1699106495948,8.81191779080655,14.4048716476977,-0.954911788712252,1.27316367284311,4.30656939012579,10.1200625430356,11.7135385960696,7.38467290135168,22.5780899567526,17.5657234149048,-0.432264768299774,3.0882326460669,-3.77390769157864,-18.0959103425407
3,5.22033963391823,6.01497669797027,10.9372442781146,3.00321615080702,5.21210124724848,0.677530254545218,-2.6025970715591,1.91723573246645,7.77493037069189,16.3829365433908,7.36929275793364,4.28466660126787,12.0026585240475,-3.97373031954203,1.72356611485884,-3.76040245487957,7.41143718023568,5.49423410983945,10.3017715197789,10.9623952586398,0.326520178090504,0.842266593353088,1.81278099953806,1.82692571292637,9.15903807856239,7.36171876246863,12.7550261620686,5.16104682930154,2.70629494600826,0.615017751892992,2.24105977210866,0.66460917915947,6.39360952884181,5.91873922160494,3.3762068244796,6.04974785593049,6.38938424166145,-0.585696956596621,2.63423985016789,1.94313357669716,10.2379202388006,12.7691777380364,1.61480931320966,5.17010053507738,6.73003827979755,2.83868539457717,-1.57887905055532,1.06493252848713,10.2260847536581,10.5882017402273,10.834679613542,4.76912602495258,-0.0859641444762929,2.15605332330324,1.91641202210167,0.517824728271535,6.5645436337154,17.0797702456794,10.5014598386388,4.59778832088523,-4.95112975869051,0.0233209708931099,2.49172180694359,-3.37855630292233,5.67364182701249,6.43916293715984,-2.07963919348231,27.5038784789781,-2.18198850722365,1.74793330466127,2.60591261343734,-5.1656697422718,4.0596170352751,4.91584644459317,7.41252816616543,8.17227096447323,2.39980798054967,3.3336302876437,-1.67082705214079,37.5203695847631,11.8960537508583,11.8680788955194,10.1440129569928,3.72789854101802,4.17692289081697,0.955794559472906,-3.31477232207226,12.2565159688061,16.5260460944655,9.13528697753281,5.60401493445715,-0.356835127204704,-1.66190081720697,-2.10996394718723,8.35885392953787,13.8494257710845,12.3656268686718,8.39181132569138,1.09391273699703,-2.63568108344089,0.58631369368004,6.9758789416378,31.8261765076709,10.3220818039345,6.79231887752394,1.10484883076197,-4.02315473073122,0.434765748706468,6.66170112568761,14.6025443472017,6.86058517419406,10.594762396111,-1.14513972845316,-1.11124636012619,1.18755781567779,7.81391698716834,7.19427368347533,8.66581286131395,14.9248279428139,11.8419439478348,3.5735304466557,0.908751276961539,-1.83732455918948,-5.84542589632747
4,1.55131542294248,9.1200191106318,9.43201025602411,6.5263041248968,4.33689496000761,-1.53684925202651,-2.78058665440722,1.49578325252969,6.95119341322106,3.45478929312458,8.40075811321958,-0.848718531939994,7.23388876754188,-1.90883567179571,-0.52661890177842,0.835622457288991,3.98188873700428,7.76165188923642,6.97732786487177,4.74580372356559,2.43244220743509,-0.227667766968807,0.672341984832201,0.47780015435319,2.12629947110781,8.70537527617489,5.52257530043244,-1.38035473132413,5.00073423557978,-1.7703433298957,4.04491860535745,4.68930121323592,4.27150615020764,6.72494909616262,3.11471389723738,10.8645487712975,3.01381033933876,2.73640707123286,2.15730455957464,0.967826787586546,4.15843995042496,15.5747662514182,7.76951191473927,3.16380925154363,6.77685758615644,-0.297027550562234,1.74551165427783,-1.51135414686178,-0.688424011467305,10.6765947606459,4.84173390960086,5.12474754534151,2.94366686404646,1.56151642640907,2.86302383075781,7.80687295271127,3.35844233157286,3.12999062033396,5.76155748553219,8.70100764235303,0.607351978569113,2.48465299142708,-0.297687675501948,2.81758819057814,4.99142327126719,3.46631694644475,3.77999086840236,4.89278697026111,5.80436919580734,2.2753933888248,-1.4984558442743,-9.12051137141634,9.27881886723617,5.45067385161337,3.63154242064002,6.99866443441033,-1.02861024235108,-2.80321939466376,2.18427124929394,50.0271594463588,5.19313635068465,9.06077286196478,3.21782494254012,7.61062702056597,-0.0383149950198458,-1.33900290082966,-0.150888456322718,8.13268158673964,2.32849495370192,3.11971749979966,5.87563042902593,-1.38284660035197,-1.44038839202767,1.87077085571445,4.56239848116138,3.27203973068436,7.64571530004832,13.0508739374441,-2.65155760443167,1.63017633124946,4.17826500627962,7.28637274859739,32.7046609457116,7.56369295611466,1.89079283542424,-1.99926534452925,0.290992229635776,-1.93279169932066,8.53966651027849,10.2135819697132,10.1405676052532,9.50540096494296,0.482358395039682,1.36927458964919,-0.422772589398392,4.72072044073957,6.51637298045898,4.03318669046348,11.0498128765103,9.17176219923886,0.92910977825386,-1.22993815975815,2.14085742980296,-2.39297826755728
5,10.2852860344669,4.46110215428962,9.16076421470189,3.37482477071444,4.45661064768319,6.13925302609005,-6.85934676468105,4.70897889458274,6.604660921103,12.6995311676833,6.94829766616294,2.83004410545664,6.41634988600208,-2.06404217131467,-0.812063926594874,3.62094801456715,6.30801531493944,9.76551576060592,2.84604993030462,3.7972958000305,8.67040686240261,3.09510093746121,3.05009463570559,0.0366672991071937,5.37069864264322,3.07584647284966,4.87892603355158,0.483023047287588,8.53586004640556,-1.39969109364301,2.50369112816543,3.80051620833547,1.13727690409314,5.2754999183544,6.13070003146504,4.82740421307153,3.91124967195765,1.11676942023405,3.70009315414381,1.12587686245797,1.75408903481275,12.233374725568,1.93543899807901,8.07433522318706,8.29586766562716,1.25355963286211,2.01260442204875,3.10603553719375,3.72270253532861,7.28993642356591,2.11648086496689,7.59248302523292,-2.41060200801394,1.04422056309386,-2.07680466465354,2.2863292101174,1.10484630563133,6.65084383904332,6.44636669205147,5.37350859295475,0.479927693103946,-0.647386498111246,0.579696722617882,1.08027291047983,5.40959888312864,3.88133680462033,3.29866335912038,2.44623333949812,0.693445812300979,-0.803143308568451,-1.30823462902026,-3.14274713578516,2.85089682507669,0.422550755866268,5.78451262423869,2.20827373919474,3.05337569640551,0.393661263992726,4.93958393400135,59.9936379601827,2.19020157997784,7.30375830203684,2.83420675429761,5.99508448330653,1.28261219354272,-4.19051331935952,0.691881202592867,3.32003545909356,6.09746807259853,0.413279622854589,5.97836335071952,1.50423505608887,-0.839772026184164,5.63930807429961,6.38829694241394,3.40605961449455,4.32189320979342,8.527782092086,0.790499395614916,0.731539593479283,-1.84320926509054,5.48188638107422,-2.32063940786293,6.65170738079951,4.5823379723879,2.77080541057057,1.98070173102496,2.61867957297272,6.99693141736361,9.8981761138416,8.81370026680452,4.20700283663473,0.582573241652881,-4.31228627180599,-0.892248211337574,1.23679865223585,3.50723012863318,9.23521907374925,3.89856594283992,8.45920518740331,1.90388051617629,-3.43089500436463,2.59123760675061,6.20230319880829
6,5.58892602717106,7.83092345489194,7.71769153430478,3.90107640238784,10.4737978659364,-4.22348524793051,7.70888200117224,-1.27511679541612,2.10082449775382,2.41642442553348,2.08135447894665,-1.53566318782487,7.49499125007742,0.63537609010973,-2.25756770302178,-4.252338856596,2.56556838540291,5.58594436374005,2.02601180650845,3.0374558561507,3.69264389885757,4.19117169371657,1.5754619742861,6.22731461949252,1.44208817292247,4.83582897507767,0.322274433874554,4.25960789886221,1.54314421131994,0.146529336567255,1.29038878776328,-0.454459135971319,6.33365180857754,9.78591516784036,6.853574974597,7.75612595103348,4.6226755327607,-0.952076685440261,-1.53997900416425,-3.94601537919834,1.90256885070676,4.30987471508888,8.52695945857658,4.7802552447688,3.07217568917486,-1.87250705699762,6.13577800542816,3.63371593459942,2.14009356603674,1.19793672029436,5.86789176897764,2.24213835533783,1.26303290837768,-1.69287311623339,-3.91121822739933,8.25164013137737,1.7598006754456,-0.136793296278938,1.19086501226684,2.23218570991048,2.4521715152232,-1.30828309819117,-2.2426264538899,-3.31766630306038,4.38728996349391,-1.5565625464983,5.59032623294661,-4.9748606756707,-1.29577460545033,-1.72004589683092,-1.07369910576836,0.172889855953144,-0.0400571700647561,0.95344103628986,1.52363457078218,5.27288982043365,1.67066532070339,-1.47124791935585,-0.609773080074774,66.5362407668581,-2.63819946380636,5.28364071443639,2.53506231992424,4.9856347939176,-1.27220721376716,0.0608167328746276,-1.52161553336418,-1.56056519440381,2.85838593990002,-0.906642668292989,1.31770962002611,1.10374421092365,-3.80980164234734,-1.98621981046063,2.41476903648118,1.62853852484386,3.97387783219665,14.3983119938644,-0.985456561580577,-1.1196032630005,0.612746768188117,2.96716197009664,-10.363733468912,4.68303976903508,3.44154622006636,-1.0265498127842,0.626155028345693,0.767677979879863,9.822034804748,-1.56094317465158,2.24532504384342,3.99273222527108,-0.638160440483261,3.22953474927135,3.21218767186792,4.92612564822639,1.13307551001981,1.94922681917888,-1.17511845094759,3.83905820292739,-0.0309954492795441,5.28928322127604,-2.86966547275551,1.53270478355353
7,-2.5415824059296,-3.98192652209718,3.42496067494767,4.54766534728196,0.235537124844996,-1.6461669478249,7.21355329800281,1.86221297946759,-4.02819508418816,3.79817080371959,-2.29118077292014,-0.118351740136859,-8.68597065284621,4.73204453497601,-3.40454037313975,3.29232264466418,4.41466930307888,-5.00993048156261,-0.194092432344405,-2.19341780120612,7.85081693624898,-5.70772667234269,-3.90132190897157,-5.14690686302902,-2.63440297950774,1.41851777689863,-1.16926574055196,5.68728952523361,0.911856396577605,2.18995790227291,-2.80433597330239,-3.12732003854535,2.80599107418584,2.96983469385896,1.46895613187417,1.86020670407106,4.77854386972513,-4.9525317179382,-0.297987758071486,-3.45373573413144,-1.06084956502718,5.60519637204743,-2.44554575728625,5.15601105133874,-2.57033693680933,-1.59870275572621,0.147487752230063,-4.69518734761414,2.28383056598977,1.55073801671369,-1.72943742003281,2.26097833338872,-0.577316896986304,1.90176917366352,-0.658979377723881,9.01020767499222,-1.50200744260337,2.87467158657319,-1.50057125509829,-0.456803025457702,2.77765471927614,1.59785541833526,1.57512747037981,6.35781916537371,-2.37306634628885,1.45299592726997,0.0996445905097971,-8.09636431873787,3.13137457519497,-1.27227476034068,-5.13151377658505,1.22995103730864,4.91811797338642,-0.177270324194069,0.501223881234182,-2.55027675677184,-0.974786956545358,-1.91257008149068,-0.116878288361022,66.0537359742025,-3.45090449404825,0.460800815568291,-4.23068264415724,5.62935508844475,-2.31508941810762,-0.598649949634364,-0.0664183209669318,2.93625001480041,-4.55987620946826,-2.35864257375852,-4.44618748596167,0.671428469754574,1.2388448990796,1.77894929619833,-0.547151226853657,-3.03901778379668,-3.51420385417396,11.5093622550203,-0.142089156042402,3.43252183694403,1.14420711362163,4.70292066804222,-18.0284870474597,-1.70981987293271,-0.0887061110915965,2.6739877517166,0.349386968419367,-3.97846880896168,9.23616600440164,-2.50301524375936,-2.77095321289926,0.03862610891656,2.49533302155442,-2.26332276532867,3.14810798896224,0.436755519232065,-2.11911318818602,0.892511676467166,-7.97342926820647,0.914751886607974,-2.6798588946117,2.15030929209843,-0.59284647957179,6.7209021259855
8,0.930175068826884,-2.29051192432371,-4.85414992351571,1.24293672143403,-7.64302348999126,1.49594570974114,0.00464087619002385,-2.32576833987787,-5.13148020010976,-3.8022260792095,-3.97637207274056,1.41621135615105,-2.07506365369227,3.62234247065135,-0.522830074014109,-0.0599103996091799,-3.90777251887175,0.285761296049259,-5.60359001029656,-3.34668276729781,2.15829176523857,2.60383605789639,-1.88972572410512,1.94020944949716,-2.34577761835453,-1.50648423527673,-6.72611287925383,5.77178209142494,-4.43085234870887,-1.72691638838933,-0.145741340585573,-1.67751368519339,-0.0678745326154058,1.9169958714424,-0.183272928869883,-1.28323812923827,-3.86594192508937,2.29891118034584,1.13584687819821,3.52149898447396,-1.4668004691116,-1.0650369360219,1.33152459894291,5.70741641275163,-3.37252071489729,-2.41857195489638,-1.31232799907548,-0.439807594737886,-1.85302738266273,-5.39761766092852,-5.00369191763366,-2.62583159619498,6.63874857291239,-1.48223884349409,1.83099164790656,10.7863220665595,-1.45878095062744,2.01323052633916,0.821612846214975,-4.85982603573848,0.893225869030175,-1.9159247474945,1.33204723430072,6.38096613010703,-2.36004610683767,-4.71813224906191,1.54056800620583,-3.83015352051871,0.5470587925779,3.26342579105176,2.03117048044669,6.38763128915662,-4.17534598062639,0.884094877301777,-4.3031666127581,-1.25401505848458,-2.3593383473808,2.19456281765724,-4.1139501879793,72.7939287547424,-4.08911782160976,-5.48110627517963,-7.724006124487,-3.33824029101379,-4.52791432825234,3.28232440823922,4.03182717295113,-4.23176517663069,-5.29665851803702,-2.40948723214751,-2.4196478834242,-2.24960362305274,3.30409610916695,-1.80927985903645,-0.994657174445365,-5.7372350822011,0.970274073685687,-8.9878845751582,1.88388931275085,-1.72235843896169,0.162535909153576,-1.77951895104161,-14.6034825001466,-5.12086124860161,-1.66351059767248,1.05268662225762,0.150494763612187,0.784242405310124,7.37366747057831,-6.05232605038282,-3.75695218189503,-6.33792268421985,-2.67725713067193,1.11506751145635,-0.872573939744143,-4.71043100713996,-1.8634420295989,0.845262632428785,-4.22356054332704,-3.87474310689959,-0.416929293036901,-1.21724195445722,0.977115955193767,6.15938590186715
9,-7.69113802007769,-6.75596137143748,-12.8454703321941,-0.543482906505233,-2.86857440189306,-7.1024008123195,1.04264357284364,-5.84748535951849,-5.20274085781421,-7.99399178111207,-8.89185020998775,-1.7463396520784,-11.4253792267505,3.58633063025036,-1.20416486127442,4.48265599789056,-8.53805717439218,-4.79369785286826,-7.1392117518576,-3.8094532881837,-2.24200925462037,-2.56215673636189,-0.558829231246364,-1.90429178786735,-4.56489075975378,-3.90327047043638,-5.56247617459985,-2.31017204517138,-6.79555299369804,0.970871370219811,-0.654749915097,-1.66855607162825,-0.538155509231729,-2.65353685253785,-9.85716699050454,-2.47960080750772,-2.75572254484405,0.198101061864236,-2.28323146306366,-2.53259279862004,-1.93427647462568,0.27922280584562,-2.08746452100013,3.30103239816526,-7.07996759164234,4.99907372817415,-1.05068922176088,-0.47940270561412,-6.76544210441989,-1.28728654652286,-3.63811337144716,-2.94615827477082,-1.17967689018906,-2.80615443969282,0.060273236159901,5.62286353963782,0.00333744564250082,2.73458764609313,-4.5949159130455,-4.35175306940755,0.213696716876711,0.410593303077349,-0.966491932381814,0.427705793143105,-2.06513334870124,1.94513118481473,-2.4152566176831,-6.56041743406513,-0.700063666402457,0.946058960741084,-2.76813572945639,6.12026080220949,-7.43767732366177,0.00265354871862655,-3.29350282733367,-5.99934648644012,-0.186203518802813,-1.16775395701643,-0.281497033129199,78.8181675841552,-1.71863860663098,-6.53797542187249,-3.96574215554847,-5.41659724707006,-2.96932869857073,-2.50849794550004,0.555386356985764,-4.10960165324968,-2.80143711408437,-3.82869362532983,1.21537710632629,-3.29815827657649,0.864952023499427,-1.51963287922581,-1.82930166909046,-5.093295320582,-2.80177655184889,-19.3041663167692,-1.2364356444582,4.59794073934245,1.63261288004787,1.55284511349464,-13.5448559831734,-2.67194789834912,-5.40970221818361,2.41852537952445,1.48609905710191,-2.75041890809325,3.60205734579313,-6.66372122550274,-5.44865666552505,-8.70834231060417,1.65048264277993,1.89225068857104,0.569424574669029,-3.17792012750942,0.111033509337631,-9.30465536724796,-7.95563343737967,-5.66974458794948,-3.91710935435549,-0.730520891363085,-2.35380069249413,-0.906009943627851
10,-4.54283289863952,-6.67567119793193,-9.84145708144843,-7.59897179456493,-6.8137088245212,1.83322436422895,2.49260085917194,-4.49851296802535,-6.2423047020261,-9.21921651374532,-8.76681788825454,2.20479014155444,-4.69877370143877,-2.49965891727516,-0.277210877647576,0.796265893457985,-6.0076042348046,-5.40206991142122,-7.52260613182261,-8.96372395780509,-8.01338792827164,-0.40280836609918,-0.631916268884197,-1.93655105453172,-5.82530278560853,-4.52375235001682,-6.85963052405123,-1.22090802141565,-5.15823489859213,-1.44599839370949,0.0861408335126725,-0.147364215039943,-5.86479165900028,-5.85256074188237,-3.51416270861137,-6.06575740622338,-7.54848297919852,0.943593563519698,-2.12123005056401,-2.14118731746703,-3.64409108642803,-2.80281754750104,-7.28986425652056,-1.64606387584308,-2.2351629224745,-1.4737267310461,-3.74499957106127,0.898666248401241,-4.79648099074439,-2.74205697130583,-9.2408119863253,-7.95139852912189,-2.16028221084707,0.757908038377082,1.87086082852784,4.90179750227981,-5.5230684391131,-4.1000711853294,-2.3840574899541,-4.82534495051732,-1.66891341951305,0.530690869478349,-0.697602210626428,4.32835518161073,-6.28077420981253,-4.35457818566647,3.33829045614948,-6.95189560160497,2.63836800955823,0.358555726411851,0.362245623930448,7.60735994536253,-4.45358174386183,0.178109232745555,-5.20789156347792,-1.51881690310665,1.09415778197581,-0.0102128314192669,4.6282888519454,85.1182699940528,-3.01762326094786,-7.40121364277547,-0.0639902735783835,-7.23381129889049,-0.411178876800932,-4.83880047146658,0.0519730509313376,-8.5887757172095,-2.43837428785901,-1.76914432386729,-3.21441919187919,1.86363102421956,-3.60833285861099,0.988299109322725,-7.27568787905693,-1.0702422554923,-7.00596615966242,-17.4153172050987,0.526039760354706,-1.51130963595961,-0.75522583262682,-2.8192844271066,-11.2079109822994,-6.17134191675586,-6.31715799108224,0.954024499540083,-2.42305399112229,-0.412878709851611,-12.3419758063274,-5.73935091390513,-6.33245706747812,-4.33977183853676,1.97744438984637,-4.080941149507,-3.35557601067876,-4.22236204269484,-7.42338174729002,-7.13624974664981,-6.44602595127708,-6.28284540472259,1.1705193287562,-1.13011721278144,1.71705664929982,5.11155956312268
11,-3.86643329868321,-4.0202216382736,-7.02101796379975,-7.72883154200645,0.164032726383084,-2.32058189152258,-0.822556943393465,2.82659076589198,-7.37930091414455,-6.86532249630136,-6.77748160512829,-1.2042152373383,-3.10149717179183,0.780863195811889,3.37304666275941,-4.046016507074,-4.96457637238473,-6.9265428161134,-6.23358519830617,-5.36095987862564,-8.92371828158412,-1.28787296004066,-1.58474649088566,3.04573775628796,-3.41187629139813,-4.37956276847945,-5.22893811146241,-2.06281015470722,0.332702185993639,3.38347172509657,-2.22038492664751,0.328213887578386,-7.93020767645703,-7.041826146532,-5.60997570709696,-6.48399759758559,-3.77129691018217,0.440515417615643,0.640179647538844,0.419883415491313,-3.85188816165919,-10.2623988585819,-0.133242219831573,-7.71985024961987,-4.02399383256034,-1.44476357603207,0.330088578812138,-2.46345744409655,-4.49525519248664,-7.37648951088249,-6.17537452134638,-8.59381819282771,-0.0201119318253404,0.908272713394581,4.74846802529146,-1.66397489191877,0.509935232430962,-10.1327175416568,-5.31271755712305,-3.46141038513815,1.40975354790589,2.61115738923445,-0.357685552696239,-0.795952658112128,-8.30148660039822,-1.7868301016324,0.702049794635059,-0.064400476809169,-2.30434259920048,-2.54167604566055,-0.214506899886146,7.482457542872,-4.99610625853666,-3.65423779255934,-5.71698134659482,-2.06797205448811,-3.75371614402411,1.12106439894842,-1.04041471546361,90.991796660589,-3.6005547275513,-4.42640379573413,-5.32932266160833,-10.1774088021566,-1.78439919594939,2.58957581669256,-1.87543108022874,-4.43632346764844,-3.86730371616568,-2.18882945279483,-2.54496654241848,-0.71669244872237,1.75717035942716,-2.39192042936475,-5.42443170153274,-6.61827068585171,-4.36744059357443,-18.3875396352264,-1.40397719641078,-2.61489624053775,1.4946698395629,1.35873062014707,-14.7334259489735,-7.09376752345133,-2.75543702560844,-4.08541662070775,-3.5652902862189,-0.886888832987097,-21.0051834668211,-9.48529688375402,-6.82017881616684,-9.8388832661517,-0.256266000378673,-2.13010097686356,-3.20894955105177,-2.80974992403117,-7.4992955707221,-6.00670937281893,-5.07095528083482,-9.3400836687747,1.71783423798342,-3.71105904358683,3.80357802256776,3.04627933744223
12,-4.78400407559411,-4.45528876214894,-13.0624396428407,-7.55398841574561,0.696904241248831,2.84174950139413,1.77334077113846,-3.13410495187509,-4.38474348557293,-6.49871036989407,-4.08439296007646,-2.85336296443393,0.709349805788861,-0.876144403251601,-0.498923748746165,1.81825052733484,-5.31323781757965,-6.83877773907807,-8.19180456482491,-7.29423271709493,-10.2228945931079,-2.73053996086173,0.69718215606963,-0.493308322938901,-6.52724699989312,-8.43505415718846,-8.81348563846132,1.43678176276944,-3.62052705345513,2.39860184644158,-2.66111593401683,-0.685925568402126,-5.3445943073807,-7.90458495969051,-4.04283021491528,-4.97768099550149,-2.5853054516997,-0.178997401457764,-2.47055682327118,0.0939251991294441,-2.50138456890409,-5.2489833062873,-4.74152482738464,-16.1729746326409,-4.33657133478846,-0.263512744182663,-2.44490679184992,-2.12270631569936,-1.6773222889592,-2.61719608374551,-5.32664820150012,-3.39318597521014,-2.32316206518681,1.8864090292609,-0.291862034835503,3.69677549256721,-0.974543178580916,-7.01123786509606,-2.2079887736013,-1.10608499911496,1.44809860105761,1.1968003612742,-2.18791327558029,0.261723075599093,-4.50456400016856,1.47743125471561,-9.97360719519475,-7.89449300566821,-1.51408414666048,-2.90581457607232,-1.30089520028832,4.86847922425295,-2.84551880528716,-4.62105090591422,-3.61205061855526,-9.7285175543866,6.32103193039666,0.673650095273388,-0.0698743074685808,88.4678910391681,-5.31102112656708,-6.53017022401627,-2.61490979636801,-2.37071838094789,2.63397830382837,5.87827119273288,3.50619261978591,-5.00652026731041,-3.33447872525585,-4.53488276768076,-2.34464381774706,0.0105327023402424,2.25887276284129,-1.99688022930241,-3.65181821245824,-5.36041105880622,-3.36051113499661,-14.8774979957552,4.1439880551311,-4.1839241722837,-2.02824663460342,-17.4240926770417,-7.36959930003832,-8.47778514900438,-0.117803534477389,-1.78505929604671,0.00103116541686177,-0.868225384596826,-20.7780482530611,-7.85813051153445,-8.82190817210039,-7.43723189321554,4.69966929869361,-1.34156439065509,-0.489779401663327,-7.29994058015791,-5.18433038284957,-7.32513531218819,-3.55194572819028,-10.6640225954243,3.6607816476976,-0.794447717549701,-0.705777192884852,3.38847418111072
13,-5.38484134254395,-7.55474561353867,-8.54321029174207,-5.26102486203854,-3.56212539435592,2.90754767176031,-3.06904533047145,0.170900510494448,-5.19577471811044,-9.61788313519673,-6.76689082372741,-3.4955750591912,1.10988224441371,-4.00046406640968,2.40365032798218,-0.113547666327577,-1.76482137222774,-6.76593070086119,-1.48469297263273,0.444845614298629,-6.30324362450983,0.498713320604566,-0.0573515581650099,-4.10880666906769,-5.48908556538072,-1.71266002216134,-6.39963748567789,0.524384271383497,-3.80033398989417,-0.946055168582006,1.06562687052474,-4.62679807503446,-4.06188762536749,-9.41238516256453,-7.19413876308909,-3.96621836037775,-6.19702197581501,1.4253729695165,1.05848946242622,2.88888823987372,-2.23214424803064,-12.5108017692173,-4.33408021310333,-16.6513396049118,-2.41056959091657,-4.03936847119303,2.24517951883126,2.87594551525763,-4.37451570085068,-7.15707681728236,-3.13431140491184,-6.21465436007702,3.15070630208038,1.20392712098601,-1.84894299098005,-7.78052884901217,-0.136203277873392,-5.0608753000156,0.688047573560652,-6.98246846421353,1.92956178278109,-1.61896881118673,-0.451508622863912,0.169355308010836,1.19563126167486,-2.55006073915001,-2.05655448200332,-4.1234501770532,3.67030971908707,-6.0287915460267,-0.571442371964622,5.19761464231487,1.98106437421393,-2.62805162071982,-1.83759560079397,-4.01946405070703,-0.768096848946243,-2.31678645473357,4.0495393461747,98.2316806602494,0.43405875874123,-2.17161619586022,-0.693483071481296,-4.73831330568919,-0.207683960094528,-3.89495263988329,1.39434434319537,3.10523977230105,-4.7594670558201,-1.26461166095305,-2.57594755154969,2.2949236004506,1.77819565385016,0.522742392636701,-4.80917760340162,-6.17085846900954,-2.20553100263442,-12.0020556996328,-1.72017785353137,-0.167298691954784,-1.95205813409348,-18.7786454488564,-1.79278684679457,-1.59933113265561,-0.881695703308651,-0.137642997985949,-2.47674291745761,6.64426817695949,-20.0973657111172,-6.66793304697012,-6.14483888059249,-4.84133929464451,-3.13982972500253,0.376414598230895,2.71943052672668,0.328549573136115,-0.78459894011803,-8.11046902249655,-2.45850845572477,-8.69579544891758,-2.84864854095667,-0.160186223637083,-0.7115112660872,-5.61015878852004
14,-5.67670049395656,-3.14608465211131,-5.46264997121807,-6.88413765611767,-8.14119382802801,3.53676969722801,-3.36807757612587,4.46949232273755,-3.67915608406383,-6.70496593776443,2.57151555359951,4.45468266650141,-2.819297714188,3.95418800612651,0.321057922611544,-1.38910915606766,-11.2807916715537,-1.49975202063888,-2.90011202421601,-4.32301581916272,-4.09403441152654,1.53134886400903,2.51641239091077,8.52142125562159,-1.91817584406317,-5.82266556533432,-2.37186502776285,3.22755708403292,-2.02611912589691,-2.08992024994814,0.335150525093923,5.70823607401599,-2.47391007114084,-4.39731999478363,-5.69576538704041,-2.83803730471982,1.82687944872941,-1.53201603575326,0.0184550588314778,0.687240567317076,-1.31844160302944,-7.18409165444655,-1.68782191753144,-10.1780375359158,1.39579201881315,2.23406088363299,-3.69000716153141,-3.48116701959589,0.00733772971670987,-7.05327212749307,-2.95984237338871,-3.98830890713998,-0.0810564201397028,-0.470117852739804,-0.613405392758978,-4.13175738978362,-3.31559757209561,-5.29196818684568,-4.33957677705621,-1.18787633568081,-4.88641027913263,1.36812561472107,-1.39522570628924,-8.22721008103144,-4.41318738150903,-1.14003565137955,-0.829270432162502,-0.517289133573286,0.241728835095728,3.09461123692608,0.2137168351951,3.64183061987978,-5.64184737646701,-0.344837800093956,-1.34757014126035,-5.98006159451415,-2.08267180727489,0.187832063594215,-1.00538076079738,102.673524514586,-3.03211116725606,-2.32580822298951,-3.00744497350524,-3.31452433990216,-4.70917196502114,-1.7155902717609,-2.17673522932182,-1.68022396665629,-3.48751805135817,0.310439286743076,-6.62888944851102,2.39252582049539,-3.55716580088892,2.74201713314551,-3.06528771952981,-3.11379869687107,-7.49977169725162,-5.14326794626277,-0.038633628417756,2.99306749495872,1.02061907065399,-14.9851398427713,-5.84921886401435,-7.72972072917355,-0.661363665344652,-1.02866598110359,4.64184436473124,-0.937795118490158,-17.9510170690951,-5.7495954150877,-7.01034013748995,-6.28860316112923,1.44470346595108,1.04061298080524,-0.422158649260382,0.0614524757265826,-3.72903763541854,-2.99654476533397,-2.40360675125885,-4.78140618471753,-0.484922738153728,0.055354712668759,0.867976859283317,0.446588257648273
15,-7.97844255396058,0.789356809336823,-10.751584125082,-6.47080296285094,0.679404660953423,0.45774939301873,-2.38162982076619,-4.99896580449922,1.65940364376456,-6.11309486845266,-2.22817589880151,3.0095185069772,-3.84326936751995,2.73053031503878,0.108158898825423,-2.37701377433996,-6.22302249199129,-5.34640070084924,-0.984402016566946,1.54421302607261,-3.88456989480392,2.74942716407531,2.4381043045787,2.35261524258112,1.37946596736901,-0.879439352290774,-0.236174919830773,2.71355961566451,5.71448487339421,-1.19674924154742,-1.0553043754494,1.74048596841521,-2.1005281277512,-4.85930153829304,4.93926716293981,-5.35963582918703,-0.16666802103191,-3.27157306405024,-2.52478286744554,0.412737378022484,2.12024033180433,-4.49323538902991,-2.10306623132965,-3.54837251061781,-3.75979366015872,2.22512381510023,-0.65946556806648,-1.46728411792856,3.65856325510549,-4.06281700553927,2.09998056467248,1.74571715141883,-2.2930052431484,-1.15841391793083,2.70640944069919,-2.11101910256184,-1.52125426173279,-2.24839376519594,-1.94556883803625,-2.56214293000403,3.45916892749665,-4.12776140320148,2.70007891892328,-0.712255627069226,2.37516605715155,0.296111935204863,-7.03837383402288,-2.8929398679411,-0.532494492608294,-1.73569978206842,1.78869804605165,7.47607039614968,-2.11191735894045,-0.967234489402017,-1.703696306251,2.18943515212413,-0.42568561710641,-4.42478094175522,0.373027703384196,107.819937366838,-0.223125653909392,-2.54921137684778,-3.96172958010948,-3.43666617605822,5.64948755273144,-0.131967684085339,2.00465932441966,-4.1983879231484,0.913982894733181,-0.78406101204564,-5.50557115503671,2.85397026705778,-0.369176041820538,3.15210231212996,-1.62606095896808,0.0068494062074933,-0.0835241575628061,-0.554676126197592,0.00385664419763998,-1.38517636829556,-0.0312811844078169,-10.4552483597199,-5.82053334024431,-3.99901599747636,-1.4326695152522,1.40698699647282,4.8448707115258,-2.87685494020116,-13.7532176195073,-4.74481814284172,-4.92662460624206,-6.40218722447025,0.678088523876795,3.4078771013701,0.129517980018136,2.43092589719754,0.738452674607288,-0.217396261332397,-1.36323571313869,-3.46048029736903,0.366647887574345,1.27487615585915,-2.3080150770711,-0.705197694790513
16,2.19384435382563,-6.26752167121049,-3.86461362258342,2.02021912775399,-8.19338954305385,3.85443723317076,-6.82174174005922,4.63891062908397,0.343389854143425,-2.85127004509013,-1.90648008535891,3.72246568125047,-1.46791587695134,2.14959300315377,1.01178169728973,-4.31666694482692,0.383340693099399,0.691655923016242,-0.537585989350646,-1.62726304399757,4.8669951349375,-6.32069918034085,-1.03837542391739,-1.15733771668465,1.34232139961296,-0.520496883265423,-0.765076080154358,3.19843996545524,2.30407234119912,4.19919500532205,0.0896176087858294,-0.561805954152987,1.56642573538193,-0.865894075384858,3.16418468979009,-3.25466350416036,-0.626269355731438,1.17398153493514,3.4149573976124,-2.78308252745228,-1.64914980400181,-8.02213034509214,-3.41586077943748,-2.13971369271394,2.19713914795875,1.00582815044618,-0.175241422767613,-1.87126559763374,0.967420363660494,-5.20571872223445,3.69095646445794,2.8755903996439,-3.10011113680139,-0.174410651577546,-2.89658599724089,-4.98014255354292,-1.07799794071343,-4.40994122434086,-1.61705390640554,4.0363735059027,-3.85133330430153,2.7466722493682,2.47145487526132,-8.49526985339207,-0.282531845715766,1.2962315911559,-3.13826117726876,-1.28732123971849,-3.81872982083951,2.17768379571635,0.116151562043342,5.23819414702257,3.41108805603699,3.9253602081767,2.15072367433004,-1.187729434213,0.282104078196426,-0.857031738631122,-3.08384857474039,109.02346321559,-0.760994894565556,-3.47074203465991,-0.976951170640405,-1.58959678785777,0.749809488094797,2.84695423360245,-0.648242488204687,-2.29415687949768,2.35289847893273,-1.10007582704793,1.87710854590023,-2.01851752821494,3.74862101141935,-1.7085436980351,-4.81942253878333,6.09258613176098,-3.57272012042768,-1.98001460037131,0.443488661010178,-0.948283922405608,-2.69488559081901,-8.72067471028231,-4.72726834454215,4.58764118920135,-1.32205061464629,-0.619280653401347,0.351619550872329,1.97702014408605,-9.33897374021217,-1.71975160795637,-2.34491996118004,-1.34421509931326,-3.26793099237511,-1.08507462086027,-4.47437162818642,1.56061513993791,4.99855633548259,-2.32675351750959,-1.91048632147385,-1.08431190140391,-0.0200082586225108,-0.992439551368534,-0.271333219538064,0.822524231986336
17,-0.503890456294357,-0.77045351093102,-1.3673216289867,6.34732060519127,0.184820239087003,-0.221552864726618,3.4667114313429,-3.74816227644578,3.11580557311254,1.09461719093224,1.69263917182116,2.56135457030177,0.937741814428591,2.81986317709197,-0.907113144109189,1.55544071927625,3.04373677502645,2.7743415527284,1.14567010018254,3.52023295716299,3.51418078429879,0.649617158667752,1.93883505421218,-0.0919114494240603,4.94632967865255,2.16989204250694,3.81220265205684,-2.21120230262568,5.79338397264246,-4.88981824087205,3.09349930051894,0.125989573585684,3.86373011700698,-1.24673451849685,0.97013966015129,3.77764989298385,0.438691549996747,0.25262014733471,1.57993317465844,4.34395626776177,5.79292428408689,-6.37871084137259,4.3619683373945,-3.70501005128972,5.56418013408666,-3.29424913687762,3.59872698073468,4.66500025548885,-2.39613105863191,-0.52317962246525,4.80486638729008,-1.7585743051618,0.747067719024471,-1.53301920512149,-1.77411677986038,-8.2684068868266,3.00450481238022,4.09886837596605,2.17079556400859,2.88397249227819,0.658793722339851,-2.40398805717723,2.63205392995496,-7.29941420147361,3.50493251272246,0.685491507861116,-0.386735730444798,-0.521736227829479,-1.00225050012841,0.597355416591199,-2.14440698827866,5.62353392010118,0.174037522629533,1.7221707906042,3.83704651040125,-0.546438325626696,-3.38483875601196,3.07329737507871,-1.64182838914985,116.46905211077,3.67223019693711,1.25608496044924,1.43772632420041,1.58099284656555,-1.50887577994035,3.06716679435203,-0.645465217093715,-0.612699060200612,3.73505616085231,2.9895833904452,1.1070476727632,-3.3268213631286,-1.68575896166749,-2.0584306452879,0.0507017041009021,0.364675498914949,-1.96282858958784,0.755728583952077,-0.275576809134236,-1.06857152317934,0.531619131882053,-6.60728910984699,7.15482418457395,0.659238926867147,0.935703083692715,1.95422211364212,2.73832308054034,2.17517594155288,-6.4146575710588,-0.248727946458075,-1.04879080431647,1.17769434259299,-2.06654460517802,0.847031321621671,0.576876145265942,5.59180246505366,2.57168819434855,2.51130855567135,1.51673276821839,2.54422211094561,-1.04593549779202,3.43525054661586,-0.30143388836359,2.46481302913935
18,6.86842717003583,3.99269281287661,6.96476295879484,8.52528570804907,3.39706036443613,1.52279593811909,-0.122896844418392,5.98446461774984,5.40411546843234,1.17674985587428,6.35396065701116,-2.76828419512276,2.68385425398719,-0.0758526199138032,1.59393048500351,-0.92882724383071,7.36810906788332,3.22390554314097,9.07024890309594,6.44637133221022,6.34693684284957,-3.21285346759851,-3.11327228271057,-7.35515555998154,10.6518346677822,5.86840377482076,5.24313226983395,1.00642877315022,4.24631989096952,0.162524285740801,-3.19026223887977,-2.59861271551472,7.48175933319681,-7.00245496475327,3.04959826906361,-0.633051048505877,6.71034676616182,-0.466495023273183,-3.73081812034252,1.68829479904934,0.681791194030211,-6.04323960232296,-2.58858588490648,2.20594648002543,7.07768584965561,-1.03579079774909,-0.708151297360928,2.32182481724794,2.80846295449601,5.97797035657095,12.0571693581915,5.46740181744326,0.14619669932199,-0.581738734584178,2.14567930395015,-6.37050511221469,3.16546838133809,-1.74910470378563,-3.27283355968939,6.70482332789379,1.67524592638028,-0.171034826387768,-3.25526203418167,-11.7107047568848,7.57484762444392,7.71855943642777,1.37355153055205,0.534294865116408,-3.15705690671075,-0.972741413455879,3.78521962367631,8.80434056352851,7.88377878387973,6.65887524544723,2.58156071794201,2.31076638004924,-1.05239184312632,-0.476911107476099,-2.90406991565305,119.655787663498,5.14520955873468,0.832886185779444,15.5461931345931,2.56654448065683,1.33370572903414,-0.0778559514310473,-5.16214770684564,-0.909967585291724,3.14773915029582,8.82633498692167,6.13007787428023,-2.9073277758007,1.18818738655136,3.16116250274263,-0.519259868087829,7.69786449834737,3.99888955357392,5.42345370551129,3.51321675987219,0.589634499292515,-3.69428868490695,1.0188176188226,6.28286909135522,1.12892074162073,9.04760665916274,-2.33499110073626,0.452591687476797,-0.231778039109031,-2.53147422122129,-1.98130515676849,4.15245194180898,7.70820779390488,3.44145695201814,-0.180769105554646,1.11542829998234,7.5443448352371,2.41561953769951,4.85998954663637,4.44747724869922,1.71861672922068,-0.925687684332843,-2.42340899469491,3.05635001103678,-0.0277686371359778
19,15.4312559069267,9.16923525470838,10.5253713088196,4.02949926743486,10.4052797990907,2.05772656891668,-1.99960639929623,0.00320607731418932,9.22130414116282,-1.08719051109028,11.990877746041,-1.32376346810361,7.01682986149217,-4.35224363740281,1.15411585048514,1.44480633899457,14.5642189304294,7.84520453842606,9.39936976298532,9.82269339594131,9.53835006551071,1.52311410136508,-1.96794103067032,-0.0550577291460286,17.5458900638528,6.31949751619186,12.8333092836406,1.30132085452897,9.42006446852929,-0.13694517490012,-2.4219943568587,-1.02093707210497,8.6907456677659,1.87752029852754,9.34182774334386,-1.90668461322912,9.61764961194922,-1.0800637242728,-0.974899040542823,-1.91419852227045,3.57689928616446,-5.31757466420459,8.59966262188209,7.39370995974605,6.96441467405748,0.751735124404604,1.35230508589348,2.45229329355288,10.1157249050707,3.1804970389544,8.77929992489999,7.80046155753416,-3.47762944228816,1.43246823249683,1.33054150968565,-9.95197866427998,7.25452526112713,-0.561836367559408,-2.70898802651709,6.95244446858032,2.25988099388496,0.0466026420258459,-1.56250027278884,-15.8850216529904,5.11887827402688,2.96379096779128,2.75694517385,0.597012419273142,0.833381485036625,-0.0636597089660427,-0.139564638386673,6.57767973212412,2.13637114704215,3.13990886284137,8.83058554387662,3.84894593572244,0.87018950904212,0.719598999963182,1.28335354890805,123.8516087263,-1.03978329761594,4.73805888677452,22.8522128498594,9.26848059789972,0.651471370627405,2.44079059256092,1.6392576500466,4.09345670230323,1.53229046326578,23.9073770791051,4.65191160409677,0.564785584021593,-1.92343198788012,-1.06250536435573,8.24959341913109,7.76677707975387,-1.63520131990344,12.1047067460554,-1.72952768986488,0.403937515376128,3.63566815558534,5.24172384326675,9.09775124754151,6.06267176179563,4.63158663664763,1.59199783050553,0.699730867084327,-2.7767222273128,2.1044834890904,9.15593398450528,5.92565181476266,8.16070145398908,1.17095158977236,-3.02166113283874,-3.97394800929624,8.75173569836625,8.28300599326576,7.21891609716704,6.92831774086108,-0.520043895764957,1.82249214152216,-2.85854891801137,3.62941461336368,8.24206769328521
20,14.408969028349,10.9561771616145,21.7727462148619,5.64116779993356,9.30656908674109,-5.31123112336672,-2.11479409222238,-0.446780808380936,24.9204622950419,11.0750813255254,21.4860775873417,2.92357080705324,12.4177053025769,-1.72696379642275,0.556632628401076,2.22058028025685,30.5645815447137,10.8095410790852,25.804576299447,11.4279450715176,17.1952594142122,1.50366434158877,-2.77465166120237,-4.02739996872469,33.3985118793562,10.1317914314272,24.1396757158213,7.01590523628374,15.8760418764946,2.40692117615299,-3.40619173879531,-5.22825752243489,9.57248073603705,6.49274741925638,15.5302528076845,1.12343919355999,11.1914598774561,-0.0568874886912454,-1.17939989071556,-3.47664715770543,7.37844789792825,-3.16544970667337,8.59673011769564,12.6066765100086,7.1943827540922,1.34818335031969,-0.0718213667259988,-2.02429354322248,10.1284548096191,4.67652046922922,18.0391817810969,14.8460466217261,-4.33937254241164,0.113383474169041,-4.17548500059002,-9.17993019958203,18.0901319642276,4.11766630021839,9.92309761910747,10.6862020268122,0.754794780216798,-0.043488056762726,0.307779814349487,-13.9824753658331,10.8032368287504,4.61115194453214,10.5229388333028,10.7065455873662,-3.13286639440457,0.508528068590294,2.82607443876168,8.3362276072512,4.53254656937315,7.29691329281559,11.9694157650301,13.3855043681046,0.5017420273889,0.647237558420784,-1.13272519573547,127.726271946952,2.19022257730194,3.98403117248654,55.6597122962003,9.43438541988144,1.86650287601742,1.48298786754867,1.15829684072787,-0.398983647710793,4.70400845934182,42.8421636846956,6.80978956567151,3.75864842743022,0.534796981732143,0.635491260226445,14.2631544800302,16.7697810361328,2.36694796145548,18.7703294993903,-2.3874476167357,0.564467132829122,-2.25668603278564,13.1604292128495,19.7247002546023,10.1959681188268,8.13225211492409,2.97855271236631,-5.58720775734264,2.0308757878397,19.1956494382507,8.70559952655049,17.0756404254666,10.9194696215795,-3.07994597679954,3.07796707268471,5.37036515424143,21.1081758876758,17.0257451603275,9.37297012071986,9.58634328668722,12.2516177619573,0.305804313539284,3.76123334788099,-0.244342196089065,8.50823625952808
21,28.0721173444244,32.3906080978304,28.5787262760905,20.350048564997,9.73951219365426,2.21169184128439,-2.18811373550398,8.40701058578361,34.0607613892594,21.3582782752255,32.3763633464532,18.4016549570938,13.6398004660086,-5.0736483153114,-1.32084551589742,-1.73010517624061,54.8693517406264,15.4875780564366,37.44447079769,18.6073291344032,27.2336023485159,0.619185911404202,2.83043740125459,0.120988499949817,63.0058836465178,7.84511661295255,51.1901304167795,0.38314978706012,25.1637265930726,-2.12668495635353,3.56744414687955,0.670888599276168,13.5573661827157,7.96717408943823,23.1350105978704,3.56619170113026,15.3701081450399,-3.75670243847435,1.36506486850658,-1.39011539669673,10.5856810881874,1.1334273395214,12.5127687267209,12.6039415019227,10.5037839059928,-1.59371311423502,-2.33003014169844,-1.41112521745481,23.5300056667415,6.33131224453473,17.9254460345146,-7.76816656734036,0.831680666220109,-1.27077445620398,-1.08427109038939,-11.6007618129315,28.4848883337559,2.44180645929418,14.8278396749361,14.2131721574028,-0.614615553233307,-0.576722364806756,0.221445772319839,-10.8850439576049,14.8119217448657,14.0391618065337,23.6224973583689,12.5619316732141,-3.41443700559012,-3.20891210495756,5.25903775966935,1.27576819073693,10.4413506017686,5.49161612259559,23.3264810410637,7.46934576915692,-2.60472307916643,0.322401853828978,1.78524976748849,131.499300612191,5.50854358419656,5.6746865866894,105.991263675358,15.6606476294173,-2.574785773249,2.75394116535244,-0.22955192228801,5.6626261837896,8.85797020096697,81.242791953342,8.70487967949521,-0.868844314981743,-0.0548040012163256,-1.1765794142143,21.2822858453869,24.4099199132856,7.90230999053301,24.4562667099963,0.115875221036276,-2.79708309809575,-3.1797466178341,21.5523002088257,30.1645553886865,5.35696891249199,13.884068695857,-1.9975235447796,-4.07506765570088,1.31436416321867,32.2840454163684,12.6721452366282,18.337827005661,20.5913976250417,0.176337711237466,-3.70887282274134,-2.63612235402343,31.000381259094,31.3804974769196,13.823023493801,17.0020888676063,14.2146675531026,0.425410370366535,-3.02088800031197,-1.37364075174742,23.0658117230219
22,65.4783634361097,49.3313206585285,69.1865007867705,42.136112746563,28.6648046891305,-1.35396251480734,2.78412125374871,0.955158094964645,71.504876453138,35.336107301478,68.3154838716641,31.5895599907662,23.8904015001845,-2.27770218094429,3.3572317924677,3.79644081146716,103.612156630666,20.7958959443304,76.9495306810923,28.3589931598449,53.1911457048841,2.52293740233654,-3.61533908400861,-0.93878666971932,112.212759387498,18.5681953906774,77.7665310326361,12.0580228029567,46.9701456703642,1.42600204263636,-3.07520571613395,0.3116104280125,26.4539754308435,15.2711519555837,36.5514408466029,9.53761564269325,22.774181894396,2.30310399392329,-2.00690403106182,-0.188062628460557,18.8258458823661,4.81402181931071,28.8980460645457,16.7312707875026,20.521177089689,4.58985328234803,-2.74912985132733,-0.632394068876238,52.7599501995778,12.2898498373975,35.9638299964354,-0.767240722428141,-3.70317939906181,0.505716200074858,-2.13105476236888,-10.7263291977256,49.1780454934487,7.89270989759325,17.8050687920309,33.9000112270742,-0.541296247270566,-0.416484232314815,1.21043326768176,-7.28583555037312,27.459381255916,18.0835545584323,46.5359072678607,22.9837205439053,-0.0115896820302623,0.434401088876712,1.70398394669883,2.55419171110725,24.8838745016637,18.9593867790677,46.4174469405125,21.3025151432903,0.208589215245411,-0.654718588797095,1.13455586157534,138.751188129894,11.3606878917321,11.5171994956622,195.26306698242,22.3797356877517,2.63928149352978,-2.73960932273712,-0.317989375521393,11.360233411905,9.55571270502651,160.846766717845,19.475023312732,0.460999866810198,1.88637146058591,0.994680764636996,47.3446508700504,45.728569637788,13.4530164789999,37.117183134998,2.91426903682168,-1.0404125975133,-0.89444070092668,46.2791407051982,46.6978302531707,16.5065876761737,29.8486192874452,-0.228134320425852,-1.02722370612992,2.01631050493143,68.08912443189,17.654360939754,37.5597616579594,37.973722601434,-2.68295999348584,2.78028132763302,-0.969198073346888,61.1034165577817,63.0405963980834,23.5271924682484,40.4318975671335,25.6921215742395,1.95138881080175,-3.66407669507771,2.167419831404,40.9767520869232
23,120.497924492729,93.0980891003824,116.884275452598,76.3538836655562,36.6405133690478,-1.64066294683016,4.27485168816565,-7.4889928716666,133.187426905555,74.5539881447448,122.020203816752,68.7361334807169,38.0829777118297,4.27418757258965,1.80539065090625,1.89259481978524,185.435540310212,27.4924730405464,140.935063871889,45.4604851535782,87.0713453508438,-2.02474777338466,-2.09537934357058,-4.85993142113603,200.636313075747,24.0759030002901,148.252539644147,25.203152263809,78.7006614032089,1.32320901516368,0.0755102598550366,0.406047160225171,39.3453661528933,18.9185001794554,62.2109560473577,11.0458144879126,34.5453331963568,-2.64106987732794,-1.68752615654194,0.070952449604647,42.3839714854294,17.1418117144835,53.4050819956906,27.1107286920997,32.9595095547534,0.526723275649601,-0.406125864494697,-0.670829380683244,93.9658868445636,11.8486728195444,54.5662597721512,20.5008257069044,3.74850066585213,-5.3083251369535,0.711990743584465,-11.1940703811051,99.2372898503636,14.923960466559,37.2330388707019,49.8300253143725,0.658560084414603,0.697121749347843,2.42668505288975,-7.87757938801906,48.6333077585305,31.9387789952489,87.4037266983669,41.1476080046791,-1.55710810186747,3.37683294697808,-0.677900105089066,3.0266842032579,45.3708575355636,22.2794245946939,84.3067363908103,49.5820567399583,-2.70798483866656,2.1055958204629,-1.25932127678789,142.683690732199,21.805971162421,14.338406079798,335.069947336785,43.6594445323931,0.76067214468776,5.11444804536904,3.10508519225823,17.7657843057032,14.5119659636898,270.709082016895,41.464092432921,0.0532527257637412,5.21930283453776,-1.85902657357792,85.8105750119857,85.2298997112393,18.9703444299412,62.2686015195263,-2.08647737355113,-2.22936181759997,-3.71528237781331,92.1582565444864,82.6415711181353,32.0301732183593,43.43773489456,1.93020206649453,-0.48987337633298,1.18921572710087,120.116858872951,34.9557771319642,84.0432645111218,65.8729034291659,2.96138323876175,3.98490452276383,-1.19838410419334,113.137016882716,114.671680338492,41.5095686419018,73.1456063345718,56.8106758316253,1.99982186764009,0.984939876916087,-1.63649731866553,86.4773258151008
24,228.155764154701,175.66614942063,210.690499798046,147.558609301213,65.6149002620637,-3.94411459860794,1.07342456796687,-2.03812669438094,229.784830131099,150.347971743852,213.925151688279,130.236494586128,64.5529563160871,-4.01079703495452,2.73703425272424,-3.89515932376798,328.984311336174,44.4346876430027,241.008272227056,80.1900982160055,159.067556900396,3.35476620279906,3.16203242538495,0.989798516633073,346.562595461062,39.8012268246548,260.69333214666,59.9289107567906,147.465474081991,0.520109382088776,-2.6545186759372,0.443312585794502,69.9410238664409,44.815032729834,105.210133662448,17.8734896764418,52.3069798481883,-0.0788204534069337,1.36142731177188,-1.62163255269479,75.2311227274608,30.289952908126,94.555054451369,34.2277269916749,47.8448701372317,-1.08690244680975,-2.71304645556711,-2.12529582670868,168.688129488579,23.069485873476,90.3806601751999,62.4919725813534,1.97790464053514,-2.28169174483628,-1.64025749695293,-10.7201475865568,166.378208692157,20.9061300934227,69.6185423086058,96.2677684137334,-0.794988783912231,-1.82852101288654,-0.935131888825708,-2.54652535359628,81.5022215150548,48.3024337768416,172.458074902646,79.0384745771053,1.51765088090497,2.37398606052921,0.956090100324673,0.589385374295489,82.3566538097562,48.2235952885621,158.181958942092,75.0717698792332,3.03060553366049,0.105652114167242,0.930867167026463,141.39221771251,36.1816434476532,23.3749797026871,544.916567958553,76.4936849156179,4.92040660308521,-0.751611443881302,-2.52258715488597,35.1123689291308,17.5593630624981,458.609053576666,71.0385966385888,0.766790459589174,-1.52080554575605,1.79789688091478,161.191177797922,151.443810563315,38.4744480774484,97.7766793352457,-2.82065489262959,2.2222365714124,0.948028553475979,160.272090082838,140.900059310341,53.0476144888162,81.8224301741507,-4.51622020670857,-0.931542994611391,-1.32515994294545,210.710659954366,61.4990961816688,146.051739,119.671144150537,1.47188281219314,3.02779912561255,-0.754113721027352,204.763608641488,204.837124877698,69.7643166663092,130.264009269928,102.453188602655,-3.72427183610307,1.83810019757675,0.0266618308237412,158.659341198472
25,380.266216122824,312.439245586373,365.746261141567,271.66924942493,119.213461186299,1.94784583919454,2.75243822806351,4.1854783569629,386.050687613324,276.305386230458,364.396342499382,244.991471082601,109.893835048024,-5.63269285261231,0.177726681446075,-4.16640187977737,543.202247044846,79.4341237630501,421.884964641856,135.936019432725,274.72570744096,-1.83250757031556,0.148336014986398,-1.40631672535119,565.540572650417,64.3583550076892,442.228214669115,121.395169216518,258.833635696568,4.17195186194112,-1.16802433303064,-2.29307140577248,125.351864616718,79.726964791766,181.526886774494,37.8736903741392,89.668296498553,4.20054205975612,2.85876694451963,1.19522079086073,138.856696506462,36.2101172989906,174.167146654316,49.2459373567722,86.9878657671879,-1.85851073908225,2.96557338656794,5.71339996810229,288.598770176706,44.9713254744283,156.93706827695,145.6232787086,1.19911605732705,0.992068434537487,0.316600715438653,-2.71846273358915,285.740419230778,43.3966882553291,128.378058809736,176.274376468954,-1.57954778473504,0.0451381179391319,-3.79239878802036,-0.238386455152067,151.206864979929,86.5809955351583,314.122884519995,148.988321741186,0.308371109342261,1.26041439115397,5.07814390527119,0.0491784562882458,151.777792299989,77.2293273895061,276.352876423824,147.6052536882,-3.11678707874898,2.90623813850289,0.314831009211048,149.952253853643,77.0904065862096,40.2581282324713,769.946060965045,141.64720470799,-4.32645006235725,-1.32645249543293,2.14587935908958,64.8872515984904,35.6350637926844,665.052260598216,134.02370322294,0.210953233737655,3.90962700332921,-3.51129722850465,281.112726853414,269.004052975514,76.9537853034099,170.8244269245,-5.70566031721728,2.64409087511831,1.45530974215126,271.276506085572,245.641668733088,89.5750761685877,147.054757235941,-1.23836290526287,5.78103196570191,0.701652365793052,355.093493214085,107.176724191766,253.554227036991,210.187377692937,-3.79656209751329,3.16778574001955,2.48048083330013,338.280783333314,340.965870520903,122.410864858824,243.689053996506,185.846313143279,-1.23418321029021,4.24510124227891,-1.89029521362659,276.158130084456
26,603.039327766584,528.027996090002,599.621380569737,463.262882135307,205.000780387809,-2.50410336352343,1.55915539761918,-5.09776366231245,601.61934189069,477.915351567615,589.785152910209,421.196557702237,197.048818485186,2.46656075352303,-4.07666617184259,0.801878199403745,779.429774632139,123.699010964801,668.064113090951,241.566597335228,466.582957551987,-4.21272449372736,-2.42266376081216,-2.69763373546857,800.980337508607,108.205706331818,693.598425469123,220.388974512081,432.70985316637,2.42094927195694,1.02648346973092,-2.41892683968263,218.005519898571,139.027421704226,323.015537998113,65.8704007561469,161.964873303457,1.93863748296781,0.416107315140835,2.54541009085506,247.569643789636,86.5961981488963,300.050536974149,83.3240048935131,156.176837731945,-3.91719396383451,1.74977956019984,3.112987183521,471.109040990538,76.4181604141822,274.410819892844,274.9705799176,-1.33800493549097,-2.46829165184454,3.46493399881774,-0.935428773399963,477.861276308248,66.8033442114188,231.214236831564,302.848274366308,-0.832614610220844,3.02251190417064,2.15444743568241,0.770211212211507,256.586599639965,149.519701289045,525.324458304299,266.300816030995,-2.17833661704208,2.72563161170001,0.0643089194704771,2.12507548538315,263.315538442269,137.556660458829,476.122574551493,256.908334778542,-1.94423500226731,2.10143594358442,-6.63940268791748,152.194267515441,143.105073091959,69.4513554643618,1004.55472354096,251.240932779771,0.791067219274282,3.71633240283381,0.592626240092159,121.667666085084,65.3381692069029,892.627569331008,236.552868328387,2.92071285033626,-0.588336695498128,0.756546139949478,468.855424268693,461.138300993316,142.852710950365,287.990773166014,1.7008657740962,3.82801099524977,0.4006912014097,444.164461035415,405.074758273734,152.234600873667,254.5190059309,-0.580285479516988,-0.522764796611227,-0.799426014883011,546.968808186768,197.656565601852,433.473293868754,359.18329134801,-5.14966916794083,2.9324502776476,2.74070180210674,527.949105783788,536.758137543161,217.120978575401,404.77373219987,323.002099501655,-2.66670423493542,2.15842823547973,-2.56527869419256,429.784317799636
27,843.313998497416,765.200020842854,857.712193549631,720.67367796132,354.901487334851,1.18994539930964,4.94002760607418,-1.50810614306374,831.340117966818,699.154658898818,832.492309289476,655.554206770601,348.664818976376,-1.63772279490877,2.01552748724953,-0.974396867879932,1030.7785094393,221.732141398305,930.697152609629,412.823231491727,682.995686602844,1.3116656341731,0.818001762677795,1.20355038173238,1046.82732576328,196.916947621932,961.132204849731,377.306522225562,659.751519822514,-0.592026721682032,0.238376679060366,2.80920229911453,369.274919863716,246.34316086149,543.479303546848,116.534341035935,282.89706388854,0.277458578863389,-1.81481997853825,1.0154476259072,411.596585756796,184.269016624969,508.340359255792,140.377923519618,268.432254878865,2.3578950181618,2.83683514363929,-0.00510960828160023,670.819862889275,147.989978849475,470.441931533138,470.181927969928,1.88840154856234,-0.291328639243147,-0.100298903147177,1.53957480142162,686.446504426605,143.349969691626,387.617276059094,511.001816150579,-0.970028708621157,-0.170497114266254,-0.342479652434122,1.47293017757966,439.23876915657,274.260146262267,759.101850021486,446.220795921866,1.12630459508046,1.63001180885112,-0.785615432538634,-0.215067700340114,447.383551016205,243.629701390779,699.026698642802,439.207819783837,2.81930389783338,-0.0832543420137881,0.063728273077686,157.759056091267,249.487097696594,130.432094276163,1233.10197432076,420.147913777061,2.99433183158089,-0.941477188534463,-0.828879562125167,227.023726635901,125.366873382743,1117.95100541703,408.819935692891,2.24805294045836,-2.72464102524191,-0.0176538612859076,671.985560345315,678.129228460464,261.543297449899,483.31625641146,4.40481100018997,2.253344556088,0.267850686248039,637.495974398583,616.557211637297,268.675097686986,423.022696736399,-1.97393517214005,-2.08921763153558,1.311887856265,748.064603762265,336.847242939111,658.563003787564,573.414481665758,3.37281478375007,-0.0159074534735737,2.66884469054912,725.41336298556,741.375103967256,362.266530679943,620.102394738581,508.665447072096,-1.87868300370837,1.55037560144638,-4.3196411284589,597.637187899187
28,1084.87053940242,1018.80682828691,1128.74936387405,986.908835548343,585.398095833226,-2.03431266465122,-0.103858238122939,0.999197029359493,1067.65614787766,940.278229872657,1090.11701421683,897.374182056496,578.422557047827,-1.55618567912643,1.53436635382923,3.68296178374476,1268.08295978675,375.608434509226,1200.74856936932,651.780154272197,928.974068339436,2.18501985919647,0.569623465156837,3.76643933537798,1283.0174398667,340.758870289731,1236.02166284349,592.561125558975,898.963101855846,-2.90832362842093,-0.630362645721107,1.54118718430072,585.583885196386,414.911819215232,786.261316475795,215.018475598283,478.640395313623,0.876563233411161,-6.2818052567327,-1.46306331731739,643.492194388438,345.365547232734,733.042698637309,248.784135489189,471.502912551218,2.93471790667127,1.29887659678116,-1.87704334185537,886.735997934623,263.900044481831,692.820787865914,708.984799571785,-1.01398526944513,5.06714777343677,-1.03584419158915,3.57903234954711,911.079474878132,254.522774986134,600.362572134818,733.423867555472,-1.13880316107998,-5.07019893184861,-1.65717904985831,11.9505754483562,639.35646509837,464.862341932677,1006.65682659034,673.483441934504,-0.514054146888157,-4.85213997017263,2.88336552071814,-4.13150752821684,650.823127851489,401.096844941085,940.494508889525,661.86834398338,2.08979530873921,-3.54919644111442,-1.22713953752509,163.061880776412,414.285006093225,227.953103437246,1433.06245398179,645.175213284676,1.81357642374678,0.880279100355892,4.5361064188387,386.235187776294,218.129424449808,1322.56905554411,635.559094494566,-3.39182720279132,0.0216139355034102,-6.16676596135221,890.088357212892,916.894196879285,427.69931545035,701.523767133418,3.22104954475799,-2.71594191210897,-0.128232718036088,846.975027365959,834.609555944216,452.452288676076,647.139886579857,1.39240414314781,-2.63211192778635,1.01977869557822,951.891036063635,541.606684359255,894.879978418113,800.584707962831,0.492849336060772,-1.21752919738356,-3.52507890979132,928.394520201969,946.148130858564,575.185948722047,841.660661287082,708.687806958259,-1.52375886943719,1.63869721238098,1.3776194373479,770.68375963966
29,1309.84684260671,1263.09079267973,1395.26682818554,1246.17453661097,828.803504996512,-4.24168219676221,-3.21493015647411,0.44482658122115,1285.42847456931,1175.69098248404,1331.40979855151,1142.73868052562,830.128893213452,0.632015457879788,-2.4417518091368,1.62018295228154,1473.63829568617,598.106046807144,1449.06327277597,896.09604620674,1175.23061572916,1.36017841886996,3.67727036169163,0.636632499986263,1485.84789698425,547.217578248921,1484.89831544192,814.372761751864,1138.73357841832,-3.44591149630969,0.315875960465291,1.06606721675735,810.624870049539,643.078414388668,1045.52176492563,374.118796009359,694.419939036724,0.464254835228985,-0.362045267666417,-0.0345779968529314,879.802126749267,566.872968988663,972.290140575336,423.001144836452,698.191268117064,2.29296259314924,-1.36656188010238,-4.35342799276623,1094.01007523528,429.690768955561,938.1402763241,945.507073944357,1.29520890259846,0.428520652546922,-1.77231531980124,4.06955070503864,1131.53314895958,430.947905334577,820.098186291091,968.371018784053,0.333662942399769,0.22913336880265,-2.95589287620578,8.63754524883507,853.130870649031,671.731532628102,1241.99233271396,905.261348162667,0.956989922448429,2.10972756940237,-2.15237830425895,-3.66281440761441,866.789339076112,615.249631738433,1171.35042406938,889.762935424867,1.34033956440908,3.13202529956925,2.31182897371946,166.573875905363,614.027863711371,387.524909342021,1595.7172505764,876.874971058686,0.437616090140182,-1.45215959439201,-1.45806309849922,592.640880344795,360.357636296511,1492.90631381311,868.816262198997,-2.09438975377543,1.54220963689386,-1.02392300528481,1096.98372234235,1144.4157920481,638.419157796469,935.250597350534,-3.02046194044624,0.814466628069567,2.03051438648572,1049.43452308035,1053.25516370812,657.349370153056,874.536100453951,-2.04412706047924,8.19840702086458,-3.02788618137311,1136.00652288451,756.630429071592,1131.89711111176,1030.89993874099,-4.79480582952556,1.33911888253851,0.161000675869218,1118.83662082299,1135.9695296032,796.727009925128,1062.18759250511,917.980720487039,-1.47453224827768,1.12702210875932,-1.18486150369722,936.185832803305
30,1502.39880327648,1483.02220598152,1620.99653016845,1482.60463761933,1071.49040920021,0.170945345995733,2.05945213520727,-1.45701709430887,1473.52385167641,1387.80984049977,1544.58609256053,1368.89290061521,1098.11218700477,6.30104811779165,-4.09280936926689,-0.768505367556827,1640.81607117855,834.793322925956,1657.48146851251,1137.66180146682,1401.56000054563,-1.44086285060575,1.65546671884294,-1.90141629159507,1651.8820165045,768.454050807543,1694.38764410635,1034.98058824998,1359.00027107606,2.20157271710696,-0.488582366333958,-0.540118000165421,1037.63417857747,878.263246991875,1296.62187759412,595.119886659697,928.00914886375,2.45801516245729,-1.91012312095381,1.30263075439188,1112.59779265728,794.141695874166,1203.28201623254,655.073826081345,950.097635500861,0.757592305499202,-0.424096632124474,-1.95289748178266,1277.54013568282,651.313023319837,1182.20239636535,1167.362880244,3.72978694224412,0.763926383980106,-2.48854751964518,5.81559994246527,1329.68860742016,657.08653506156,1038.40632278882,1187.095166999,-0.412838661029582,-2.55925925732754,0.923591561453122,10.8000391787305,1062.21877644967,895.596282799615,1441.29151972962,1132.64391827475,-0.969480017784463,-2.0241486001305,-2.32060449046594,0.663298209372897,1076.51610627173,829.256662973891,1371.447586329,1108.49417217636,-2.95628726615314,2.29371544788182,-0.3193907020609,171.534898134329,808.084220838114,597.45948518197,1718.27433112036,1102.84989049079,0.937189435216169,-1.27956809411762,-1.60993391024704,795.155817549382,561.386509715136,1630.51221088162,1098.65926628314,-3.71370610328177,-1.41570403926244,1.02184322556741,1278.43414739128,1357.95546894514,851.656367147395,1162.24296995639,2.49708731406326,4.83838432948642,1.19460892188226,1229.69854401511,1248.98674262888,877.724976642656,1093.06682032961,-2.64308665164936,2.80698834892746,-2.92081234470243,1296.69935564576,976.487295923554,1351.6889356561,1247.15822074939,-2.20667390924064,1.30382501173654,3.93186027157526,1283.4530816074,1297.13131686405,1023.47672968665,1261.93075227707,1112.91055350043,0.772170268659011,2.08501306908738,-0.254100087803636,1076.89859531696
31,1660.29502227847,1664.30049908531,1804.32239301437,1674.16103464673,1298.20834175062,4.05598567742572,-4.54138365854533,7.00617369351312,1621.63993375141,1558.75224329721,1717.22354985361,1566.11979163251,1348.99188107881,1.13283961068737,-0.312268220601254,4.8394675794566,1769.83776201244,1072.07132596844,1821.67167957067,1350.59109734139,1588.59138171984,3.03156541879798,-1.31888295477756,-0.695357224709824,1778.65883141774,993.106684829653,1856.15186421777,1233.68974931415,1542.30144772576,0.171377437113733,-0.513494519003871,-0.310485221320505,1244.3214672365,1102.53190294442,1512.81332974636,817.424934201492,1154.89690937592,-3.29709178373651,3.42983710550971,2.96253948933781,1321.80873898461,1016.31373860224,1402.83032122932,888.490361361098,1196.42668907032,-3.09249498125018,1.71828383298816,3.42738096024186,1426.84444050787,868.575149728739,1400.08729607765,1356.07680594327,-1.06570310311645,-1.94468343420021,-1.70018952646706,11.3926025180745,1491.84058017292,884.587132326821,1234.76357797218,1375.80189767616,-3.06432835129908,1.53955183255812,-0.856739115144137,9.80564625723218,1247.64427295061,1102.27962582177,1596.71800747957,1325.8388862221,1.40931498465534,2.44409632849329,-2.16053719550246,-0.62245470527705,1258.1568201564,1038.26718717883,1531.48301577807,1299.12677711315,-0.874536773430464,1.22307613181829,-0.562914241033013,176.408393343675,979.307106730631,811.244173726662,1804.84053881152,1305.00863170792,1.19300743418034,0.653440005702578,-1.33652877514305,979.805066026423,764.679350312205,1736.4616614376,1304.296892941,-1.27629304588845,1.76598335414883,0.293642527379689,1421.85733619967,1533.01665117472,1051.75592615837,1359.80958528248,2.56436224011395,1.55233530570013,-3.50817755104572,1377.53252636852,1411.82521433852,1084.4663399214,1286.34952957994,0.654211976910574,-1.5932022156403,5.00050046159413,1425.0192979828,1179.92394496397,1532.1552318016,1429.90850477437,5.61714040959805,-2.59110522727724,1.83487337133647,1414.50728612469,1429.50326810848,1235.26966173921,1426.72051197849,1278.22044888689,-0.799227398990297,1.74078374339615,1.73108467247448,1192.84723356538
32,1784.29162428547,1805.48198423585,1940.62555485018,1826.85106905207,1484.00305474817,1.64312678581518,1.87347680946414,-3.29046156812819,1733.1323814633,1689.54987729421,1851.06601799826,1725.92172572695,1563.97854705161,4.30809406558183,-5.65132892475276,1.6456804360746,1863.43052375057,1287.41506587981,1942.80497029985,1524.57919810503,1738.41548449917,3.54604035614875,0.164287134944516,4.50615298919001,1875.86888641498,1198.10809160257,1977.03327153942,1399.35432774753,1686.20029760029,-5.22844133193803,4.28038834513654,2.69214914075928,1415.79579637441,1303.63220496627,1683.14342921672,1029.42672305508,1353.44643234306,1.09392316152389,-4.65929780765009,-0.568846076118462,1496.08404493821,1211.52323293351,1562.1296846914,1108.97255518854,1416.58326585409,3.51676330142527,-2.21185818715503,-1.90501491323903,1542.65073891085,1071.16482362875,1581.20956854106,1507.6210724066,-0.5840391052825,-1.12842002299931,0.812654284422479,9.80047498714157,1619.41182267947,1103.56841636587,1396.76233958879,1522.48728600654,-3.21759278090076,2.21298971089209,-2.29149256945902,13.1863002789137,1399.67581593416,1282.07177059,1708.85706915667,1479.7408627658,0.562936118825291,-0.625944694580994,2.95064951943323,-0.054516434172001,1406.35333743018,1217.1550902326,1650.18209724483,1450.54936038003,3.45412373666022,-0.0710212791768754,2.05628057895137,184.233798429897,1120.45930298809,1016.11337231287,1875.46916572396,1464.18236467454,-0.962783936131927,-1.34822958955601,-1.38715723645691,1132.64390132579,964.543984050691,1816.78961219772,1476.85349099551,2.54486872423331,0.131115045294337,-1.05529215277511,1534.20057460904,1678.28065049722,1226.8585549052,1519.66468855512,-0.0223288869333373,-1.14329487626628,1.37830507776061,1494.41858276722,1540.93045827003,1262.1677111137,1443.31810501572,0.00404261805988426,2.13933847416683,-3.6404664434931,1517.1727670312,1354.58446783682,1671.32594588979,1575.52396615756,-0.561528905797786,0.832813574585543,0.217690137975751,1512.37524313386,1529.73053094337,1417.9105721469,1556.23582826713,1412.4984236985,-0.814697835699917,3.77934789809706,-2.01537225543029,1277.34106208085
33,1868.32657281813,1907.46869004853,2039.88528648253,1936.80964114384,1635.47456935648,-3.21835407599065,0.277278921116249,-5.41278738533629,1810.57933204529,1785.49321164761,1941.73378131007,1846.66570930137,1733.44078462147,1.25128782262937,3.49133120814395,-1.50729700474221,1928.15510397573,1468.95095184253,2027.06128267902,1656.36524418196,1851.62777912386,-2.94838163126406,2.61371224759023,-1.26436481045266,1940.62040791746,1369.36153299174,2061.03797539182,1524.86577067609,1791.30763676727,0.914931846057243,0.367788349056809,-1.140264369948,1544.36284632013,1460.53292188747,1812.93957810373,1213.00239970989,1515.09129847481,0.826769566861003,5.11491642131023,1.43942963208747,1627.91093319924,1372.02470582878,1680.9185818796,1299.70512196138,1594.81592356152,-4.27649208337562,-3.02898408180727,1.15142967006295,1627.29823138081,1243.1704921613,1720.34181188604,1619.29912899438,-0.222095901272951,1.12575619489962,-0.0518543814146142,14.6129169685546,1712.31789398101,1294.71007494712,1520.79700564824,1633.56305286894,2.79882959350016,-0.0521613489777337,3.06050900154378,20.0948113947852,1513.18498847892,1421.85885539968,1791.32914938058,1594.64195288136,0.970449422996808,1.19792512536196,1.12496802629903,8.07958543985978,1517.0472513183,1361.32265022999,1735.12390140662,1563.28198750114,1.07948680241589,0.00662905754006715,-1.11411145815009,192.048330170957,1223.2505271721,1193.84278674793,1921.1251155425,1590.59381947531,-1.34533605549723,-1.86162071692797,-0.215292834907359,1250.61882959901,1140.28843155191,1869.78057485266,1605.95342557224,-0.446589357823996,-0.304636682928958,0.0444621840765649,1616.63417780433,1776.30400450689,1364.29110974717,1634.08726757966,-2.89825838710385,0.842443971302146,1.12620066990576,1578.16535396184,1639.05061843096,1403.03327786582,1566.21690730552,-1.96316057984859,2.61462760104223,-2.50036808605091,1585.42644038966,1494.68695831434,1770.29992451384,1689.51669550442,0.153523098155347,2.04327501578837,2.03523214658617,1580.51119299383,1601.54754805365,1563.61383007918,1652.874362131,1513.10012947239,-4.32222396759062,0.315069665775809,-2.75464053676592,1335.58212574218
34,1925.89973195145,1984.32154668001,2107.90742779893,2022.39551717545,1736.66692970012,-5.03650640505657,3.99277328277958,-6.95476874326687,1866.60686615306,1856.70489249433,2004.03304383463,1936.72544682726,1859.4790872752,0.967555443717629,0.301225022858489,3.1017360802839,1973.17190314551,1613.29415836036,2087.73641712377,1753.29997733612,1933.48499978867,0.155258956491707,-2.68965679103439,1.28545776172632,1986.17348277165,1506.13477029557,2118.16803260891,1618.97383828227,1864.35443096835,2.47069955158759,-1.63325809939579,-1.96159938474329,1637.39232128405,1583.96378826827,1903.44535810286,1357.99589863654,1636.40079124289,3.38633530409606,-0.694714246149942,-2.80421083256579,1725.97145692859,1494.9374086297,1768.61786946472,1451.58340460332,1730.61505324691,2.38945279950212,-4.03031938152071,0.260082121374126,1687.69691174573,1378.90742012632,1824.3337346925,1703.01856726669,4.85558791369431,0.769670439045512,-0.984841589384359,14.2595833346918,1779.74158781079,1445.64990021379,1614.45779887275,1711.86376985345,3.20854966829938,2.16784134863701,0.617307889347103,17.8479783781554,1598.19094994755,1529.08365958385,1848.16237846599,1674.91628595792,3.78200170971422,-1.20437035878786,-2.71650084752355,5.15312585805623,1597.76396991252,1470.41745174025,1793.63809839049,1646.42757186836,0.777753314163874,0.724114344796817,-1.40900394704977,201.067199341775,1300.92889636787,1333.51208010867,1960.41612096319,1682.87580731931,-2.24184976376955,-1.90140855379377,-0.539141794026818,1340.06003828387,1286.91564133036,1905.6122677652,1702.14193305432,2.32920597491329,0.443831327183034,0.900569228525455,1677.73126723209,1848.45695009041,1470.10911950854,1724.55837839974,0.873580433971711,1.39240655562526,1.85051558638361,1639.84414411657,1710.08827616876,1510.58366391026,1655.60954253622,2.40789639025434,-3.23572273824357,0.776712831574969,1632.28566794864,1602.64373044224,1842.17994561123,1771.14340689604,-0.860910652411349,-6.22058081071282,-5.63800647237758,1624.13134203298,1653.058960417,1672.24285415223,1725.49338736419,1587.5377557727,1.97102136494505,-4.87903809790123,1.24326584488199,1374.63064013391
35,1958.91117922111,2039.89165404947,2160.10383713895,2085.62232691365,1818.20086891736,3.95803735782101,-2.63398909836178,1.18654312568151,1906.01252652287,1905.1286033623,2045.48430250527,1995.49061455112,1950.79446252767,-0.599423594750533,-3.76513074794912,-0.963924252726883,2005.20086419967,1720.17636943777,2126.29338341334,1826.17166757634,1987.38301600639,0.919350315268275,-4.23872809228169,0.44094848196255,2015.17665066818,1605.0715804425,2158.47087563689,1682.53945921944,1917.52206734065,1.26735695063917,-0.830674632807586,-0.210343577138246,1706.40144662418,1668.96106771671,1973.039546653,1468.30931546406,1723.78041733296,-0.301421006949568,1.06717033406221,0.171872324939159,1795.44629573737,1586.12086559785,1828.83289017608,1567.69693651635,1831.20815156254,-0.690147985269959,1.78059124067613,2.51183712935199,1730.09677333913,1479.28944588942,1896.60520534256,1757.7585105242,0.38122816655823,-1.30434717602884,3.30080597362848,19.3582703498432,1823.16744173988,1558.92040363036,1677.51331256468,1769.51861979585,-0.0720064800411819,1.00624758865797,0.227728864174878,21.6369018206228,1656.54953712808,1604.8047663015,1886.77416826975,1740.93060838124,-1.46882968216823,-0.353491304743784,-1.49322817324082,13.9908292980658,1653.29923834791,1550.40637290961,1834.33391255408,1703.75726440075,-0.292511373173511,-4.23865206691789,1.81375379286328,209.643950381849,1352.97902915262,1443.91177028069,1976.86765134037,1750.51956603376,0.245109842059719,-3.1623203119716,-1.25373332498839,1404.27000472731,1396.57015744856,1928.4732866999,1768.10415200141,-0.273228933012433,-0.818037876131712,-0.0694964536187399,1718.97049091227,1896.52401917507,1544.18633571909,1788.83668068526,3.54561015833951,-6.62746436592488,-1.28704001489768,1681.30618072656,1757.36590843085,1588.62932117085,1720.56457726691,1.02011932247706,-2.29916488395065,3.21360413300954,1673.06568208345,1680.23985270868,1890.79756930278,1830.34664077762,-1.12863026281957,2.04844737447638,-1.90437690352246,1651.4253534033,1687.63353749494,1753.91051422787,1773.8280871241,1641.08532054709,3.07141066322902,-1.41533648778568,-1.0964435449298,1402.038815111
36,1984.37475804305,2073.25485105124,2191.45951496408,2126.17494205483,1870.10356005572,-0.440751173404351,2.24863717330845,0.40107567864834,1933.25599020036,1936.39778653514,2078.15772604388,2039.64424128499,2013.09341030234,1.60662889545983,1.26595681240042,1.6253929850468,2032.00594841431,1792.63443328554,2157.06254722079,1871.40860945813,2026.63209069513,-0.502466338150043,2.79777891797357,4.07203653361967,2037.57079149728,1675.45310807681,2187.13470119246,1727.47391113171,1954.72480163294,-5.44196877727609,-0.642276340528042,4.15329269515405,1754.70431261352,1733.99504048552,2017.41684191925,1546.68131923161,1781.3604140387,1.69000601334574,-0.2423806642405,-0.651309494389352,1845.13022183982,1648.49828730454,1869.88986215085,1654.85370776333,1902.85949524018,-0.046260736554359,2.32928618948699,-1.53577712247625,1757.74947710233,1550.76885761034,1947.57572964174,1797.55844308302,2.3645558816761,-1.47242526607488,0.910480467092839,16.8670143642898,1855.73633590425,1639.7043555957,1722.52616630829,1808.17796765163,-2.08204169569217,1.97413881865941,0.375945362176935,20.9104696907034,1697.91656549669,1658.08007880918,1910.91832997537,1784.70899690055,0.725965097761218,2.63948790201221,-4.63555268538676,22.6512492637189,1690.33506337932,1611.3181296821,1859.22360320965,1744.34757029586,-3.67499970170229,-1.877154557621,-1.42236597636065,219.882010178517,1393.28955663282,1523.68143689915,1996.17134064508,1786.01532721809,-0.175010255659345,-0.257259840469487,1.95524283991426,1447.20471115047,1479.53055322014,1948.46546227475,1820.01329842765,-2.41468017042507,-2.17025302442516,2.57262675288484,1748.09911949144,1931.5858981063,1594.26698988666,1841.88163819396,0.942455188901931,3.85289782010295,4.12218759964162,1712.64082205978,1793.6916621621,1643.29395813516,1764.71904547262,-1.68607710960123,3.84660118814554,-0.89014280585252,1690.00920687038,1734.34522792257,1927.43541824988,1866.8002750339,0.249625195309363,-3.54186427874311,0.650746593354597,1668.18169558576,1713.29327621213,1810.53510984457,1805.95768617404,1679.57774645783,-0.507664560518151,-1.37709769489175,1.79039413255714,1416.95550717388
37,2004.19201065015,2092.61227871025,2216.99505864809,2152.09772196712,1908.2045863003,-2.042943737717,2.60760396507339,6.91234085082397,1949.87511070322,1955.23791878806,2096.84404426416,2067.60563321936,2057.32579563511,-3.94027282088382,3.33463345398059,-4.97796469663081,2049.1380026875,1843.35596220105,2172.89123614773,1902.7652923961,2052.35050737245,2.08005574911567,-0.887989697313969,3.1235982892681,2053.60176766879,1725.15407696626,2204.28609654745,1758.32039512361,1980.26936288403,-4.40767951140924,2.15878629317967,-0.117448432500169,1787.21030378506,1779.73206168239,2045.88015405003,1599.64207225487,1819.00352833919,-4.5697328241481,1.86789104671652,2.00677625977823,1876.00855869322,1694.75565611072,1896.89507485087,1714.65526260404,1954.75533474949,-1.24960059221348,1.35612835898837,0.241894102734022,1775.46286560033,1602.13088832798,1980.68881266574,1823.11906528864,-1.90749230737447,1.80984959136231,1.2289792784577,20.9813522606355,1879.17258323144,1697.74138425848,1750.71850426864,1836.85696078656,0.29189753160199,0.870048668102299,-1.91899138863937,25.5216652851705,1722.54598751565,1696.50903040865,1928.62656376395,1821.69839238785,5.80288827178947,-0.547611962120754,-0.174008010801117,24.3685512378179,1714.17293671079,1651.60346896056,1875.68317681212,1768.04288421836,3.86121718159075,0.78145007051944,-0.0534523405240179,228.861203249539,1420.02771772459,1581.39501775481,2005.41922991982,1817.16041242606,-1.07202827076935,0.617949380500704,-0.747922802052926,1475.53888430635,1537.99981121058,1960.93406096893,1855.35039484966,0.621135683091325,-0.161630474918184,-1.3694552380116,1764.39793926527,1954.01534178979,1627.91446437097,1870.27671446007,0.637995317590594,-2.36941147584184,2.22215350923989,1735.84978528903,1820.69121405932,1679.55815897483,1798.78375921593,0.978108390374928,2.49021613383638,-4.05486307680667,1701.81015702146,1768.62766015457,1951.23868616613,1888.01112044368,1.95452301237674,-2.64746330783009,1.30162818798544,1679.84130206156,1729.52231970621,1852.08881541019,1827.18378569342,1706.31502454292,-2.85110583573351,-1.04398365284351,2.34071959389939,1425.37994784644
38,2020.30790477388,2111.22221336909,2224.74778224879,2166.16746084304,1925.27474633273,3.09653763401911,-0.315025328758566,-5.46251650458134,1962.28524374989,1971.76140789918,2109.90196941466,2090.89013030126,2084.36083526583,-1.34531477559722,4.355771094175,-4.99762329808027,2061.84321639536,1873.59265388167,2183.86922161242,1919.72312625784,2067.81838625397,-4.44295275558989,-0.123882915496324,-2.65865513301924,2064.91366028997,1760.0851426961,2215.50437539521,1781.29375115892,1994.08424051773,-0.386174321719864,1.8967143693053,0.270129225303663,1809.14587322038,1810.94184770729,2062.98357806169,1638.97352389788,1846.46328276376,0.687454737057578,-1.53841343055046,-1.98881216727523,1894.4449224581,1724.50888382825,1917.30149540466,1758.853331448,1989.2133120051,-0.661204112136147,-0.0567044837544017,-0.907492090720098,1784.98726569598,1643.50354307196,2003.1263559849,1842.32701035042,1.34033111634517,1.42940375437456,-1.34144879578162,26.7596412509401,1894.86538814683,1739.34456576205,1772.80074429141,1857.57849817831,1.88734279762957,-2.55685319390204,0.844764693529669,32.627228944029,1742.18345705654,1724.09022214237,1943.67871034386,1836.94632663262,-0.110481931375944,-4.93397498951799,0.110456937351501,31.5019059244933,1731.28384603244,1677.95010114412,1888.01258640816,1788.95316728868,-0.167231103545419,-1.4809962082395,1.97475149257025,237.098356372041,1441.35936523817,1621.04484118249,2019.24943153155,1839.0892902116,-0.508214723644869,-0.339001015523991,0.429187369045849,1498.26775794438,1579.47817150673,1969.37226122,1880.01869959614,3.44937016254789,-0.627673689819403,0.352669904610593,1777.16618898683,1971.20391039199,1651.78804647724,1892.97099242558,-2.2807951933305,2.52769009376516,-2.57642571648648,1751.3631659394,1839.16513190661,1703.42909338858,1819.05670319061,1.59559249880476,-3.45242743627068,2.04754483657007,1715.75559569248,1796.29318666618,1960.03630644412,1899.32907638143,0.360605321098774,2.80271990659685,0.498277765365856,1687.64882003004,1740.9589855703,1876.94804004826,1840.97528709371,1721.95424743026,2.66379271033338,-3.43178427756084,0.671166595026534,1432.78568010344
39,2029.07812021755,2121.27321777009,2234.81138007717,2181.56178216446,1943.52690638873,1.60852036875622,-3.57663881744702,3.12859719612288,1969.76853820948,1983.37096267801,2119.38124256627,2103.30593456094,2103.56008724693,-1.38751441992144,-3.24989682218074,-0.36334919266119,2065.84672172175,1901.99968014355,2195.08159308638,1936.04908242563,2076.49264668673,0.2559196775278,2.37253168616826,0.313557595726252,2074.54763448476,1785.73344068623,2221.31024841261,1799.70375871678,2002.47265456318,7.75637240572496,0.684600550048799,-1.55686857583623,1824.91781422584,1832.4462804364,2076.88907754429,1667.465890992,1867.61512313021,-1.87134433669598,1.25305681778991,-0.34665561824113,1908.46800943785,1745.39307316744,1929.5734819087,1789.37595458472,2010.40629712548,-0.254599175769272,2.82201574521832,-1.37887149091739,1795.06130325581,1671.89608159162,2017.16539068293,1855.15952006952,-3.41495462829698,2.58594972013407,1.12443007249976,30.2917715133876,1905.76597707334,1766.67233544228,1786.00334865839,1870.44553566307,-1.10699634752518,-0.227861862401369,0.755275845238884,33.7409458402572,1756.39916545349,1740.60480195792,1950.24314996787,1851.80187207977,0.333203616442006,1.29278687213673,0.514141496549655,38.7843352598211,1743.56954018532,1698.05755067048,1897.08471379222,1801.59609549838,-0.187522355813144,-2.51362783378318,3.20896597232058,244.319187688866,1458.6109760024,1646.61113601196,2025.71104138357,1858.26680919543,-1.41208755108573,0.267274244631608,-0.566155227224499,1517.0690388107,1607.09446689866,1974.01647097723,1897.48936323516,0.522032548103653,0.647695511845086,0.973529727262758,1779.75289326405,1980.44963658027,1670.75205306305,1902.46516224239,0.674369665403901,-4.48133104354611,0.701743891485876,1763.77710529019,1850.78239670433,1721.12887555224,1831.89214998518,3.22250428232655,-1.33593058858924,1.58187803770488,1733.57222348753,1814.68002374584,1962.65061951814,1911.08911249885,0.281527909542092,-0.372942063025221,-0.511471331903977,1692.37128169925,1747.26631442685,1895.98472530621,1849.64493562413,1731.40430850806,1.74322286903134,1.66465756293383,0.92709641750298,1439.62659850851
40,2033.55233871946,2119.95228139667,2239.24482788757,2194.39856623654,1968.20057439086,1.88179843101534,-4.36235919081082,4.56462946507327,1976.0202733202,1992.84609918644,2130.5080736703,2111.04683492513,2119.00201372904,0.435088566284321,-0.720477846881749,2.5706610884713,2069.91616405272,1932.87319108276,2213.75221338924,1947.68002330404,2086.35893828151,-0.131584936140825,-0.255673849239884,-1.99616509200951,2081.6385942439,1806.31808900641,2228.72074608036,1812.49769024908,2009.40402783423,0.357844191385539,0.30960041647495,0.931531825438014,1837.52469343893,1850.78368428221,2094.7898378525,1693.63112236091,1884.39956395604,-0.83043115759574,2.96556781010122,-1.00696009008925,1922.98545143462,1758.4609797127,1937.06550708936,1815.68880345273,2023.24905662672,1.22454474196093,-0.797573011937402,1.29218587555579,1805.44411859456,1693.17936383862,2027.87706366183,1866.72834523061,-1.82687320277273,-0.589417173125184,1.50659401992334,32.7181141505512,1915.08914214486,1786.65539780179,1794.56015357912,1878.01718366837,2.99736722217494,0.185135030029414,2.04448172940556,31.9301639001051,1768.3958762,1751.30233159505,1952.89466537915,1867.09055636421,-4.31743451509328,0.265902044658105,0.0987477142157331,45.2004085196627,1751.82598724624,1718.6782375362,1902.06760208087,1808.81186043757,0.123297144990374,2.35459372018067,0.0338122781477068,252.815612637785,1477.51416475879,1664.43777255478,2033.37005959696,1861.8574012501,0.0595116112785945,2.4527437080983,1.02842014579255,1532.91274607815,1627.0183462444,1981.05699648868,1911.62687763217,-2.43581862018618,-1.87710059667052,2.46567567376951,1777.30121838509,1987.58874345563,1686.84259028915,1904.70250143201,-3.73200368270955,-0.784935412179038,-1.81124836837216,1774.54916461523,1861.9930612187,1737.49650636068,1837.02547203122,0.464287351084295,-3.52075725380473,-0.598952134182127,1749.50085604564,1829.33941460148,1962.81376156292,1926.39419592707,2.09109864134643,-1.37639210391171,-0.318334249658619,1693.36719842674,1749.65438562777,1911.3177233552,1853.99195756425,1738.11035437908,4.3819042083137,-0.954615598642704,1.22481422435158,1441.85105031191
