,Temperature,A1,A2,A3,A4,A5,A6,B1,B2,B3,B4,B5,B6,C1,C2,C3,C4,C5,C6,D1,D2,D3,D4,D5,D6,E1,E2,E3,E4,E5,E6,F1,F2,F3,F4,F5,F6,G1,G2,G3,G4,G5,G6,H1,H2,H3,H4,H5,H6,I1,I2,I3,I4,I5,I6,J1,J2,J3,J4,J5,J6,K1,K2,K3,K4,K5,K6,L1,L2,L3,L4,L5,L6,M1,M2,M3,M4,M5,M6,N1,N2,N3,N4,N5,N6,O1,O2,O3,O4,O5,O6,P1,P2,P3,P4,P5,P6
,65,4869.61170577,5216.09990609373,2011.37915552045,1996.21171745988,2013.64968276736,2008.01368008779,4698.34612809238,5097.50995320733,2001.21530177345,2001.76212325031,2004.67297901075,2032.5912208021,4494.66292033021,4494.66292033021,2010.15223222598,2025.20883311482,2010.52277971193,2001.95885273541,4494.66292033021,5216.09990609373,2004.38150002912,2025.36762453813,2008.75541061538,2001.84621296396,5216.09990609373,2990.90549135207,2003.73121351507,2000.0976924165,2003.50361894441,1989.22271336961,5097.50995320733,2665.53123571989,1990.34699208267,1999.18157572106,1989.15382529602,2000.84894440349,4494.66292033021,5216.09990609373,1997.03208933512,2010.92642801143,1998.47513092317,3959.57670423237,3375.77191070395,4494.66292033021,2002.22410190503,2009.96157645464,2003.40620313865,3665.64834458617,4494.66292033021,5216.09990609373,2003.15685368469,2014.95892639136,2013.7238245589,3794.62414641735,4494.66292033021,5097.50995320733,2012.30137631793,2005.27989317396,2004.16568196229,2225.68225267401,2893.14005738447,2032.52251175372,2017.38560001105,2014.1130523838,2007.04505273528,4622.90587699396,4237.57040813092,2025.19530923962,2029.84182939292,2009.32271265115,2020.55313569215,4499.77740054821,4223.73126070506,2051.04633784097,2041.37611309906,2029.3803451266,2027.24949535647,5232.67759960123,4867.38744826732,2037.25505970291,2032.74561393079,2033.51474249957,2038.98628630784,4534.1163204558,4494.66292033021,2054.39692936759,2034.11949410324,2041.89585211324,2047.10923219955,5188.51945055629,4494.66292033021,2068.53519156342,2039.17900979767,2041.64905256546,2060.83581539118,5394.9670005533
,65.5,4850.68884799579,5191.22615636962,2011.51756648472,1996.25999473614,2013.59329041821,2007.70523385234,4684.79490280669,5074.92308743279,2001.25182931002,2002.00925303668,2004.65764009341,2032.39430475428,4465.43694759465,4465.43694759465,2010.35658667641,2025.52095380154,2010.86044299197,2002.27365033018,4465.43694759465,5191.22615636962,2004.46651736705,2025.3299301668,2008.67309964003,2001.38752766165,5191.22615636962,2975.08052368186,2003.70717277959,2000.33668360971,2003.58100508091,1989.2981845917,5074.92308743279,2654.0511189915,1990.57477101089,1998.91743521153,1989.15307556854,2000.7189489994,4465.43694759465,5191.22615636962,1996.96639119358,2011.13196114716,1998.38812689333,3940.36041165168,3351.32148303265,4465.43694759465,2001.86230174146,2009.79141820011,2003.22027476648,3643.99584857117,4465.43694759465,5191.22615636962,2003.18187783982,2015.05509559867,2013.63274108324,3774.48639184334,4465.43694759465,5074.92308743279,2012.16883820694,2005.44295458441,2004.00620599949,2221.87263414495,2876.45755508175,2032.61134419281,2017.86872063697,2013.67658258799,2007.22891914826,4610.64984094575,4204.98319952061,2025.42595359467,2029.76152691225,2009.41363511252,2020.60917869197,4490.24795392496,4189.51838916178,2051.2151940197,2041.52060870099,2029.60955312697,2027.45665156792,5216.43734767154,4837.46125665085,2037.62866907848,2032.42251061176,2033.55804168174,2038.76335916481,4511.46794223651,4465.43694759465,2054.53059418666,2034.62871183592,2041.71586311936,2047.01966039479,5171.75194474005,4465.43694759465,2068.51186551626,2039.32471603227,2041.90267836541,2060.76011420705,5366.42036707965
,66,4831.76599022158,5166.35240664551,2011.65597744899,1996.30827201241,2013.53689806905,2007.3967876169,4671.24367752099,5052.33622165824,2001.28835684659,2002.25638282305,2004.64230117606,2032.19738870645,4436.2109748591,4436.2109748591,2010.56094112684,2025.83307448825,2011.198106272,2002.58844792495,4436.2109748591,5166.35240664551,2004.55153470497,2025.29223579547,2008.59078866468,2000.92884235935,5166.35240664551,2959.25555601165,2003.68313204411,2000.57567480292,2003.65839121741,1989.37365581378,5052.33622165824,2642.5710022631,1990.80254993911,1998.653294702,1989.15232584107,2000.5889535953,4436.2109748591,5166.35240664551,1996.90069305204,2011.33749428289,1998.30112286349,3921.14411907099,3326.87105536134,4436.2109748591,2001.5005015779,2009.62125994557,2003.0343463943,3622.34335255616,4436.2109748591,5166.35240664551,2003.20690199494,2015.15126480597,2013.54165760759,3754.34863726934,4436.2109748591,5052.33622165824,2012.03630009594,2005.60601599486,2003.84673003669,2218.06301561589,2859.77505277903,2032.7001766319,2018.35184126289,2013.24011279218,2007.41278556124,4598.39380489754,4172.39599091029,2025.65659794971,2029.68122443158,2009.5045575739,2020.66522169178,4480.71850730172,4155.3055176185,2051.38405019843,2041.66510430292,2029.83876112734,2027.66380777936,5200.19709574186,4807.53506503439,2038.00227845405,2032.09940729272,2033.6013408639,2038.54043202179,4488.81956401722,4436.2109748591,2054.66425900573,2035.1379295686,2041.53587412549,2046.93008859003,5154.98443892382,4436.2109748591,2068.48853946911,2039.47042226688,2042.15630416535,2060.68441302292,5337.87373360599
,66.5,4812.84313244737,5141.47865692139,2011.79438841325,1996.35654928867,2013.4805057199,2007.08834138145,4657.69245223529,5029.74935588369,2001.32488438316,2002.50351260942,2004.62696225871,2032.00047265863,4406.98500212354,4406.98500212354,2010.76529557727,2026.14519517497,2011.53576955203,2002.90324551973,4406.98500212354,5141.47865692139,2004.6365520429,2025.25454142415,2008.50847768933,2000.47015705704,5141.47865692139,2943.43058834144,2003.65909130863,2000.81466599613,2003.73577735391,1989.44912703587,5029.74935588369,2631.09088553471,1991.03032886733,1998.38915419247,1989.15157611359,2000.45895819121,4406.98500212354,5141.47865692139,1996.8349949105,2011.54302741862,1998.21411883365,3901.9278264903,3302.42062769004,4406.98500212354,2001.13870141434,2009.45110169104,2002.84841802213,3600.69085654116,4406.98500212354,5141.47865692139,2003.23192615006,2015.24743401327,2013.45057413193,3734.21088269534,4406.98500212354,5029.74935588369,2011.90376198495,2005.76907740531,2003.68725407389,2214.25339708683,2843.09255047631,2032.78900907099,2018.83496188881,2012.80364299637,2007.59665197422,4586.13776884932,4139.80878229998,2025.88724230476,2029.60092195091,2009.59548003527,2020.72126469159,4471.18906067847,4121.09264607522,2051.55290637716,2041.80959990485,2030.0679691277,2027.8709639908,5183.95684381217,4777.60887341792,2038.37588782962,2031.77630397369,2033.64464004607,2038.31750487876,4466.17118579792,4406.98500212354,2054.7979238248,2035.64714730128,2041.35588513162,2046.84051678526,5138.21693310758,4406.98500212354,2068.46521342196,2039.61612850148,2042.4099299653,2060.6087118388,5309.32710013233
,67,4793.92027467316,5116.60490719728,2011.93279937752,1996.40482656493,2013.42411337075,2006.779895146,4644.14122694959,5007.16249010914,2001.36141191973,2002.7506423958,2004.61162334136,2031.8035566108,4377.75902938798,4377.75902938798,2010.9696500277,2026.45731586168,2011.87343283206,2003.2180431145,4377.75902938798,5116.60490719728,2004.72156938082,2025.21684705282,2008.42616671398,2000.01147175473,5116.60490719728,2927.60562067123,2003.63505057316,2001.05365718934,2003.81316349041,1989.52459825795,5007.16249010914,2619.61076880631,1991.25810779555,1998.12501368294,1989.15082638612,2000.32896278711,4377.75902938798,5116.60490719728,1996.76929676896,2011.74856055435,1998.12711480381,3882.71153390961,3277.97020001873,4377.75902938798,2000.77690125078,2009.2809434365,2002.66248964996,3579.03836052615,4377.75902938798,5116.60490719728,2003.25695030518,2015.34360322057,2013.35949065628,3714.07312812134,4377.75902938798,5007.16249010914,2011.77122387396,2005.93213881576,2003.52777811108,2210.44377855778,2826.41004817359,2032.87784151008,2019.31808251474,2012.36717320056,2007.7805183872,4573.88173280111,4107.22157368967,2026.11788665981,2029.52061947024,2009.68640249664,2020.77730769141,4461.65961405522,4086.87977453194,2051.72176255589,2041.95409550678,2030.29717712807,2028.07812020225,5167.71659188249,4747.68268180145,2038.74949720519,2031.45320065465,2033.68793922824,2038.09457773573,4443.52280757863,4377.75902938798,2054.93158864387,2036.15636503396,2041.17589613774,2046.7509449805,5121.44942729134,4377.75902938798,2068.4418873748,2039.76183473608,2042.66355576524,2060.53301065467,5280.78046665868
,67.5,4774.9974168989,5091.73115747308,2012.07121034178,1996.45310384117,2013.36772102162,2006.47144891058,4630.59000166388,4984.57562433463,2001.39793945629,2002.99777218212,2004.59628442405,2031.606640563,4348.53305665234,4348.53305665234,2011.17400447816,2026.76943654838,2012.21109611208,2003.53284070933,4348.53305665234,5091.73115747308,2004.80658671876,2025.17915268148,2008.34385573865,1999.55278645242,5091.73115747308,2911.78065300099,2003.61100983765,2001.29264838255,2003.89054962692,1989.60006948003,4984.57562433463,2608.1306520779,1991.48588672378,1997.86087317343,1989.15007665865,2000.198967383,4348.53305665234,5091.73115747308,1996.70359862739,2011.95409369009,1998.04011077397,3863.49524132892,3253.51977234744,4348.53305665234,2000.41510108721,2009.11078518193,2002.47656127781,3557.38586451116,4348.53305665234,5091.73115747308,2003.28197446031,2015.4397724279,2013.26840718065,3693.93537354737,4348.53305665234,4984.57562433463,2011.63868576296,2006.09520022624,2003.3683021483,2206.63416002871,2809.72754587089,2032.96667394914,2019.80120314062,2011.93070340471,2007.96438480022,4561.6256967529,4074.6343650794,2026.34853101483,2029.44031698959,2009.77732495804,2020.83335069121,4452.13016743192,4052.66690298861,2051.89061873462,2042.09859110873,2030.52638512847,2028.28527641369,5151.47633995277,4717.75649018492,2039.12310658078,2031.13009733561,2033.73123841043,2037.87165059273,4420.87442935935,4348.53305665234,2055.06525346295,2036.66558276664,2040.99590714387,2046.66137317574,5104.68192147508,4348.53305665234,2068.41856132769,2039.90754097068,2042.91718156519,2060.45730947055,5252.233833185
,68,4756.07455912469,5066.85740774897,2012.20962130604,1996.50138111743,2013.31132867247,2006.16300267514,4617.03877637818,4961.98875856008,2001.43446699286,2003.24490196849,2004.5809455067,2031.40972451518,4319.30708391678,4319.30708391678,2011.37835892859,2027.08155723509,2012.54875939212,2003.8476383041,4319.30708391678,5066.85740774897,2004.89160405668,2025.14145831015,2008.2615447633,1999.09410115012,5066.85740774897,2895.95568533078,2003.58696910217,2001.53163957576,2003.96793576342,1989.67554070211,4961.98875856008,2596.65053534951,1991.713665652,1997.5967326639,1989.14932693118,2000.06897197891,4319.30708391678,5066.85740774897,1996.63790048585,2012.15962682582,1997.95310674413,3844.27894874823,3229.06934467614,4319.30708391678,2000.05330092365,2008.9406269274,2002.29063290563,3535.73336849615,4319.30708391678,5066.85740774897,2003.30699861543,2015.5359416352,2013.17732370499,3673.79761897336,4319.30708391678,4961.98875856008,2011.50614765196,2006.25826163669,2003.2088261855,2202.82454149965,2793.04504356818,2033.05550638823,2020.28432376654,2011.4942336089,2008.1482512132,4549.36966070469,4042.04715646909,2026.57917536988,2029.36001450892,2009.86824741942,2020.88939369102,4442.60072080867,4018.45403144534,2052.05947491335,2042.24308671065,2030.75559312884,2028.49243262513,5135.23608802309,4687.83029856846,2039.49671595635,2030.80699401658,2033.7745375926,2037.6487234497,4398.22605114006,4319.30708391678,2055.19891828202,2037.17480049932,2040.81591814999,2046.57180137098,5087.91441565884,4319.30708391678,2068.39523528053,2040.05324720528,2043.17080736514,2060.38160828642,5223.68719971134
,68.5,4730.45617317263,5033.70249926036,2012.03460650066,1996.60911591714,2013.45311369654,2005.87513732176,4596.72003499258,4931.07895869692,2001.39733427767,2003.37081092308,2004.57233148038,2031.20730189441,4284.41455865691,4284.41455865691,2011.59021662953,2027.18649380349,2012.67289123426,2004.16995037152,4284.41455865691,5033.70249926036,2004.93504436985,2025.19859570845,2008.19191292074,1998.61005211973,5033.70249926036,2877.79438610572,2003.55046820105,2001.52704554635,2004.11538287292,1989.75775053556,4931.07895869692,2583.79454998887,1991.85130874491,1997.4125718605,1989.19614409355,2000.02150946987,4284.41455865691,5033.70249926036,1996.75244983807,2012.05628660631,1997.86151780928,3820.75304891278,3201.71563038981,4284.41455865691,1999.76858948637,2008.90215145903,2002.15193743435,3510.27741116783,4284.41455865691,5033.70249926036,2003.42751322387,2015.72416517578,2013.29727428898,3649.00869923152,4284.41455865691,4931.07895869692,2011.21157740833,2006.03409454083,2003.04880870059,2198.35161714304,2774.58907666216,2033.20955586657,2020.75542848071,2011.33404428681,2008.05342539015,4531.02676226467,4004.36706677127,2026.86120465589,2029.14010033636,2009.75216432191,2021.09735653786,4426.09828040683,3979.59672941016,2052.13723999714,2042.30901687845,2030.76362049718,2028.85350227895,5111.67220510058,4651.82640935121,2039.91699550141,2030.70004579956,2034.04204727634,2037.31452062918,4369.38934185218,4284.41455865691,2055.27157752404,2037.45266623959,2040.43785870393,2046.35625062547,5063.75296858663,4284.41455865691,2068.59989613276,2039.95913175495,2043.25324312027,2060.15626602085,5188.97984341802
,69,4698.96717572532,4993.49072138454,2011.71964959703,1997.01882339212,2013.88159186779,2005.79720869521,4570.33902046185,4893.2054148765,2001.29163345864,2003.35070523961,2004.47954979803,2030.98987859908,4245.29917323933,4245.29917323933,2011.67232157784,2027.25055691047,2012.88163879834,2004.34455273885,4245.29917323933,4993.49072138454,2004.90989916442,2025.4075172337,2008.15016116173,1998.10459073535,4993.49072138454,2857.78082866039,2003.5111944831,2001.57136400291,2004.06344026251,1989.88209800723,4893.2054148765,2569.71414680023,1991.91705573808,1997.03193681561,1989.41670376366,1999.75153810706,4245.29917323933,4993.49072138454,1996.68284847586,2011.82013492382,1997.75632413466,3793.56926502645,3172.8499981034,4245.29917323933,1999.4657668156,2009.01327170835,2001.97050076133,3481.6382859412,4245.29917323933,4993.49072138454,2003.8061650874,2015.62109426282,2013.37983725025,3620.2256054709,4245.29917323933,4893.2054148765,2010.93933223494,2005.82946596323,2002.85389127785,2193.31400054812,2755.438060304,2033.38245427929,2021.27248389983,2011.03408181663,2007.8232045271,4506.73538242293,3963.49252913819,2027.0436909225,2028.68450198431,2009.48747082235,2020.82462323934,4403.40457671849,3937.92626091894,2052.23810581098,2042.24923829665,2030.65823439736,2028.9610358449,5081.12536586306,4610.94975928666,2040.22196436209,2030.71962387743,2034.10461941447,2036.94056436253,4334.450192033,4245.29917323933,2054.94527589836,2037.35555168319,2040.09177072278,2046.32789139638,5032.61040027803,4245.29917323933,2068.55194398904,2039.91060909005,2043.38020964324,2060.19570720293,5148.84302894581
,69.5,4662.65263118774,4947.6635137025,2011.30376025643,1997.29165036299,2014.21184886445,2005.80626213912,4538.21054309322,4850.66043482803,2001.2159423192,2003.29769729751,2004.37607655628,2030.623332499,4203.3912058885,4203.3912058885,2011.71781106172,2027.04084195068,2012.7874403258,2004.43612331989,4203.3912058885,4947.6635137025,2004.6365444024,2025.63634063853,2008.20245750383,1997.51525616761,4947.6635137025,2836.28861610038,2003.17475002176,2001.26559641727,2003.69440241737,1989.77866835347,4850.66043482803,2554.57212321869,1991.93641938534,1996.84194960907,1989.65996455636,1999.6433005165,4203.3912058885,4947.6635137025,1996.63919772077,2011.58648895596,1997.71264973825,3763.62353065835,3143.09254177758,4203.3912058885,1999.22935337312,2008.95219686838,2001.82773640212,3450.24866033405,4203.3912058885,4947.6635137025,2004.03142679644,2015.38836543071,2013.5122494049,3588.79999953498,4203.3912058885,4850.66043482803,2010.69723186373,2005.66412905729,2002.93960987121,2188.14394958547,2735.8681865126,2033.56848292599,2021.63356609418,2010.60207527086,2007.99991446224,4477.51479743734,3920.588451878,2027.06579920748,2028.02629531201,2009.0763559469,2020.54118450951,4375.45547317639,3894.8684100933,2052.21219087903,2041.99266785353,2030.61349210274,2028.92273325798,5044.87393055953,4567.20565486038,2040.35221213121,2030.68584844395,2033.9934347011,2036.49477406196,4294.22535454862,4203.3912058885,2054.42412111719,2037.22683578332,2040.187489457,2046.40328562054,4995.85457821732,4203.3912058885,2068.51200138832,2039.93507839661,2043.26253871803,2060.1992265316,5104.65149506114
,70,4623.09969173511,4898.4215957641,2010.93318110858,1997.51231275489,2014.30581922846,2005.95236279767,4501.98441652243,4805.21736965202,2001.15218360083,2003.30357477267,2004.20173356376,2030.32757790473,4159.80797913749,4159.80797913749,2011.83258725472,2026.83629665857,2012.61741784208,2004.33826759747,4159.80797913749,4898.4215957641,2004.4663260922,2025.77864007177,2008.13546062817,1997.36582471624,4898.4215957641,2813.82317190314,2003.1828067366,2000.89879928391,2003.40556154427,1989.71494382093,4805.21736965202,2538.98581011648,1991.98781028175,1996.58714954179,1989.8177554309,1999.46054311536,4159.80797913749,4898.4215957641,1996.67937702671,2011.38077369775,1997.79078451955,3730.74914139557,3113.34242502554,4159.80797913749,1998.93984410374,2008.99678129101,2002.08807169885,3416.7493784567,4159.80797913749,4898.4215957641,2004.23548260131,2015.15361719978,2013.50796480959,3555.76949156959,4159.80797913749,4805.21736965202,2010.53181748827,2005.38061706357,2002.9403046045,2182.58486698102,2715.98708208759,2033.80887012932,2021.80718636031,2010.43802580938,2008.15769299054,4443.778913283,3876.43811304596,2026.93405988177,2027.60346446763,2008.6387039787,2020.48205136108,4343.02340489908,3851.11405703786,2052.04112313279,2041.93572264361,2030.38802008897,2028.78758998216,5004.05496403978,4521.8477821497,2040.36027581,2030.66775683814,2033.98812860726,2035.93770891769,4249.00419968199,4159.80797913749,2054.0310551814,2036.88370016754,2040.29793048811,2046.72127814687,4954.33062592259,4159.80797913749,2068.28576837795,2039.85072822801,2043.1723003686,2060.19640434268,5057.43868315632
,70.5,4580.83729482013,4846.92528719049,2010.72846507659,1997.6054525794,2014.34633633607,2005.84653889658,4462.50676289302,4758.07796409015,2000.97153475269,2003.27015784737,2004.04586811483,2030.06244251611,4115.23895521134,4115.23895521134,2011.74929430334,2026.69534318209,2012.26285922437,2003.82116102909,4115.23895521134,4846.92528719049,2004.31243788179,2026.03227207881,2008.21100056328,1997.35681880576,4846.92528719049,2791.07655900379,2003.28480652198,2000.72739608511,2003.18474230126,1989.69990802704,4758.07796409015,2522.95217057184,1991.93989222954,1996.3951570343,1989.84308343197,1999.14400284036,4115.23895521134,4846.92528719049,1996.7629365519,2011.0933284135,1997.7650182553,3695.52705518833,3083.56165929658,4115.23895521134,1998.90284937316,2008.94843293352,2002.03060311254,3381.55355738875,4115.23895521134,4846.92528719049,2004.35389380286,2014.80268602687,2013.54441921159,3522.11735001384,4115.23895521134,4758.07796409015,2010.34108017781,2005.33959712698,2002.93182041601,2176.86973519414,2696.16328057449,2033.7635220499,2021.82173343584,2010.69300561497,2008.19791256963,4406.43879383856,3831.13606461738,2026.70610027006,2027.52416482497,2008.22351188779,2020.40883171983,4307.33435823975,3807.1975332282,2051.86672752672,2041.67097243529,2030.12043854322,2028.5263428212,4959.67362451544,4475.12066237493,2040.16769177555,2030.82014997587,2034.06089763961,2035.4392019714,4199.16827408276,4115.23895521134,2053.79784202782,2036.60325926297,2040.52289810221,2046.99800043401,4908.69187002411,4115.23895521134,2068.10479700973,2039.67090205401,2042.9746272113,2060.30363081395,5008.13753316033
,71,4536.74311822201,4794.42510645099,2010.66673780065,1997.42679770038,2014.10131090666,2005.72938855449,4420.88476121683,4710.26575882653,2000.86806569649,2003.52941159595,2003.988507679,2029.90026444573,4070.32821647016,4070.32821647016,2011.54769794586,2026.63031527336,2012.13908849061,2003.13051528995,4070.32821647016,4794.42510645099,2004.1867588712,2026.28121291147,2008.30473660005,1997.45446000818,4794.42510645099,2768.45808350886,2003.36201672528,2000.8432934942,2003.13705062867,1989.53254823551,4710.26575882653,2506.75224177201,1991.86394718964,1996.1998677167,1989.80026853419,1998.67140608666,4070.32821647016,4794.42510645099,1996.71616497639,2010.87970439806,1997.88447590393,3658.18216500882,3054.13294847373,4070.32821647016,1998.98091259618,2008.73052942213,2001.96231122971,3344.12701563971,4070.32821647016,4794.42510645099,2004.2141043396,2014.47184580931,2013.18179026847,3487.95899038113,4070.32821647016,4710.26575882653,2010.34291249258,2005.66343008176,2003.04646164318,2171.34969775204,2676.62156598687,2033.58895107358,2021.75403239551,2010.80959992007,2008.40879333545,4366.30086489648,3784.5195018256,2026.33003355809,2027.46833961112,2007.87905105077,2020.04604800449,4269.14006272512,3763.46493682525,2051.68157547318,2041.40295429298,2030.0332185543,2028.04083553147,4912.57428353591,4427.58681963456,2039.84965538209,2030.74005057403,2033.95787795313,2035.22866996938,4144.31028247961,4070.32821647016,2053.75368849468,2036.45632006022,2040.80905164084,2047.2611703224,4859.46114633344,4070.32821647016,2067.73071918291,2039.67461257925,2042.89739445609,2060.2616897807,4957.36979362506
,71.5,4491.63289622818,4741.86803897395,2010.70120593946,1996.92741674235,2013.73637432475,2005.4545374116,4377.83444024711,4662.41518204731,2000.89003870452,2003.75137235096,2003.96065239617,2029.5855729862,4025.57722303424,4025.57722303424,2011.35514488205,2026.53892783777,2011.90098164142,2002.58336337942,4025.57722303424,4741.86803897395,2004.12280343865,2026.40548870837,2008.39316202621,1997.65663171614,4741.86803897395,2745.89217201808,2003.217535595,2000.83138347388,2003.08829061566,1989.08646969363,4662.41518204731,2490.75282560417,1992.0857605216,1996.29366962626,1989.44702421202,1998.36721693013,4025.57722303424,4741.86803897395,1996.89351929,2010.99006630554,1998.01324286263,3619.01435196474,3024.88729455396,4025.57722303424,1999.05581597173,2008.39806312054,2002.03912521952,3304.20990459146,4025.57722303424,4741.86803897395,2003.86799313131,2014.40859530655,2012.79764839204,3452.96135704795,4025.57722303424,4662.41518204731,2010.27714897984,2005.85199615303,2003.28973137017,2165.99914823447,2657.09728275453,2033.27326182509,2021.66673888405,2010.89275751568,2008.55969947002,4323.94583021071,3736.07973847175,2026.1390587514,2027.43898436906,2007.65725596643,2020.01202914315,4228.73642826227,3720.31184857481,2051.55656007655,2041.17882447185,2029.9003387992,2027.61049294104,4864.05686986529,4380.02156536217,2039.63725377678,2030.68955185159,2033.81072557029,2035.1606627353,4084.53140705278,4025.57722303424,2054.13011043751,2036.40235674003,2041.11821346163,2047.42759166217,4807.91176928377,4025.57722303424,2067.34977431996,2039.54377007415,2042.56021721434,2059.82650531551,4906.04938305813
,72,4445.86804199602,4689.63804288148,2010.59238511773,1996.38270327447,2013.44904664091,2005.24810684756,4334.11767491147,4614.75291476066,2000.83624730149,2003.73258106663,2003.97046561722,2029.36006773918,3980.97248130105,3980.97248130105,2011.00730750934,2026.47994982326,2011.69563044978,2002.1196774398,3980.97248130105,4689.63804288148,2004.14861087343,2026.5000957973,2008.32698700734,1997.92343336208,4689.63804288148,2723.71462525517,2003.0396642122,2001.13931387863,2003.28909242621,1988.96277284078,4614.75291476066,2475.04229961083,1992.1458597205,1996.22428938878,1988.9493701429,1997.88761820643,3980.97248130105,4689.63804288148,1996.81348941979,2010.91188626489,1998.1800512076,3577.4019866845,2996.08856941405,3980.97248130105,1998.965431365,2008.25445664422,2001.94121794532,3261.86804552651,3980.97248130105,4689.63804288148,2003.66303840684,2014.49228278818,2012.41803345615,3415.06327738602,3980.97248130105,4614.75291476066,2010.36828479975,2005.93014604451,2003.13510132881,2160.26494279385,2638.11138595726,2032.85938492723,2021.46442693612,2011.13620104275,2008.50906405223,4279.91342822171,3685.44388176766,2025.91471272481,2027.64589949889,2007.59249073978,2019.95754010285,4186.17544290179,3677.67676132795,2051.4183880319,2041.0629562318,2029.55263112592,2027.32413263981,4814.67675539627,4332.61057838608,2039.37220725924,2030.70886195035,2033.5531306184,2035.04496867628,4018.89997770514,3980.97248130105,2054.31978289635,2036.19697482597,2041.22291438997,2047.40917558958,4753.87928866073,3980.97248130105,2066.87260157835,2039.40787938242,2042.42474677423,2059.1318118868,4854.27112624798
,72.5,4399.66308196993,4637.71769826152,2010.3985580427,1995.84173120583,2013.36860687049,2004.96820508192,4290.25245436561,4567.20334814376,2000.78454554646,2003.491959262,2003.9768948003,2028.88108695905,3936.71548325022,3936.71548325022,2010.56363939318,2026.05523074172,2011.47361135593,2001.62581973855,3936.71548325022,4637.71769826152,2003.99095388853,2026.53658580944,2008.39148253854,1997.85233921035,4637.71769826152,2702.00311362202,2002.59253729056,2001.53873604518,2003.53206462906,1988.74177095541,4567.20334814376,2459.59499345805,1992.13788310457,1996.28034758489,1988.40655590857,1997.25205432539,3936.71548325022,4637.71769826152,1996.64442067601,2010.92680396976,1998.21186746436,3533.77370398649,2967.5769649311,3936.71548325022,1998.95520327709,2008.28130052309,2001.48044989242,3216.87038516071,3936.71548325022,4637.71769826152,2003.6006678679,2014.40458922534,2012.24391985824,3372.57919126821,3936.71548325022,4567.20334814376,2010.35415081991,2005.97908327111,2002.90406811598,2154.36626631801,2619.73562039161,2032.36983701755,2021.09571111479,2011.12393267071,2008.31960722027,4235.15931487759,3631.56191392308,2025.53203234675,2027.78868932269,2007.63328031482,2019.60251026402,4141.70726801541,3635.72320144366,2051.19253011401,2040.68712317424,2029.16364485299,2026.90766265384,4764.69313548439,4285.02553235103,2039.1457882773,2030.41260923905,2033.07081553124,2035.12024265704,3946.37047526547,3936.71548325022,2054.22948581049,2035.96094131181,2041.28123501815,2047.28056392796,4698.36664294286,3936.71548325022,2066.45342050113,2039.45154606241,2042.17592889067,2058.24093051999,4802.44821657424
,73,4353.36362111612,4586.2257336397,2010.03471782925,1995.35442531878,2013.2018075644,2004.96856572107,4246.32681619136,4520.03474823947,2000.77524397075,2003.26179514808,2003.97222276716,2028.10500032223,3892.90337025799,3892.90337025799,2010.08654540999,2025.73568942434,2011.3587983203,2001.65450458968,3892.90337025799,4586.2257336397,2003.78075052371,2026.41753646075,2008.28479311759,1997.79498704273,4586.2257336397,2680.56590413023,2002.11334887066,2001.84391718856,2003.57973257763,1988.68906163895,4520.03474823947,2444.4634599793,1992.04886307104,1996.36622950127,1987.9820631014,1996.59961026284,3892.90337025799,4586.2257336397,1996.497294151,2010.95582965347,1998.22680882802,3487.49567400739,2939.72157901811,3892.90337025799,1998.96350205166,2008.41809119726,2001.23170606693,3167.96962561613,3892.90337025799,4586.2257336397,2003.53453221029,2014.62016404356,2012.13185142849,3323.81611064816,3892.90337025799,4520.03474823947,2010.40814839032,2005.80235129643,2002.67971616559,2148.21958129956,2601.68469076907,2032.16110132533,2020.7011639858,2010.74601773231,2008.2448678965,4189.94053325167,3573.43504091946,2025.29224275612,2027.90454191004,2007.66859993362,2019.29385979187,4094.99733586903,3594.3816945741,2050.99007748112,2040.52791078498,2028.92116985139,2026.46825537804,4714.36933709333,4237.58658928877,2039.00961788503,2029.96775355417,2032.70614719576,2035.03288998491,3865.17952410955,3892.90337025799,2054.22673374324,2035.74060767616,2041.16641261676,2047.06588466814,4641.90806941927,3892.90337025799,2066.36164342981,2039.45619997229,2041.83914483838,2057.36752407306,4750.82384363634
,73.5,4307.31364866727,4534.91254313625,2009.69184084064,1995.01927909798,2013.16030285605,2004.85483514598,4202.6298876708,4473.14749279656,2000.76358752773,2002.69040069515,2003.84490773659,2027.33186513812,3849.55791507518,3849.55791507518,2009.56110508174,2025.36612695812,2011.17885997041,2001.85251240295,3849.55791507518,4534.91254313625,2003.6113816123,2026.16727017463,2007.99163214374,1997.68572941274,4534.91254313625,2659.37575306646,2001.65420898242,2001.88450945919,2003.34283402118,1988.75085355385,4473.14749279656,2429.6189628019,1991.97245288921,1996.36703756188,1987.53094098281,1996.02217634625,3849.55791507518,4534.91254313625,1996.48100748512,2010.99525224004,1998.14531351963,3438.09103815697,2912.22130303747,3849.55791507518,1998.69271874301,2008.6614740868,2000.7944055888,3114.15370595532,3849.55791507518,4534.91254313625,2003.59496501737,2014.79489436022,2012.15474234421,3266.9465705917,3849.55791507518,4473.14749279656,2010.33782355828,2005.33728266979,2002.29279788469,2141.44969349606,2583.84052506556,2031.98045693709,2020.06812601002,2010.20053081222,2007.90140366557,4144.49284461226,3509.84865140593,2025.10209781569,2028.00222736757,2007.75641149145,2019.06065213863,4046.11030366639,3553.6123052184,2050.79900119754,2040.40715994815,2028.65882706056,2026.14684617399,4664.00400209823,4190.02012086849,2038.93696118777,2029.63565297171,2032.36600142345,2034.61432376027,3773.45529686905,3849.55791507518,2053.94646492277,2035.41520515456,2040.88241884398,2046.84222947407,4584.28383922349,3849.55791507518,2066.57694446039,2039.40642986629,2041.4218078925,2056.62344928467,4699.5834998129
,74,4261.78567739145,4483.7995122337,2009.52856257757,1994.7978849418,2013.08794329374,2004.63371065483,4159.0818649846,4426.55564505567,2000.68247422206,2002.22579237918,2003.64312806775,2026.7735832306,3806.65044700519,3806.65044700519,2009.16867261547,2025.04910027528,2011.03170762112,2002.00513080122,3806.65044700519,4483.7995122337,2003.22258532563,2025.76191674108,2007.6321394139,1997.57666877261,4483.7995122337,2638.52942486561,2001.45614567994,2001.87465062649,2003.2508370396,1989.04798436096,4426.55564505567,2415.04371218594,1991.48861241897,1996.22669727947,1987.21296536123,1995.54987513635,3806.65044700519,4483.7995122337,1996.26364995754,2010.67748437785,1997.8385639388,3384.73328373246,2885.14782048102,3806.65044700519,1998.4606292472,2008.91740429425,2000.19964479967,3054.12320609258,3806.65044700519,4483.7995122337,2003.68995952665,2014.82457576374,2012.0988728036,3200.47687845477,3806.65044700519,4426.55564505567,2010.20732115898,2004.91617009037,2001.79421948184,2133.87659424022,2566.53438838809,2031.99188735372,2019.37087015944,2009.71448718719,2007.78515649687,4099.47281056208,3440.28138678544,2024.67693004745,2028.03625350722,2007.78892412621,2018.64661512464,3994.32695691559,3513.24109795126,2050.32105431352,2040.38383139631,2028.2568152193,2025.89014216008,4613.6469280894,4141.86870625338,2038.64363902573,2029.2872591185,2031.98324123869,2034.127772222,3668.97088908142,3806.65044700519,2053.30227166614,2035.05094186715,2040.36836854651,2046.5593960673,4525.69446305032,3806.65044700519,2066.71490574105,2039.25851116415,2041.18504376966,2055.98452964378,4648.54865065873
,74.5,4216.62282480696,4432.87541110299,2009.72989186677,1994.67386142237,2012.91729133589,2004.36043009834,4115.92220983992,4380.15596631126,2000.52782000529,2001.87110720918,2003.35971646496,2026.07942719021,3764.41289818813,3764.41289818813,2009.08918272484,2024.916408476,2010.91300331167,2002.07811099992,3764.41289818813,4432.87541110299,2002.83078059781,2025.30838360127,2007.42604387008,1997.31762209292,4432.87541110299,2618.08454396047,2001.44956707215,2001.61836972561,2002.9606012172,1989.16707889351,4380.15596631126,2400.57387196757,1991.22713007109,1996.24379210139,1986.91713140768,1995.11030133117,3764.41289818813,4432.87541110299,1996.18728776026,2010.41301936755,1997.39659624987,3327.65256537551,2858.63509793636,3764.41289818813,1998.33983664049,2009.12297851719,1999.75100205126,2986.05565500573,3764.41289818813,4432.87541110299,2003.57471111887,2014.69587657684,2011.86586312914,3123.83729257797,3764.41289818813,4380.15596631126,2009.8127217973,2004.46309787957,2001.41863981949,2125.39116489026,2549.50425275482,2032.15119629157,2018.75630886356,2009.1408707896,2007.62119385955,4054.74974956498,3365.14895539166,2024.50297774762,2027.97929077121,2007.82368895905,2018.17306127449,3939.41889138301,3473.27951513295,2050.03603042482,2040.50825242555,2028.05557880512,2025.47407118576,4563.20384482227,4093.09205668236,2038.54808510819,2028.86498942725,2031.75048995182,2033.62126992012,3550.38130788669,3764.41289818813,2053.00188296534,2034.77224378947,2039.7194400323,2046.30364439785,4467.09412453944,3764.41289818813,2066.98146145847,2039.01287884081,2040.84664423062,2055.52389646414,4597.93316219122
,75,4171.85933306266,4382.25614081974,2009.88616838409,1994.50093354237,2012.80006483612,2004.2271456949,4072.94343602372,4334.13801135965,2000.27447696398,2001.63177738519,2003.00642678973,2025.68329252224,3722.62604577498,3722.62604577498,2009.10314358081,2025.19355199344,2010.86766685875,2002.28823373278,3722.62604577498,4382.25614081974,2002.72652728252,2024.93900027046,2007.15596076882,1997.02251448005,4382.25614081974,2598.02541516886,2001.45114510251,2001.15613805668,2002.62732723125,1989.30703952429,4334.13801135965,2386.26083598949,1990.95939086839,1996.23936368531,1986.91163347373,1994.95136859097,3722.62604577498,4382.25614081974,1996.09838343593,2010.17499152575,1996.86609246542,3266.88723874795,2832.56462576111,3722.62604577498,1998.20348607099,2009.11337097373,1999.38752951251,2908.59726091423,3722.62604577498,4382.25614081974,2003.23178170853,2014.8120477663,2011.55040589285,3036.80031842861,3722.62604577498,4334.13801135965,2009.46877843983,2004.11586426508,2001.08944482966,2115.68174823779,2532.6772845668,2032.35131788651,2018.47016221004,2008.70514509051,2007.73978557818,4010.06808732127,3286.17674189139,2024.48172729298,2027.8060525295,2007.69624375383,2017.84475915116,3880.68917413176,3433.96943337546,2049.81508012318,2040.78228941875,2027.81074459152,2025.2307717196,4512.97235522246,4043.52338450662,2038.23618519769,2028.74297418063,2031.69524523205,2033.0850270294,3417.17486110427,3722.62604577498,2052.97899076228,2034.414257305,2039.23025016148,2045.9026325386,4408.25017176593,3722.62604577498,2067.25764887467,2038.75457140169,2040.56903825428,2055.24252442697,4547.55156284198
,75.5,4127.81602708225,4331.89609712488,2010.16063690603,1994.42824728469,2012.65339298419,2003.85990604494,4030.56451209741,4288.42559650745,2000.20722557257,2001.50369633481,2002.71888363486,2025.63225590916,3681.25998868243,3681.25998868243,2009.19602723853,2025.31703955061,2010.6231580235,2002.05820137462,3681.25998868243,4331.89609712488,2002.62764976155,2024.49327230196,2006.84193960403,1996.49374773822,4331.89609712488,2578.39885627582,2001.60033079232,2000.67456055678,2002.52832503695,1989.28992435297,4288.42559650745,2372.07643819107,1990.81163974963,1995.92104820419,1986.87877877262,1994.82002247205,3681.25998868243,4331.89609712488,1996.01587587511,2010.03357123952,1996.466418213,3202.75831347044,2806.84023282051,3681.25998868243,1997.94962262495,2009.02425609587,1998.92625559714,2822.15494771734,3681.25998868243,4331.89609712488,2002.71174999006,2014.61857394453,2011.3219872265,2939.85333413566,3681.25998868243,4288.42559650745,2009.05300553338,2003.85279496741,2000.90255974999,2104.70878622635,2516.33687119339,2032.40233215116,2018.26602552577,2008.63282193455,2007.63653497884,3965.73029424563,3206.29738157191,2024.3130778706,2027.49494949388,2007.69226420786,2017.44416334493,3816.85783534004,3395.20369697899,2049.41197403309,2040.95492957386,2027.56751325763,2025.13212542641,4463.23033834729,3992.78365410886,2037.82461400987,2028.74285430009,2031.41827361125,2032.58008998057,3270.70953051657,3681.25998868243,2052.78761742689,2034.16512419629,2038.90122137728,2045.57160815594,4350.01455928166,3681.25998868243,2067.03329762442,2038.44592487817,2040.29509595812,2054.89263313883,4497.17707682981
,76,4083.97214849982,4280.95711275527,2010.32376806767,1994.38627580105,2012.48435879101,2003.63748800315,3988.36176178911,4242.9049033989,2000.02355304101,2001.47730347686,2002.48037214109,2025.42280082104,3640.20583471908,3640.20583471908,2009.31870440207,2025.54004089919,2010.33143775172,2001.75747994166,3640.20583471908,4280.95711275527,2002.65655034243,2024.01601249809,2006.7171194432,1995.75049264917,4280.95711275527,2559.37393741631,2001.75001806409,2000.27394589269,2002.73966741987,1989.18167415063,4242.9049033989,2358.4664965981,1990.63086254591,1995.74305067393,1986.94817578067,1994.54260953077,3640.20583471908,4280.95711275527,1995.87806525988,2009.92832301784,1996.19802154678,3135.87929025202,2781.64603665648,3640.20583471908,1997.89747286724,2008.96158201855,1998.59756219323,2728.37862613074,3640.20583471908,4280.95711275527,2002.238605144,2014.50263255838,2011.1682000666,2834.65469862244,3640.20583471908,4242.9049033989,2008.62568148034,2003.77615964997,2000.72056092501,2092.93520019037,2500.58691777951,2032.59925188995,2018.40889235547,2008.94196970573,2007.7055480288,3921.974287001,3129.29218429162,2024.30319291862,2027.20084201288,2007.6290326942,2017.168332575,3745.97414893544,3357.06506818871,2049.02319089976,2041.12881618925,2027.2713065336,2025.09793918647,4413.96618024939,3941.20173827169,2037.42435768687,2028.85739361482,2031.13627327759,2032.25368333528,3114.2714987951,3640.20583471908,2052.62683476847,2033.92315138355,2038.77753155288,2045.30871773369,4293.48459821926,3640.20583471908,2066.60360736388,2038.19231574932,2040.10181905552,2054.50273678852,4447.15794269184
,76.5,4039.63257915219,4228.49817165543,2010.26555583088,1994.27097673729,2012.29612028875,2003.6216813862,3946.25218965935,4197.53714728159,1999.90218854347,2001.29144016046,2002.22707367754,2024.99502189786,3599.39258613585,3599.39258613585,2009.30505997022,2025.65727225803,2010.06205055197,2001.41765212396,3599.39258613585,4228.49817165543,2002.83683620229,2023.90296088315,2006.62905600061,1994.85419245204,4228.49817165543,2540.87892528143,2001.69218854787,2000.02961505406,2002.68011332175,1988.86338802919,4197.53714728159,2345.07456493511,1990.63644136902,1995.61894397206,1987.11812018582,1994.01945359357,3599.39258613585,4228.49817165543,1995.78583206683,2010.10175107626,1996.10450161763,3065.93825609483,2757.14516807486,3599.39258613585,1997.86543040588,2008.96197696556,1998.19507622768,2629.49907887353,3599.39258613585,4228.49817165543,2001.85057041999,2014.40922321756,2011.16596378361,2723.93210536766,3599.39258613585,4197.53714728159,2008.31308465825,2003.78657451693,2000.55377055215,2081.11272691121,2485.04963052806,2032.71689234661,2018.61258372544,2009.42662281633,2007.5097555804,3878.13045155922,3058.70775586778,2024.48910687482,2026.98614122136,2007.37672824901,2016.85131742746,3666.48588315404,3319.76203741356,2048.96894358985,2041.28113446892,2027.23969093158,2025.10654760929,4365.03121632626,3889.55131962775,2037.32707494637,2028.97704290443,2031.14697328245,2031.95122242279,2952.88533360991,3599.39258613585,2052.74924660844,2033.72901263677,2038.72907117009,2045.02149516059,4238.56565583496,3599.39258613585,2066.32996294576,2038.22454132219,2040.02963441208,2054.10474767097,4397.47989373531
,77,3994.53284990185,4174.54629738283,2009.76858098342,1994.23233913005,2012.08138020039,2003.60442631224,3903.11023890146,4152.41342106258,1999.97629710507,2001.13324064508,2002.05680552961,2024.85390060001,3558.70957636454,3558.70957636454,2009.07596704289,2025.69163160875,2009.87127032747,2001.13269189514,3558.70957636454,4174.54629738283,2002.98146928009,2023.78823640077,2006.5418041332,1994.12109143185,4174.54629738283,2522.78586036255,2001.49534669424,2000.02373140988,2002.60048673785,1988.56629796051,4152.41342106258,2332.15438278765,1990.51100691345,1995.40600136251,1987.36171924129,1993.60495679768,3558.70957636454,4174.54629738283,1995.62439868073,2010.35244055714,1996.02998070882,2992.23131501633,2732.93780067299,3558.70957636454,1997.76527085643,2008.78802115951,1997.68547235635,2530.03070841292,3558.70957636454,4174.54629738283,2001.64785927669,2014.46719959969,2011.3800698244,2611.85926608978,3558.70957636454,4152.41342106258,2008.18411874858,2003.94853434634,2000.62466367179,2070.12761842178,2469.74858128214,2032.70553101139,2018.90926822689,2009.87718322696,2007.21564610089,3834.49052913385,2996.7028226552,2024.50560273593,2026.9172826472,2007.08265281907,2016.59199502505,3576.42786364224,3283.29939883048,2048.82683128213,2041.15801914227,2027.08451630659,2025.33007719421,4316.4404370966,3837.78597308899,2036.9143858729,2029.19073444503,2031.10571623877,2031.49192045009,2793.13037731952,3558.70957636454,2052.69354778667,2033.61346076712,2038.82748475584,2044.76876779321,4185.09855080825,3558.70957636454,2066.13482353828,2038.35545345531,2040.04620603353,2053.73058464844,4348.2843562064
,77.5,3947.42399519036,4118.96827560584,2009.39775337474,1994.28014768683,2011.59156156189,2003.37631962683,3857.55055294254,4107.352982607,2000.13703332921,2001.00428698101,2001.92291846011,2024.51295298186,3518.17839572587,3518.17839572587,2008.75272211358,2025.32663748705,2009.56922392473,2000.8145002762,3518.17839572587,4118.96827560584,2002.76747564035,2023.62501076766,2006.44323330408,1993.68000278227,4118.96827560584,2505.10227295672,2001.36281745172,2000.27481236308,2002.4242371066,1988.24796588742,4107.352982607,2319.58888817229,1990.32757032538,1995.06338643807,1987.27505545962,1992.92656373048,3518.17839572587,4118.96827560584,1995.47946467693,2010.41907171234,1996.07152307423,2913.01508731764,2709.12482942524,3518.17839572587,1997.6405867813,2008.59887237329,1997.1384765122,2434.41383609877,3518.17839572587,4118.96827560584,2001.38743364339,2014.41541473902,2011.42118499405,2503.38329860938,3518.17839572587,4107.352982607,2007.99966230798,2004.08213937997,2000.61008986376,2060.92516307685,2454.74879509288,2032.57177969429,2018.93710879045,2010.20884732753,2006.67444186576,3791.22946674313,2943.98283133871,2024.50708933376,2026.99783346016,2006.79547428319,2016.30552665597,3474.66988401073,3247.31402156616,2048.69611687551,2040.97083315598,2027.01695833022,2025.62251579129,4268.09134738926,3786.49984054312,2036.85721110919,2029.3745950778,2031.0709357001,2030.99715421468,2642.61492358052,3518.17839572587,2052.58026232883,2033.73178377857,2038.78375012935,2044.73625079092,4133.20706451647,3518.17839572587,2065.82856093467,2038.41708694168,2040.11625642878,2053.30092626601,4299.57233708165
,78,3895.3432937814,4061.68599268535,2008.88188741941,1994.21340692112,2011.2424417777,2003.28023139807,3807.04233894801,4061.77456385578,1999.90137591148,2000.69007621646,2001.71443390806,2023.94920956043,3477.76807702709,3477.76807702709,2008.48183780298,2024.98050538212,2009.58367075862,2000.80635089312,3477.76807702709,4061.68599268535,2002.43395752404,2023.5922917703,2006.4417478173,1993.30170876398,4061.68599268535,2487.89613127542,2001.13644055131,2000.40095780204,2002.1392583548,1987.91439009469,4061.77456385578,2307.53765192996,1990.30894973278,1995.24790707924,1987.24799215089,1992.20783073455,3477.76807702709,4061.68599268535,1995.34352924381,2010.38174301511,1996.09473680184,2827.45075121313,2685.67370144833,3477.76807702709,1997.48088011792,2008.50690649167,1996.59326728052,2346.79297333176,3477.76807702709,4061.68599268535,2001.24620138745,2014.46149134131,2011.21594161275,2403.04264412392,3477.76807702709,4061.77456385578,2008.01322676848,2004.29393332736,2000.32351024806,2053.69556448846,2440.07020762153,2032.48229005139,2018.97872353103,2010.26972975436,2006.37996800009,3748.22579936623,2899.63041162777,2024.66898614349,2027.11301510955,2006.48574284231,2016.01302671737,3362.29699269305,3212.18108255474,2048.74412782462,2040.74448730615,2026.77259141136,2025.89133825827,4220.24965616128,3735.56286534036,2037.02737040143,2029.25562403191,2031.14740937818,2030.56104631366,2508.33675522484,3477.76807702709,2052.48855906494,2033.83242042566,2038.76016445604,2044.68687987956,4082.41755023672,3477.76807702709,2065.89599930851,2038.7064603771,2040.29338980269,2053.05634413399,4251.47155097359
,78.5,3834.15992259319,4004.82660548799,2008.35821014589,1994.23137974781,2010.8219301224,2003.14323634599,3747.41601649983,4015.30815123455,1999.84088055589,2000.53389532717,2001.50547628833,2023.54484521871,3436.98858018968,3436.98858018968,2008.32921709176,2024.50392193777,2009.75193930052,2000.82745559249,3436.98858018968,4004.82660548799,2001.87192668837,2023.78137073663,2006.37702244896,1993.00335710862,4004.82660548799,2470.58237161083,2000.81336598493,2000.6350454797,2001.64092703488,1987.74563345237,4015.30815123455,2295.45004278099,1990.32776130568,1995.25661930265,1987.09879769529,1991.47517806789,3436.98858018968,4004.82660548799,1995.17533038691,2010.2205444358,1995.8963805429,2735.78981288109,2662.49281478915,3436.98858018968,1997.28172310042,2008.32302844108,1996.08985857143,2270.37350802586,3436.98858018968,4004.82660548799,2001.07072425806,2014.37516311791,2010.9596598339,2314.84525659875,3436.98858018968,4015.30815123455,2008.12733374305,2004.51619843158,2000.14705413403,2048.37317042748,2425.38033749328,2032.13411198464,2018.77602223247,2010.00547075524,2006.13583971726,3705.31438242485,2861.93869079404,2024.52876939996,2027.2520921752,2006.10568507065,2015.44557043376,3242.89897365788,3177.4933771478,2049.0233335263,2040.49674100345,2026.70217394444,2025.92327249945,4172.54717074421,3684.01929354968,2037.02816673835,2028.97848942411,2031.28868976027,2029.97861932923,2395.24693035791,3436.98858018968,2052.46746946234,2033.71787490443,2038.61057161021,2044.55911098826,4032.10583748496,3436.98858018968,2065.91320303464,2038.99689098204,2040.51861190683,2052.65049879852,4203.4629158905
,79,3756.7844698399,3949.44015883104,2007.88233881118,1994.42294921022,2010.40890815813,2003.04174180909,3671.47716488759,3967.11872001698,1999.74610090721,2000.41886082404,2001.38470432275,2023.35365501234,3393.90768634292,3393.90768634292,2008.34311647655,2024.18007497308,2009.77051999343,2000.90600435973,3393.90768634292,3949.44015883104,2001.34888512858,2023.81350155989,2006.42835202799,1992.85272275018,3949.44015883104,2452.74991783763,2000.78244994908,2000.71269913304,2001.51158365308,1987.73499462766,3967.11872001698,2283.59307358474,1990.41306982766,1995.25339617998,1986.76014140255,1990.7363316661,3393.90768634292,3949.44015883104,1994.97515915923,2009.83976698115,1995.70353341013,2641.35504213081,2639.14430001313,3393.90768634292,1997.22678809972,2007.9941997064,1995.87078752395,2207.34876385861,3393.90768634292,3949.44015883104,2000.78018153353,2014.37445060426,2010.68142437367,2241.00215921822,3393.90768634292,3967.11872001698,2008.18152034006,2004.66226040045,1999.91737204951,2044.30746401712,2410.90761151644,2031.74138858144,2018.51699332357,2009.55517312562,2005.95296795182,3662.9743250807,2828.29394151681,2024.31588177762,2027.37081224821,2006.01617589064,2015.03706035693,3121.97013716978,3142.90814434115,2049.01583320037,2039.97006608056,2026.78772630655,2026.00529930644,4124.51746741879,3625.48342956297,2037.09425398434,2028.85316486539,2031.24013439597,2029.28976952573,2305.33469392963,3393.90768634292,2052.2708687526,2033.53655700738,2038.66528959139,2044.42518684805,3981.86927328122,3393.90768634292,2065.91589001166,2039.13496124984,2040.52812713671,2052.39509476986,4155.15110276688
,79.5,3653.95951678182,3895.06112830459,2007.85390276336,1994.28261163394,2010.07529402914,2002.84168474117,3570.93580094699,3916.51098270784,1999.57747949003,2000.32436158743,2001.17067638336,2022.88220090191,3339.01361144501,3339.01361144501,2008.48245954416,2023.92272593414,2009.69693845354,2001.02030877402,3339.01361144501,3895.06112830459,2000.91884879201,2023.72839445895,2006.46996961329,1992.56700502121,3895.06112830459,2432.97435655064,2000.81128082056,2000.58836198258,2001.52423808884,1987.54004643312,3916.51098270784,2271.89719571986,1990.50118361562,1995.30748156873,1986.34371663673,1989.79557967427,3339.01361144501,3895.06112830459,1994.84079767267,2009.30714889393,1995.58397437094,2548.13560784682,2615.04878627968,3339.01361144501,1997.23063676362,2007.88252247295,1995.83362930147,2157.19554941973,3339.01361144501,3895.06112830459,2000.47190515197,2014.15957616865,2010.43350246547,2181.89791124371,3339.01361144501,3916.51098270784,2008.03520343662,2004.53081828149,1999.42173126898,2041.03296445214,2396.39045163001,2031.46270419331,2018.21559827737,2009.2477944332,2005.87497561516,3620.45189907171,2793.79199773966,2024.29330915199,2027.35612641579,2006.06518238975,2014.62989391831,3005.79213683082,3108.57941206964,2048.83920233172,2039.69506654488,2026.92749024791,2025.88003133735,4075.95003834696,3551.18842833573,2037.42269127867,2028.57119266785,2031.21059865669,2028.83197629214,2238.21654747855,3339.01361144501,2051.99114892429,2033.34094887719,2038.57918800205,2044.42594004448,3930.81073803819,3339.01361144501,2065.83329143657,2039.08592960545,2040.3523971659,2052.09502480886,4105.57758609594
,80,3517.56427999334,3841.10256338486,2007.75462317304,1994.10030687223,2009.99239810565,2002.63760554693,3438.43935429067,3862.85957999462,1999.39289594643,2000.29677515774,2000.97497567688,2022.31510634489,3259.19372049035,3259.19372049035,2008.7649645803,2023.88666224051,2009.80206834904,2000.99341824662,3259.19372049035,3841.10256338486,2000.90348432969,2023.74840676619,2006.40524350996,1991.93009194712,3841.10256338486,2410.90015382805,2000.79661042826,2000.32336646244,2001.71851202252,1987.27970810552,3862.85957999462,2260.42521087757,1990.54572918772,1995.54881783505,1986.14367182008,1988.83525973189,3259.19372049035,3841.10256338486,1994.77847809515,2008.78326751023,1995.36090597973,2461.1105616663,2584.54154158949,3259.19372049035,1997.30612959358,2007.82698675548,1995.97989889246,2118.74685372806,3259.19372049035,3841.10256338486,2000.38547107898,2013.89312321135,2010.30782113729,2135.7174090519,3259.19372049035,3862.85957999462,2007.9297747077,2004.45501000056,1998.99128532535,2037.75718986669,2379.09153394795,2031.34956418156,2018.19815805054,2009.09805140867,2005.84665704346,3577.2234595402,2745.86927163913,2024.33529551322,2027.22629809414,2006.1686774144,2014.29659371636,2899.73547591227,3074.39987565331,2048.57297325174,2039.37043695785,2027.09723210458,2025.49654417112,4025.37247755992,3459.53755538224,2037.49888184909,2028.10663350501,2031.07992781294,2028.33201679174,2190.71961556264,3259.19372049035,2051.56938973554,2033.12880653664,2038.52259751839,2043.97776928348,3877.6364077423,3259.19372049035,2065.81046581602,2039.09595649827,2040.23806524595,2051.83196853982,4053.48442007429
,80.5,3344.18697322384,3786.7037562403,2007.68012299437,1994.07993596108,2009.71036125902,2002.39863349196,3270.56373556563,3805.48998734674,1999.44289027107,2000.19242501619,2000.804301752,2021.63805105417,3150.01332024625,3150.01332024625,2009.14182440825,2023.89100347294,2009.71317115595,2000.78356379807,3150.01332024625,3786.7037562403,2001.05796221752,2023.79601119817,2006.39239464649,1991.38576063655,3786.7037562403,2386.27403904151,2000.7293805288,2000.28035109666,2001.76201671565,1986.99772431451,3805.48998734674,2246.61521226089,1990.1794819192,1995.41296357716,1985.71997845987,1987.93921084689,3150.01332024625,3786.7037562403,1994.75139829284,2008.33694838246,1995.04528528858,2383.97231271129,2545.07881458302,3150.01332024625,1997.52877733293,2007.70651152644,1996.10254172083,2089.90198691553,3150.01332024625,3786.7037562403,2000.47117281817,2013.59541020379,2010.3525095375,2100.6498007548,3150.01332024625,3805.48998734674,2007.60894350829,2004.35564526267,1998.86208036793,2034.48766539526,2354.88837195729,2031.12744707476,2018.05317265963,2009.22201535133,2005.57829947273,3532.03030341193,2678.13559250488,2024.30243618802,2027.18640812356,2006.24359791717,2013.94920380207,2807.42283671349,3039.5469110987,2048.43248725687,2039.05374971348,2027.42508875025,2024.99759737705,3969.82734560676,3351.45740913889,2037.31534071113,2028.00818054261,2030.74544352551,2027.97336333245,2158.35617070439,3150.01332024625,2051.12474214903,2032.81837752336,2038.39053240819,2043.5987427251,3819.36648721251,3150.01332024625,2065.66792785588,2038.82311986883,2040.07589193404,2051.41239457513,3995.58871753349
,81,3137.49640355253,3727.8491566701,2007.92062154519,1993.87167264843,2009.50140791818,2002.15398317662,3071.08394551318,3740.99654520661,1999.43332502734,1999.78682923256,2000.66614386294,2020.74627442176,3012.64430659125,3012.64430659125,2009.44830595278,2024.01553719682,2009.47095843016,2000.51748320897,3012.64430659125,3727.8491566701,2001.28208410999,2023.7273827237,2006.46319969231,1990.91063431546,3727.8491566701,2359.42500455473,2000.8453900025,2000.07283415112,2001.7670149283,1986.47117139371,3740.99654520661,2229.96964580968,1989.74635680808,1995.36726690626,1985.51871617805,1987.0365908065,3012.64430659125,3727.8491566701,1994.64750960161,2008.07387952948,1994.80167675478,2318.16547863452,2496.89343832616,3012.64430659125,1997.76210967042,2007.54811047596,1996.16874377108,2068.47060267039,3012.64430659125,3727.8491566701,2000.52783287745,2013.36367245967,2010.4564043821,2074.06225911627,3012.64430659125,3740.99654520661,2007.21190823344,2004.13185639424,1998.73022818114,2031.18328508131,2324.19816069566,2031.04923731679,2018.09585874097,2009.48792192929,2005.2487303613,3482.05699366968,2590.90952296966,2024.50802697226,2027.03112528261,2006.45334247862,2013.75201481816,2728.97244341261,3003.6859871689,2047.81718725581,2038.79763784306,2027.64208778572,2024.75303084482,3904.40336713535,3228.87302091262,2037.40834275893,2027.89701588859,2030.31989495485,2027.85075440454,2136.6531758506,3012.64430659125,2050.73386221658,2032.81991657585,2038.36291410127,2043.31163990053,3750.81563949321,3012.64430659125,2065.62092220917,2038.41213119295,2039.82567590074,2051.16152349636,3926.09935707049
,81.5,2911.88059203078,3658.70057908172,2008.04130163049,1993.54139239545,2009.38476058425,2001.64785379965,2854.28738127856,3664.12859773819,1999.35990559074,1999.53637358776,2000.62749223501,2019.55794781855,2851.30189975516,2851.30189975516,2009.57236778188,2024.00516107118,2009.40900721538,2000.2796570374,2851.30189975516,3658.70057908172,2001.47081775803,2023.50554234954,2006.27981034664,1990.20650344845,3658.70057908172,2330.81958196864,2000.7212372481,2000.02024786234,2001.56017738782,1986.12179152874,3664.12859773819,2210.48342947453,1989.22527222358,1995.24146437306,1985.6511788747,1986.16822841729,2851.30189975516,3658.70057908172,1994.58455564602,2007.95447436132,1994.5085916146,2262.16441441396,2440.59271650002,2851.30189975516,1997.72010222189,2007.50181720177,1995.9211910325,2052.32321122724,2851.30189975516,3658.70057908172,2000.68607883771,2013.00549961411,2010.53113960946,2053.97711651861,2851.30189975516,3664.12859773819,2006.96468302545,2003.94622767022,1998.6812515442,2028.02509820242,2287.07841591526,2031.02212613505,2018.14301768777,2009.72594525461,2004.98356647561,3421.30500153512,2485.61192135517,2024.68623902525,2026.81114429799,2006.62081274341,2013.32266433266,2660.87355814858,2964.26903834242,2047.43566095165,2038.9613480275,2027.40857596284,2024.41474012982,3820.80765999407,3103.51450693141,2037.3072387029,2027.59773664873,2029.86101030402,2027.66665701225,2122.24801032711,2851.30189975516,2050.43992002542,2032.89458862057,2038.25211600023,2043.10223729378,3664.39237994089,2851.30189975516,2065.42149766923,2037.89041363071,2039.82202274744,2050.67279279552,3836.9092010227
,82,2688.41881160605,3569.49498001566,2007.89055507044,1993.54863066903,2009.27566157218,2001.1431547677,2640.3733533169,3564.76432998586,1999.12526652239,1999.18162159369,2000.58316187746,2018.51221824966,2683.56786730532,2683.56786730532,2009.62878012923,2023.90578086725,2009.30546563467,1999.95807010962,2683.56786730532,3569.49498001566,2001.687933138,2023.55414914147,2005.87762321892,1989.3521359001,3569.49498001566,2303.03982148254,2000.57077828187,1999.95791974105,2001.14414862682,1985.96528708505,3564.76432998586,2187.850407734,1988.70926659358,1995.07144376167,1985.89873644774,1985.28685901618,2683.56786730532,3569.49498001566,1994.49851030628,2007.96280701466,1994.10770644233,2213.87230381228,2377.53711603937,2683.56786730532,1997.70084958795,2007.25731759589,1995.49248139851,2040.34342497918,2683.56786730532,3569.49498001566,2000.85739197199,2012.76333166284,2010.33136415552,2038.81318690951,2683.56786730532,3564.76432998586,2006.84455361739,2003.93041621379,1998.73188477317,2025.01813757208,2244.20598361859,2030.71111784823,2018.306665098,2009.89594912217,2004.76439673772,3340.30140372271,2369.15033303838,2024.47140084706,2026.58001038117,2006.5001946967,2012.85035446239,2596.98887677802,2913.6653801409,2047.39794904752,2039.00189423592,2027.36826522079,2024.19178719273,3706.94233859457,2993.37242486144,2037.21073489278,2027.32874890188,2029.39462898955,2027.46407027234,2112.05838919374,2683.56786730532,2050.25319742516,2033.05336003689,2038.3244789263,2042.69615704585,3550.83391867292,2683.56786730532,2065.14691479684,2037.51129360305,2040.05066596505,2050.07313581163,3717.58836238874
,82.5,2488.42235461124,3450.45412668417,2007.81799096211,1993.7554017992,2009.13254854061,2000.75882340737,2449.68786497896,3433.75466232658,1998.738336495,1998.748408864,2000.36655321488,2017.4801260805,2533.59185404122,2533.59185404122,2009.56374157135,2023.83790320885,2008.99814955809,1999.77960851188,2533.59185404122,3450.45412668417,2001.51979724599,2023.45637559734,2005.6145900417,1988.73118528927,3450.45412668417,2276.68400132704,2000.39095199704,1999.90394782046,2000.6940149981,1986.01435515703,3433.75466232658,2161.89624261398,1988.32036648937,1994.8066970619,1986.18783082176,1984.52204875941,2533.59185404122,3450.45412668417,1994.44714106282,2008.10341997439,1993.96688185962,2171.39783722192,2318.56339665863,2533.59185404122,1997.61725171935,2007.0550943244,1994.95167986527,2031.69014261588,2533.59185404122,3450.45412668417,2000.94043650663,2012.60300715792,2010.26575243425,2027.9273166773,2533.59185404122,3433.75466232658,2006.70797145377,2003.72764666608,1998.92961286463,2022.4405380897,2200.96776066383,2030.3063178538,2018.31898589329,2010.00262714825,2004.61677673327,3228.43439995679,2265.11011861855,2024.16317175683,2026.2324146508,2006.28205866322,2012.11075531575,2530.64002038882,2842.33676222341,2047.58693236991,2039.0016749091,2027.42060187635,2024.25317105638,3553.33114315375,2901.25697128468,2037.21653263478,2027.23107388791,2028.90251824416,2027.42606026985,2103.8619267445,2533.59185404122,2050.24558264445,2033.08003532968,2038.64655667299,2042.79720184664,3401.3237403545,2533.59185404122,2064.9193301914,2037.22601975146,2040.22547269371,2049.30915406173,3559.12527074201
,83,2328.2497694944,3298.33442031955,2007.90151019366,1993.70733632761,2009.28346242048,2000.34137156908,2297.5981686621,3267.24972817791,1998.4705782101,1998.55669202953,2000.280110376,2016.83539642864,2410.84080218663,2410.84080218663,2009.31150144303,2023.76519610144,2008.6279614486,1999.65184182181,2410.84080218663,3298.33442031955,2001.16116343221,2023.27106921438,2005.14796459092,1987.98494581061,3298.33442031955,2251.49965721953,2000.26503884574,1999.58408622996,2000.47552880301,1986.18594933395,3267.24972817791,2137.02315851056,1988.32973074021,1994.6458978696,1986.62442888235,1983.60824762489,2410.84080218663,3298.33442031955,1994.25070806325,2008.17486047969,1993.8089129482,2133.79512867385,2268.00463371546,2410.84080218663,1997.37110838534,2006.85388850452,1994.69616958035,2025.75584134792,2410.84080218663,3298.33442031955,2000.84198135982,2012.49580355188,2010.09049543258,2020.0212811735,2410.84080218663,3267.24972817791,2006.69851124916,2003.33183382229,1998.81343421284,2020.22810092902,2165.44535202124,2030.07046678816,2018.45772394541,2009.80267686916,2004.57979986126,3079.69370166329,2185.70492431943,2024.0509255602,2025.75552133732,2006.07114153449,2011.45211346544,2456.12791349529,2747.55023488908,2047.67647937101,2039.18129082741,2027.58866294755,2024.36977089957,3355.56804928826,2826.76717819479,2037.30261519382,2027.06670727872,2028.82628151403,2027.17738268605,2096.38542032764,2410.84080218663,2050.34646961182,2033.21253069797,2038.90713777585,2042.93246290038,3213.90417235986,2410.84080218663,2064.60645668026,2036.89712327891,2040.43870447079,2048.39822970907,3358.85950667501
,83.5,2215.83732989942,3117.42438177482,2007.6760528949,1993.78894781632,2009.39035351374,1999.83954189495,2191.48108682599,3071.32776831923,1998.13872765067,1998.73005007178,2000.12982502228,2016.25736624689,2315.45653224458,2315.45653224458,2008.98002382277,2023.52392448012,2008.23924004134,1999.61077093987,2315.45653224458,3117.42438177482,2000.8894059019,2023.12009460189,2004.60848051202,1987.31645381445,3117.42438177482,2226.84194035366,1999.95261697782,1999.30998220833,2000.36533774961,1986.45379047466,3071.32776831923,2114.66794980065,1988.55860265046,1994.56104977631,1986.87995295621,1982.81947886132,2315.45653224458,3117.42438177482,1994.21395752233,2008.12924119501,1993.69768006453,2101.35504187297,2223.72679451497,2315.45653224458,1997.16627751206,2006.70105701087,1994.35196086092,2021.31907965082,2315.45653224458,3117.42438177482,2000.76101468611,2012.38927609485,2009.81220068416,2014.55565167388,2315.45653224458,3071.32776831923,2006.86138309077,2002.92089514332,1998.56714705429,2018.09285060995,2137.63174676133,2029.88820005422,2018.61026953458,2009.51652184623,2004.49440140036,2897.97705419466,2130.49914675184,2023.81570400637,2025.30826144323,2005.71659804839,2010.963513582,2373.98423766807,2631.39506906549,2047.96152394704,2039.23898897636,2027.66905837639,2024.39668020846,3121.04958771909,2769.22774507193,2037.21642680009,2026.93145625435,2028.92963466456,2026.72236892501,2089.14128719082,2315.45653224458,2050.44183852284,2033.16251589923,2039.08085732578,2042.95365652901,2997.96118561822,2315.45653224458,2064.23410047108,2036.63955309245,2040.55241449653,2047.30984678353,3125.45161818455
,84,2146.36290490793,2916.43173174624,2007.44613469305,1993.8644391744,2009.41197687756,1999.54085261766,2126.37799420617,2855.92535703648,1997.76677620364,1998.83816865797,1999.83183823143,2015.95422200271,2245.86147246055,2245.86147246055,2008.74484349914,2023.43360983778,2007.93453480545,1999.4892315398,2245.86147246055,2916.43173174624,2000.56052866463,2023.0569330025,2004.36139406274,1986.83104055252,2916.43173174624,2202.68071305996,1999.53640481767,1998.82169567292,2000.28334933973,1986.33838043761,2855.92535703648,2094.86112202434,1988.73581901382,1994.50078257808,1986.78584803679,1982.17442498514,2245.86147246055,2916.43173174624,1994.29594804373,2008.01706944901,1993.69984299504,2074.92193696185,2184.6295435191,2245.86147246055,1996.97667308398,2006.48301612526,1994.22599370997,2018.10133832605,2245.86147246055,2916.43173174624,2000.53571789652,2012.37265749737,2009.3687046948,2010.78654124386,2245.86147246055,2855.92535703648,2006.92773984599,2002.46714622734,1998.39492558592,2016.11275377566,2117.76335148366,2029.75065457587,2018.90000056792,2009.31506734829,2004.43813141803,2696.14101270456,2098.33748405559,2023.70279101102,2024.91562752157,2005.26255154685,2010.68760975106,2287.80418216475,2500.14485034686,2048.21276373571,2039.00739889117,2027.85232558776,2024.31420149219,2868.17279534786,2723.27126006618,2037.00840236654,2026.83200636391,2029.18065522478,2026.52425157145,2081.76723957643,2245.86147246055,2050.4126599947,2033.13804044051,2039.09429446485,2042.90282574716,2770.68196029497,2245.86147246055,2064.00454181083,2036.60225961021,2040.48938950471,2046.24791765067,2876.8650148967
,84.5,2109.0560494337,2713.16879204555,2007.2601515383,1993.74935279838,2009.47581751132,1999.5218946943,2091.85017291775,2642.41630458888,1997.66195782263,1999.12795111622,1999.64909544548,2015.5688296395,2195.88389728346,2195.88389728346,2008.37578187746,2023.25024693352,2007.6011851598,1999.39541962186,2195.88389728346,2713.16879204555,2000.21815302349,2022.80935233117,2004.37642511012,1986.62817766503,2713.16879204555,2177.61280665649,1999.26237958066,1998.55243081698,2000.36915607798,1986.15467546437,2642.41630458888,2077.33141734779,1989.03448113208,1994.55439302147,1986.48549171018,1981.66430770112,2195.88389728346,2713.16879204555,1994.53167356012,2007.9114653117,1993.82368976737,2054.49636660287,2150.90988734536,2195.88389728346,1996.7567155421,2006.56991268258,1994.16626141125,2015.5851542267,2195.88389728346,2713.16879204555,2000.1566175529,2012.31015739877,2009.17150013702,2008.19834395331,2195.88389728346,2642.41630458888,2007.01464061787,2002.07141131357,1998.4314379674,2014.21848739955,2105.3500945617,2029.81167663685,2018.83722489382,2009.04619974202,2004.28172770745,2496.00153486865,2085.642973526,2023.88829862673,2024.52970015725,2004.93963059603,2010.45115603132,2204.77551064801,2369.7124354505,2047.97417316306,2038.81198060113,2027.7340296246,2024.11480904459,2623.62352650023,2679.82752097803,2036.55271025565,2026.76340027789,2029.49397478778,2026.31307875615,2074.43792935402,2195.88389728346,2050.39093058413,2032.86615165679,2039.03058687247,2042.95465309244,2554.15849841303,2195.88389728346,2063.85548178465,2036.5973332556,2040.1680946163,2045.35727026919,2637.54396312466
,85,2092.2514850277,2529.41212043355,2006.96645531649,1993.36599213393,2009.38766577358,1999.5766191612,2076.49996683976,2452.84023107941,1997.74733882998,1999.5085318378,1999.6053448279,2015.43797875564,2157.63919840165,2157.63919840165,2008.0431984273,2022.93982004925,2007.38576275858,1999.3928117107,2157.63919840165,2529.41212043355,2000.11045131268,2022.54272503596,2004.36742459988,1986.35734461296,2529.41212043355,2151.44070221834,1999.12079558995,1998.22222818944,2000.31950195727,1985.81984590386,2452.84023107941,2062.61881159011,1989.21444643799,1994.59084456017,1985.90227268935,1981.08464195456,2157.63919840165,2529.41212043355,1994.59017656734,2007.78858447922,1993.68563721577,2039.70628456586,2118.60021281254,2157.63919840165,1996.57585944732,2006.47180065607,1994.17635688,2013.29473213187,2157.63919840165,2529.41212043355,1999.60610163233,2012.17544991232,2008.78790543039,2006.15945438024,2157.63919840165,2452.84023107941,2007.16623628439,2001.86373141829,1998.26456736782,2012.50675434808,2097.93481826149,2030.04384515986,2018.64978261743,2008.67270597334,2003.92234371651,2321.62657760234,2080.12870617365,2024.11008285698,2024.3742889552,2004.67038006068,2010.59578899755,2133.89350891535,2260.83034554487,2047.53094711889,2038.66926573714,2027.39246774539,2023.81259183402,2412.14879398986,2637.79974787525,2036.03620143992,2026.58495643828,2030.02257050225,2026.06465636227,2068.00475757329,2157.63919840165,2050.28037107182,2032.70446980209,2038.60438113089,2042.8583139298,2371.70230836092,2157.63919840165,2063.80576856663,2036.43743249965,2039.74525470508,2044.53977263888,2431.19159531923
,85.5,2085.88596476629,2376.35326778094,2006.53099623169,1993.20607924967,2009.22624630266,1999.64355581338,2070.76412884766,2300.29605638399,1997.56907545613,1999.63753315188,1999.31524082955,2014.90041203934,2126.63898575727,2126.63898575727,2007.76142693518,2022.57373762119,2007.37916581792,1999.33362677423,2126.63898575727,2376.35326778094,2000.32571614907,2022.31448972302,2004.50183423087,1986.30169351115,2376.35326778094,2125.29295354634,1998.90345144821,1998.05819913478,2000.17476683327,1985.47960396975,2300.29605638399,2049.12471380312,1989.10159043719,1994.66795696884,1985.41365860756,1980.82496094404,2126.63898575727,2376.35326778094,1994.7679791015,2007.72192601396,1993.81876824085,2029.83217022614,2087.08552549964,2126.63898575727,1996.44688402334,2006.41176782705,1993.93092549379,2010.98058916999,2126.63898575727,2376.35326778094,1999.03339672916,2012.07115746969,2008.57387640945,2004.49819131871,2126.63898575727,2300.29605638399,2007.17493225812,2001.79444704577,1998.39427636091,2010.71226922207,2091.63068089886,2030.08180803777,2018.38958192256,2008.41680155678,2003.5918115123,2189.95280670414,2075.38210897227,2023.90167478194,2024.3945581276,2004.32182135982,2010.59782937368,2082.47861048864,2181.32725684489,2046.91765570186,2038.19213596764,2026.84862219801,2023.485632686,2252.09465807988,2596.91446809258,2035.69004160104,2026.43982695182,2030.3227132305,2026.00212862894,2062.90810294904,2126.63898575727,2050.15177309222,2032.37546243692,2038.32385159742,2042.64765120124,2237.62785683053,2126.63898575727,2063.64884700871,2036.70029610711,2039.38471303627,2043.83906503806,2274.62920350078
,86,2082.54453973986,2255.46207962859,2006.01705089541,1992.94702481969,2009.13030938445,1999.84134506694,2067.81766203472,2186.20256475639,1997.2870481579,1999.46837035977,1999.03144946603,2014.62251077907,2102.1899511023,2102.1899511023,2007.58101028618,2022.34246360946,2007.4546763407,1999.12822096514,2102.1899511023,2255.46207962859,2000.46313161935,2022.11189213941,2004.6227629681,1986.2877840066,2255.46207962859,2100.90698718383,1998.77222223987,1997.95309556734,2000.03800646925,1985.19222604697,2186.20256475639,2036.2816088294,1988.68798383037,1994.61573620473,1984.90407501453,1980.73548803223,2102.1899511023,2255.46207962859,1994.75381134354,2007.66511965274,1993.97229243493,2023.33571501108,2060.54108987501,2102.1899511023,1996.06603969254,2006.45182599895,1993.9186668778,2009.10644049771,2102.1899511023,2255.46207962859,1998.44539656288,2012.03152038505,2008.47501877878,2003.09548569082,2102.1899511023,2186.20256475639,2006.92801393227,2001.87358888955,1998.65882328359,2009.31155020898,2086.4844641765,2030.07416840356,2017.98569319002,2008.22995254723,2003.26085338353,2103.33137351042,2071.07817314269,2023.80679185242,2024.50543369241,2004.08649109961,2010.41004123231,2049.0520947079,2130.40227585847,2046.4585458617,2037.73690255247,2026.26405826238,2023.02195391074,2146.10720913106,2557.03616648495,2035.45009947923,2026.46298481174,2030.423692757,2026.07484399497,2059.15234708124,2102.1899511023,2049.95033318928,2032.13801387809,2038.12835160908,2042.56608255286,2150.81407325908,2102.1899511023,2063.65058942512,2036.92863796678,2039.26398268726,2043.41082015274,2170.40010940297
,86.5,2080.22208522437,2167.91351091203,2005.64788973101,1992.6814654664,2009.04545497007,1999.99543516378,2065.70097695353,2111.44433963798,1997.07196915923,1999.31638787672,1998.86155232348,2014.34458345941,2083.92296510212,2083.92296510212,2007.34844911472,2021.99972163822,2007.35263969506,1999.08240843565,2083.92296510212,2167.91351091203,2000.57166307098,2021.83683512547,2004.57279951869,1986.35919351148,2167.91351091203,2078.91006616715,1998.9409423894,1998.01529525945,1999.8616356296,1985.11385129779,2111.44433963798,2024.24226050414,1988.35404779172,1994.58267189365,1984.62553721287,1980.52117355945,2083.92296510212,2167.91351091203,1994.47398068379,2007.57465273625,1994.02790195908,2018.91675794023,2040.99766301319,2083.92296510212,1995.8821186172,2006.55308190582,1993.65427322303,2007.35399885122,2083.92296510212,2167.91351091203,1997.99987603487,2011.8675119216,2008.55899164848,2001.93824848831,2083.92296510212,2111.44433963798,2006.56120997792,2002.11151167204,1998.78783405358,2008.14174381316,2081.90194261016,2029.97556713104,2017.26652248106,2008.02198093438,2002.86509258888,2055.22390382045,2067.2252225779,2023.47953779524,2024.61398778847,2003.87253411878,2010.22403254823,2030.7817481843,2104.48593380017,2046.0268253629,2037.39602720557,2025.99071981381,2022.65266802121,2085.69849015153,2518.12510362898,2035.28133546116,2026.48885949743,2030.33120811974,2026.17149639167,2056.78105826364,2083.92296510212,2049.94608841966,2031.87961191379,2038.11870805823,2042.52410642271,2102.52284878238,2083.92296510212,2063.69483569212,2037.01885429248,2039.25418463372,2043.18111848921,2110.27763600663
,87,2078.27050397385,2111.02713272197,2005.32831357773,1992.60043729687,2008.85521925033,1999.98393257107,2063.86768566746,2067.92899708646,1996.63698895166,1999.02298339987,1998.54696948062,2014.15152466788,2070.66092369355,2070.66092369355,2007.42687082136,2021.83459307801,2007.40243686811,1999.02096851192,2070.66092369355,2111.02713272197,2000.51319538839,2021.58057419614,2004.33852645522,1986.42472488786,2111.02713272197,2060.23091335206,1998.80750666357,1997.91606306185,1999.73408166605,1985.22835954325,2067.92899708646,2014.65940825252,1987.98133734434,1994.43135802027,1984.62513839786,1980.50777463689,2070.66092369355,2111.02713272197,1993.87961285291,2007.45321969129,1993.96882493601,2016.08669508971,2027.69145686346,2070.66092369355,1995.59660739235,2006.24434445199,1993.53781992119,2005.63768975531,2070.66092369355,2111.02713272197,1997.71059719787,2011.78386670317,2008.51371709678,2000.71806323627,2070.66092369355,2067.92899708646,2006.35611420127,2002.16494625261,1998.52373150578,2007.14480928668,2078.22885788366,2029.86308337676,2016.87312672408,2007.79395599093,2002.53188659141,2033.95948112189,2063.71732986856,2023.01963508723,2024.8459695747,2003.78246984599,2010.16051279881,2023.21249579829,2095.05087565035,2045.92634203516,2036.88166147004,2025.81110439116,2022.30311628691,2056.66407496171,2480.39400460449,2035.44614081152,2026.70260132011,2030.21270403015,2026.39395347395,2055.26498455848,2070.66092369355,2049.88468233046,2031.84382168819,2038.10550302743,2042.58256304203,2081.02310552295,2070.66092369355,2063.76738216836,2036.85116900164,2039.51560169106,2042.92274060393,2081.21753419932
,87.5,2076.1764349423,2074.48502113699,2005.0475131413,1992.59355742265,2008.85420288791,1999.92381664884,2061.7312819686,2043.96544767939,1996.22865355579,1998.71203895852,1998.41660335043,2013.9059411986,2059.56892709905,2059.56892709905,2007.38580711663,2021.66957034507,2007.52581943298,1998.74273918056,2059.56892709905,2074.48502113699,2000.44988454381,2021.482918048,2004.02926866536,1986.58251166966,2074.48502113699,2045.18586580181,1998.55005525115,1997.85939259285,1999.74541381604,1985.45163318843,2043.96544767939,2007.59560633217,1987.76020926007,1994.48475554378,1984.89864900731,1980.68264059355,2059.56892709905,2074.48502113699,1993.58886011917,2007.38027298931,1994.07543240346,2014.19591712167,2019.41333999491,2059.56892709905,1995.26383227899,2006.2242677979,1993.38172910864,2003.99265303153,2059.56892709905,2074.48502113699,1997.74151259998,2011.73435651651,2008.55292847458,1999.66900545609,2059.56892709905,2043.96544767939,2006.1234916778,2002.17767988286,1998.43138413561,2006.22709387065,2075.0107219301,2029.62377581229,2016.64106285545,2007.65040418528,2002.37396237167,2026.71280017779,2060.43514766418,2022.62284824506,2024.98692145456,2003.79284205978,2009.90225019589,2020.72576856207,2091.26983006923,2045.86222229499,2036.49081310838,2025.73844053532,2021.76711788615,2045.60395915639,2443.81275089464,2035.64305827437,2027.07159830047,2029.82023980406,2026.60647897256,2054.20552753021,2059.56892709905,2049.71734931627,2031.75964081739,2038.1831830636,2042.50755148223,2073.23276287992,2059.56892709905,2063.46354818633,2036.61833195102,2039.76289300625,2042.82856642281,2069.79204128848
,88,2073.86974636358,2051.41261839957,2004.76611967275,1992.4489427091,2008.58317625798,1999.98866445468,2059.62854151701,2031.40484549224,1995.96549186911,1998.67010472558,1998.5677476206,2014.07016527007,2050.54125113573,2050.54125113573,2007.25452999726,2021.4900517312,2007.56512531721,1998.68686393219,2050.54125113573,2051.41261839957,2000.17696940873,2021.42034793411,2003.83562220244,1986.58906400812,2051.41261839957,2033.31541081715,1998.49032499693,1997.71502322653,1999.79782513904,1985.482407332,2031.40484549224,2002.60413688132,1987.63191589112,1994.50432498818,1984.96195201009,1980.56148040636,2050.54125113573,2051.41261839957,1993.34833074535,2007.30047290009,1993.91594484977,2012.29715182737,2014.91679301186,2050.54125113573,1994.88929544747,2006.06330490666,1993.30700461138,2001.99110691314,2050.54125113573,2051.41261839957,1997.80928739038,2011.61490087947,2008.46349171065,1998.73726708475,2050.54125113573,2031.40484549224,2005.99555836974,2002.10612110668,1998.20927461287,2005.42085475282,2072.24942188741,2029.54678921117,2016.42930398514,2007.4570670736,2002.23094483338,2023.8066000903,2057.41081718421,2022.46125302195,2024.92785333144,2003.9078120513,2009.74832304901,2018.85929694227,2088.48474395046,2045.90453771268,2036.24015932376,2025.65336628935,2021.33979555456,2041.13086665431,2409.09022883535,2035.50648107402,2027.30167733567,2029.25836313421,2026.63285606599,2053.1870133845,2050.54125113573,2049.53206758733,2031.80984699929,2038.10785206275,2042.3946908478,2069.74927133851,2050.54125113573,2063.53428134037,2035.92159060106,2039.9092593754,2042.86995631467,2065.43206362858
,88.5,2071.68054637378,2039.171721122,2004.8000182745,1992.32575959533,2008.34113022354,2000.06184256274,2057.5265941517,2026.45523912422,1995.9352725335,1998.68368371062,1998.80930632904,2014.08524597373,2043.46446560369,2043.46446560369,2006.98166352219,2021.3013964652,2007.51510888873,1998.84215422434,2043.46446560369,2039.171721122,1999.89086087282,2021.2383894851,2003.69306785141,1986.4987475969,2039.171721122,2023.96183307101,1998.36331007859,1997.45811344127,1999.82459621104,1985.48077030217,2026.45523912422,1999.49023836978,1987.54809055477,1994.44147953329,1985.12986442087,1980.15770079223,2043.46446560369,2039.171721122,1993.29595339006,2007.16740583404,1993.68386075092,2010.29826216823,2012.06419873104,2043.46446560369,1994.73067912179,2005.8369971929,1992.96415542309,1999.50937514075,2043.46446560369,2039.171721122,1997.83746983068,2011.36161028644,2008.32206714752,1997.77811267691,2043.46446560369,2026.45523912422,2005.88782238675,2001.84862364047,1998.03610719303,2004.41404153307,2069.69879002218,2029.34609312492,2016.18747838472,2007.14460261262,2002.0263564025,2021.7554510306,2054.74659376951,2022.17878546305,2024.85899412812,2003.91413588892,2009.61334477461,2017.35823454079,2085.79139329107,2045.71467063628,2036.10367748165,2025.76577544155,2021.13199410852,2038.4770352332,2376.46471564509,2035.4648289644,2027.33221214796,2028.89231558128,2026.59526566306,2051.98650926412,2043.46446560369,2049.44089986236,2031.90150572689,2038.01634686883,2042.37274109311,2067.42597570054,2043.46446560369,2063.26281377896,2035.12672300401,2039.82721872309,2042.67132644113,2062.73139933252
,89,2069.47302005421,2033.60603062928,2004.80074304029,1992.22437045666,2008.13743557841,2000.19947019929,2055.27087151395,2024.53328348002,1995.95044401056,1998.56708231071,1998.98136716921,2014.01149510243,2038.1820315983,2038.1820315983,2006.81534356125,2021.04547900988,2007.5438535985,1998.68676941906,2038.1820315983,2033.60603062928,1999.71361489096,2021.25927709072,2003.63495612655,1986.26830025969,2033.60603062928,2016.83030474349,1998.02063343235,1997.03555354201,1999.93148971392,1985.42489308552,2024.53328348002,1997.9781837155,1987.54234665497,1994.17182657395,1985.04142388626,1979.95249088011,2038.1820315983,2033.60603062928,1993.4598051726,2007.03031382753,1993.42375927795,2008.15030451985,2009.29780338026,2038.1820315983,1994.46257022987,2005.55949697671,1992.91151975122,1996.90116630121,2038.1820315983,2033.60603062928,1997.9145358909,2011.14532088196,2008.14052140506,1996.69115823131,2038.1820315983,2024.53328348002,2005.88300595834,2001.3177549661,1997.92247457627,2003.2875524933,2067.65975565774,2029.20367552069,2016.14780312084,2006.82825245061,2001.79542988429,2020.00570785628,2052.50912765578,2022.17508818268,2024.75684526228,2004.06759704276,2009.46759578329,2015.94810264432,2083.46633369499,2045.42344345884,2035.87411576544,2025.61851630962,2020.97605551607,2036.3760055539,2346.17757735016,2035.5365912769,2027.32953015915,2028.50145134629,2026.55708354235,2050.43186786225,2038.1820315983,2049.22644512185,2032.01181919792,2037.68010915235,2042.45825946599,2065.77417380711,2038.1820315983,2062.93655541158,2034.52889480818,2039.58239486288,2042.5642186458,2060.47667364319
,89.5,2067.44229002707,2029.90009252428,2004.75595732078,1991.97842357501,2008.02846195392,2000.25696505083,2052.96320834458,2023.05459154191,1996.08180613269,1998.50686017836,1999.29028130727,2013.96778453538,2033.97326216602,2033.97326216602,2006.27545257807,2020.8180147567,2007.42235767802,1998.60674847079,2033.97326216602,2029.90009252428,1999.57428634856,2021.24218248275,2003.68455974512,1985.91354828855,2029.90009252428,2011.53718061188,1997.97473764828,1996.62356866613,1999.87709360074,1985.0475743993,2023.05459154191,1997.0163361329,1987.34493322345,1993.94667533594,1984.72204711923,1979.50738982416,2033.97326216602,2029.90009252428,1993.73410566019,2006.82999307262,1993.34849760091,2005.54173603066,2006.68168312806,2033.97326216602,1994.23393425806,2005.54074266338,1992.86719808474,1994.09293992122,2033.97326216602,2029.90009252428,1997.93682000474,2010.82568387618,2008.13629113172,1995.58489665443,2033.97326216602,2023.05459154191,2005.66687430066,2001.03166345003,1997.96124274772,2002.06207636579,2065.67288142912,2029.05243175011,2015.88648668074,2006.73693729819,2001.55678117058,2018.40630697785,2050.40105401603,2022.10221703574,2024.48754127719,2004.03530555603,2009.0575907265,2014.47916981187,2081.46345532532,2045.04309407737,2035.97013394707,2025.51378066247,2020.93633535566,2034.69158869086,2318.62263637647,2035.450746957,2027.10534089284,2027.97858222796,2026.24747260552,2048.92615766587,2033.97326216602,2049.04462861035,2032.03654226451,2037.19645765475,2042.32633807591,2064.16588961946,2033.97326216602,2062.59296250545,2034.33898615555,2039.13045840686,2042.52223477466,2058.6348126709
,90,2065.6187768752,2027.07524760997,2004.76452234759,1991.68464509565,2007.84238680923,2000.17495096612,2051.16142179247,2021.2169205628,1995.98961347983,1998.43316861023,1999.39375525418,2013.69604441392,2030.79002399733,2030.79002399733,2005.91523329977,2020.70941324591,2007.36261375045,1998.62802879716,2030.79002399733,2027.07524760997,1999.33118993214,2021.1606046617,2003.96709811424,1985.40537890182,2027.07524760997,2007.75432881391,1998.01933022929,1996.25899462527,1999.69655626862,1984.59862447933,2021.2169205628,1995.98809254937,1987.06776381513,1993.50915919189,1984.194105016,1978.97040042658,2030.79002399733,2027.07524760997,1993.62227386122,2006.54665903514,1993.16056858347,2002.87066426275,2004.22773354579,2030.79002399733,1994.15165098695,2005.29013988823,1992.87499907732,1991.04262655482,2030.79002399733,2027.07524760997,1997.71884509831,2010.47859514432,2008.07333163467,1994.27031824041,2030.79002399733,2021.2169205628,2005.44692175827,2000.68154972833,1997.91609227891,2000.56726585176,2064.03245784286,2028.7709718953,2015.61567117922,2006.66766494281,2001.43618218072,2016.73177004927,2048.63977174367,2021.87866474139,2024.09244399807,2003.88169237202,2008.75414430148,2013.19547502886,2079.58363775893,2044.67705986576,2036.12286968521,2025.40827366434,2021.03317965827,2032.99337993711,2294.13860882103,2035.48177948002,2026.76720505408,2027.63975142281,2025.84440909582,2047.55703038826,2030.79002399733,2048.95546953527,2032.05927623454,2036.87810695013,2042.23626421178,2062.71987074955,2030.79002399733,2062.64789318244,2034.42137504003,2038.8107392552,2042.19966824357,2057.23885636885
,90.5,2063.79913684202,2025.10075212976,2004.92153980362,1991.47890896337,2007.89175824858,1999.83970168988,2049.31447486133,2019.4947038121,1995.73682707133,1998.2004030814,1999.12148708985,2013.24208546817,2028.19770604071,2028.19770604071,2005.75965878706,2020.72360911466,2007.10466392681,1998.41714360679,2028.19770604071,2025.10075212976,1999.06206869093,2020.98353178205,2004.10230644238,1984.98249233383,2025.10075212976,2005.16151466982,1997.83372298847,1995.94390607071,1999.46844158243,1984.33821905462,2019.4947038121,1995.0015619436,1986.85466598506,1993.0035779201,1983.98881979178,1978.70359848591,2028.19770604071,2025.10075212976,1993.32667343008,2006.21901026612,1992.96082585542,2000.588253917,2001.94448483851,2028.19770604071,1994.12547630676,2005.13899433701,1992.68239678357,1988.49916268499,2028.19770604071,2025.10075212976,1997.56570441384,2010.18462325621,2007.99856433017,1993.02727919737,2028.19770604071,2019.4947038121,2005.00238684615,2000.53206913922,1997.9116305304,1999.08578524536,2062.39971142673,2028.40564519508,2015.48999717375,2006.66906936666,2001.36140210735,2015.08679374244,2047.0964558086,2021.6654661136,2023.85932177724,2003.82304907024,2008.39895502935,2011.97368736533,2077.85272382915,2044.29226809559,2036.2700004561,2025.44204841799,2020.96144353549,2031.44806930973,2272.85284224634,2035.69793239245,2026.42532561697,2027.64767357358,2025.48447601432,2046.11366637206,2028.19770604071,2048.75919543986,2032.04418211203,2036.67230494012,2042.28973436304,2061.21749553739,2028.19770604071,2062.4705894204,2034.77725210647,2038.55967555378,2041.72040939048,2055.97223009011
,91,2062.00387787416,2023.51465056293,2004.83485222654,1991.2297166091,2007.91795890637,1999.51366546466,2047.60947990419,2017.94713293268,1995.3825307868,1998.02445285463,1998.72972457549,2012.81746065156,2026.21558272553,2026.21558272553,2005.66384259571,2020.65122491946,2006.94123829107,1998.04418965122,2026.21558272553,2023.51465056293,1998.89028680211,2020.74833093122,2004.21573144172,1984.53678737886,2023.51465056293,2003.39997619635,1997.66209566072,1995.7603970811,1999.21220716315,1984.0943125078,2017.94713293268,1994.01891677542,1986.85242217988,1992.68903166842,1983.63858298368,1978.58459454518,2026.21558272553,2023.51465056293,1992.94570117972,2006.25576960935,1992.87735444867,1998.71488652647,1999.70509769111,2026.21558272553,1994.08649245839,2005.04376460878,1992.84291841524,1986.49714269233,2026.21558272553,2023.51465056293,1997.50932303971,2010.08636752108,2007.9289743338,1991.88353024411,2026.21558272553,2017.94713293268,2004.70757888545,2000.57871483109,1997.79102385456,1997.68487575911,2060.87833449445,2028.1316376792,2015.38835173609,2006.86184637122,2001.47566761196,2013.47715227518,2045.68386777244,2021.6440380773,2023.55406607809,2003.79144253749,2008.09476630854,2010.67723506994,2076.44138804089,2044.01511356254,2036.28128809002,2025.31652952422,2020.73607763948,2029.87280086939,2254.75227097212,2035.65638089459,2026.22024558463,2027.60236266624,2025.2061567034,2044.81209452561,2026.21558272553,2048.50088472429,2031.92543956595,2036.27428509212,2042.00495114717,2059.96448586092,2026.21558272553,2062.71863911057,2035.36090405629,2038.41235091397,2041.53910164862,2054.9433799008
,91.5,2060.29883773764,2022.28265670518,2004.86715365162,1990.92217793834,2007.79798891642,1999.04640413859,2046.24902535734,2016.32011630053,1995.04523283511,1998.02470819044,1998.28642294358,2012.54808174835,2024.70774571811,2024.70774571811,2005.48007197409,2020.70309457457,2006.62388286964,1997.98789527125,2024.70774571811,2022.28265670518,1998.85451687406,2020.32747069318,2004.27598667457,1984.22439841771,2022.28265670518,2002.18461724776,1997.52103756485,1995.77742755693,1998.76301025435,1983.85976770546,2016.32011630053,1993.07432256493,1986.74074724224,1992.75041096103,1983.51863095154,1978.41625322918,2024.70774571811,2022.28265670518,1992.41700715262,2006.33787760256,1992.92272791168,1997.34047120359,1997.89255458602,2024.70774571811,1994.02189340444,2004.92462550627,1993.01675810542,1984.71154829597,2024.70774571811,2022.28265670518,1997.37137269259,2010.12382804573,2008.02969179491,1990.94916860337,2024.70774571811,2016.32011630053,2004.43604058431,2000.92410729474,1997.62676425807,1996.22232640481,2059.33616048181,2027.79215491912,2015.35280852406,2007.13092793626,2001.60674393759,2012.01159744843,2044.41240432781,2021.28452895126,2023.33179074473,2003.58975263606,2007.70263714134,2009.47694939247,2074.90798392954,2043.78764792763,2036.37725785236,2025.33348917316,2020.47849854354,2028.32218436889,2239.35330743158,2035.47407177515,2026.08972122282,2027.63246062279,2024.79654372735,2043.7600674825,2024.70774571811,2048.24811370817,2031.70923021869,2036.12031265455,2041.49152863267,2058.84128465615,2024.70774571811,2062.98209479716,2035.63319844491,2038.31976284103,2041.26794363418,2054.08266471284
,92,2058.59463794804,2021.41824458329,2004.94483665996,1990.5409093247,2007.56022365304,1998.53331444777,2045.03176713185,2014.81573900389,1994.82117401678,1998.13578737918,1997.76287599333,2012.05696010425,2023.56689277312,2023.56689277312,2005.51838442509,2020.59604093191,2006.52603866027,1997.76823180938,2023.56689277312,2021.41824458329,1999.01720171135,2019.93733081235,2004.34379057176,1984.11252544238,2021.41824458329,2001.16346900019,1997.27832473026,1995.79624833506,1998.45377173937,1983.70736032645,2014.81573900389,1992.08499761371,1986.83765592149,1992.76772898688,1983.43790112291,1978.42556935262,2023.56689277312,2021.41824458329,1991.96012904958,2006.49716683776,1992.73852031323,1996.83638295057,1996.52574108689,2023.56689277312,1994.20942608021,2004.73553741896,1992.90107187248,1983.37345912755,2023.56689277312,2021.41824458329,1997.2594070279,2010.38901631519,2008.07481217351,1990.22647760119,2023.56689277312,2014.81573900389,2004.1259401759,2001.14543740907,1997.65376445356,1994.99448179569,2058.03833049155,2027.54962919667,2015.47924623742,2007.03713370407,2001.69557351893,2010.70415146369,2043.56911870002,2021.30281783329,2023.23946529932,2003.67905319812,2007.73256806548,2008.40483316881,2073.5639736888,2043.56506032528,2036.18627594287,2025.3622235479,2020.22708575713,2026.96660010834,2226.21618424542,2035.34998554464,2026.02535142754,2027.7059026094,2024.69869281747,2042.89653015988,2023.56689277312,2048.02845957776,2031.52161898749,2036.17507451588,2041.00980195149,2058.24254243626,2023.56689277312,2063.18218220508,2035.60939016911,2038.28050552803,2040.82384105262,2053.10720909899
,92.5,2057.0333697918,2020.60323066574,2004.85824340139,1990.26959912862,2007.14159193502,1998.1920322836,2043.79457455506,2014.01265628301,1994.8266577166,1998.02477517374,1997.08125288889,2011.83239539916,2022.52361978292,2022.52361978292,2005.52313717794,2020.48792060691,2006.15883616746,1997.64157679296,2022.52361978292,2020.60323066574,1999.21291230981,2019.54307976371,2004.09712572388,1984.11594966293,2020.60323066574,2000.22913457121,1996.97133507574,1995.81836037159,1998.30916886967,1983.50439701364,2014.01265628301,1991.30973053573,1986.99102836893,1992.85624559011,1983.68192885905,1978.5874814981,2022.52361978292,2020.60323066574,1991.66379572797,2006.66028417864,1992.63519359292,1996.55742918585,1995.25951551051,2022.52361978292,1994.18559168743,2004.59120118351,1992.77174671696,1982.50310971085,2022.52361978292,2020.60323066574,1997.21211732369,2010.63087098607,2008.10511687149,1989.60489758477,2022.52361978292,2014.01265628301,2003.83233105135,2001.35426277837,1997.66131962488,1993.96398130823,2056.82000377492,2027.44584188642,2015.48257511543,2006.86285617505,2001.54784840167,2009.73471883706,2042.79255806105,2021.47477542942,2023.35833027951,2003.7805312416,2007.65167077928,2007.2710300744,2072.33926310819,2043.49395110348,2035.72853406049,2025.37477478808,2020.02028899895,2025.74253635177,2214.8012727412,2035.1255511296,2025.89422171642,2027.60627925441,2024.73648009413,2041.79025846983,2022.52361978292,2047.86924715233,2031.23774196455,2035.98785219933,2040.5220301274,2057.67833930077,2022.52361978292,2063.2142400067,2035.37909265797,2038.20059886437,2040.62264904288,2052.28061957567
,93,2055.96645435963,2019.60068208958,2004.67729066454,1989.95567462488,2006.72554745303,1998.06656567829,2042.96727386951,2013.20725276785,1995.17841256552,1998.01028567762,1996.76061498588,2011.55850073215,2021.39192191566,2021.39192191566,2005.32978971209,2020.30773670383,2006.01212157393,1997.47710388336,2021.39192191566,2019.60068208958,1999.51687567147,2019.33608787973,2003.7939068634,1984.14209214251,2019.60068208958,1999.57986546061,1996.74772866655,1995.83514967376,1998.25312609233,1983.1769953421,2013.20725276785,1990.55829928045,1987.12029432604,1992.96421701304,1983.49003078793,1978.704979916,2021.39192191566,2019.60068208958,1991.34960262429,2006.87303179079,1992.68796192901,1996.12738949919,1994.40927157592,2021.39192191566,1994.30284983326,2004.41099720282,1992.87037680123,1981.77539418242,2021.39192191566,2019.60068208958,1996.973317889,2010.79950255915,2008.18057327911,1989.07719135378,2021.39192191566,2013.20725276785,2003.87083680352,2001.44946049566,1997.64879209865,1993.1619856096,2055.85258155287,2027.37935524653,2015.2543092554,2006.72988817371,2001.18883555203,2008.8584800428,2042.16496511972,2021.64013482202,2023.47714223871,2003.79263017043,2007.74579778659,2006.26036836471,2071.47579848344,2043.50483701698,2035.50070440219,2025.21273953358,2019.95519433142,2024.72088665806,2204.38873511872,2034.93212115536,2025.94719740596,2027.3182766274,2024.96369089769,2041.02804004902,2021.39192191566,2047.89098284775,2030.86065172519,2035.61245906344,2039.82558416476,2057.34978567297,2021.39192191566,2063.29675466038,2035.12006692044,2038.01523830716,2040.64393322595,2051.40388515035
,93.5,2055.20496627554,2018.9631486561,2004.44804835995,1989.70193305606,2006.23094377084,1997.90804525848,2042.32755792816,2012.76079399073,1995.64223657422,1998.04724376357,1996.39875976498,2011.06272000034,2020.02987082771,2020.02987082771,2005.14970843447,2020.22498403772,2005.80936526578,1997.24091237693,2020.02987082771,2018.9631486561,1999.70057130014,2019.44629018396,2003.435572066,1984.24878635152,2018.9631486561,1999.00248436336,1996.60034415383,1995.75694624962,1998.37650746034,1982.66903229299,2012.76079399073,1989.96545773062,1987.13640094974,1992.96938346922,1983.45902007885,1978.99634968093,2020.02987082771,2018.9631486561,1990.88971002046,2006.61444561371,1992.64552564584,1995.80285604758,1993.78565802798,2020.02987082771,1994.60257560494,2004.13515799822,1992.57017016775,1981.16767729878,2020.02987082771,2018.9631486561,1996.5472073884,2010.85173995922,2008.19286580808,1988.45765199592,2020.02987082771,2012.76079399073,2003.86148910628,2001.36822901849,1997.69143048425,1992.617882632,2055.20537935003,2027.38427795943,2015.09353538922,2006.43372957778,2000.75984771296,2008.23987262798,2041.61513411383,2021.7705381886,2023.7850462602,2004.03684264489,2007.9563082786,2005.44923927934,2070.99584576153,2043.62908728791,2035.34475446136,2025.14043400935,2019.8926798071,2024.09282847818,2194.62505642479,2035.01524152646,2025.87623808461,2026.95586299872,2025.08927806704,2040.33027024925,2020.02987082771,2047.86257999451,2030.50639203146,2035.36358538752,2039.2523741288,2057.02561983527,2020.02987082771,2063.02190979647,2034.81784759462,2037.88014837634,2040.3778754341,2050.52553859727
,94,2054.91340611257,2017.76367256095,2004.384547467,1989.54745695249,2006.25042168867,1997.7479065927,2042.24730443433,2012.4176425404,1995.83207446401,1998.31242106837,1996.29252409183,2010.57023626533,2018.30300403762,2018.30300403762,2004.96106781504,2019.94757248915,2005.45343324745,1996.78483468182,2018.30300403762,2017.76367256095,1999.86664051678,2019.98129076258,2002.86816413546,1984.24233131206,2017.76367256095,1998.36570667095,1996.2879705091,1995.46290315013,1998.78059832649,1982.08592956808,2012.4176425404,1989.25471327356,1987.03387558492,1992.22661713721,1982.92851925443,1979.23153068282,2018.30300403762,2017.76367256095,1990.2288421684,2006.36275374235,1992.54975794058,1994.79581285252,1993.51373632773,2018.30300403762,1995.11032599038,2003.94771790639,1992.11198881336,1980.62695067006,2018.30300403762,2017.76367256095,1995.68706490031,2010.76687880084,2007.91493414968,1988.14638203638,2018.30300403762,2012.4176425404,2003.41915414803,2001.23572105339,1997.77351949783,1992.19853944394,2055.09403891324,2027.47455677148,2014.7627063551,2006.4836220808,2000.41675674864,2008.10294782453,2040.99704424971,2021.8640578095,2024.17950086772,2004.552098352,2008.01415401166,2004.60462671435,2071.16847707363,2043.69309253274,2035.27220643018,2024.86272782733,2019.61223193379,2024.16704202325,2185.10862836427,2034.8922791441,2026.16399775909,2026.99625936096,2025.16071693072,2039.25538960105,2018.30300403762,2047.92988614345,2029.78048493583,2034.97326457941,2038.67592099184,2056.68434744859,2018.30300403762,2062.85338141241,2034.63182620817,2037.5922042558,2040.21696497929,2049.9207762565
,94.5,2054.804154547,2016.51485183053,2004.16985256678,1989.47368456891,2006.24934619955,1997.79004185487,2042.27801542204,2012.17317492356,1996.1918928224,1998.44057044538,1996.23925723174,2010.09561281738,2016.42966004952,2016.42966004952,2004.66219843176,2019.79170487214,2005.10851760472,1996.33091961816,2016.42966004952,2016.51485183053,1999.90119390457,2020.62067991549,2002.23956302282,1984.1700194707,2016.51485183053,1997.89577424198,1996.03401021424,1995.20642550599,1999.20424373897,1981.4763924631,2012.17317492356,1988.63102881957,1986.91842693474,1991.64386175199,1982.37504743547,1979.50803951409,2016.42966004952,2016.51485183053,1989.47749637521,2006.05133407712,1992.62065104102,1993.55536690732,1993.20348803542,2016.42966004952,1995.56129865353,2003.73360864618,1991.8260798915,1980.17493355029,2016.42966004952,2016.51485183053,1994.75692712919,2010.49819178368,2007.60544422192,1987.73153563603,2016.42966004952,2012.17317492356,2003.32718281399,2001.04635113012,1997.72584973501,1991.90515419753,2054.96060685168,2027.48878760563,2014.30686415386,2006.63580288885,1999.9712819302,2007.9630531891,2040.24642770742,2021.80948791563,2024.58392779194,2004.89215048824,2008.03979382484,2003.89061270185,2071.47111699361,2043.88358443047,2035.45154642747,2024.49545235971,2019.3599949877,2024.25979121425,2175.82329048036,2034.9093699912,2026.42701158721,2026.95358457596,2025.22414180438,2038.32211505379,2016.42966004952,2048.01770713658,2029.05886269331,2034.37566596477,2038.03978138451,2056.23635378425,2016.42966004952,2062.64651536518,2034.60515355473,2037.34070892374,2040.18836620055,2049.33445714867
,95,2055.33256831668,2014.22696089095,2004.78875250671,1989.47534161518,2007.35089695497,1997.42231875953,2043.51008348499,2011.6489508845,1995.49800030844,1999.47866931576,1996.63482492306,2009.87776607309,2014.02338267692,2014.02338267692,2004.45195713332,2019.2283530935,2004.0436696005,1995.70190252065,2014.02338267692,2014.22696089095,2000.20019770557,2021.9864794096,2001.33735929166,1983.89874614406,2014.22696089095,1997.0302143625,1995.30089652439,1994.56760243065,1999.81042285752,1980.79465675256,2011.6489508845,1987.64049718491,1986.36386682366,1989.58259179835,1980.95173894418,1979.54249743099,2014.02338267692,2014.22696089095,1988.19655646944,2005.66769326193,1992.56800984216,1991.11319158258,1993.57480392189,2014.02338267692,1996.36967301944,2003.69759275536,1991.21274993057,1979.4842837682,2014.02338267692,2014.22696089095,1992.95338704296,2010.22837752795,2006.96826793215,1988.18221188777,2014.02338267692,2011.6489508845,2001.85185954267,2001.11583993201,1997.71746450195,1991.32206355323,2055.89789826929,2027.61209637639,2013.88233976782,2007.7937850072,2000.05198142177,2008.81821804799,2039.3534579463,2021.13628439785,2025.1760835416,2005.86454549645,2007.38253984615,2002.95773482153,2072.58829834853,2043.73666449978,2035.71116788292,2024.05856905165,2018.4278261258,2025.65490853663,2166.13718102515,2034.10470738363,2027.54069257731,2028.03210845665,2024.7185188854,2036.33459187485,2014.02338267692,2048.11733631302,2027.47901087455,2034.03410636863,2037.38572077434,2055.63377275521,2014.02338267692,2062.73862214958,2034.46188223564,2036.72689366786,2040.24849330752,2049.27188308607
