,Temperature,A19,A20,A21,A22,A23,A24,B19,B20,B21,B22,B23,B24,C19,C20,C21,C22,C23,C24,D19,D20,D21,D22,D23,D24,E19,E20,E21,E22,E23,E24,F19,F20,F21,F22,F23,F24,G19,G20,G21,G22,G23,G24,H19,H20,H21,H22,H23,H24,I19,I20,I21,I22,I23,I24,J19,J20,J21,J22,J23,J24,K19,K20,K21,K22,K23,K24,L19,L20,L21,L22,L23,L24,M19,M20,M21,M22,M23,M24,N19,N20,N21,N22,N23,N24,O19,O20,O21,O22,O23,O24,P19,P20,P21,P22,P23,P24
,65,4869.61170577,4879.49698088875,2053.98872154605,2061.37789746465,2047.1311089612,2021.81662151704,4698.34612809238,4803.1640303065,2043.65433680506,2043.52421008681,2045.49788641147,2037.11638320916,4841.00695786861,4567.71402101123,2036.27221520461,2045.29072917062,2025.8887702604,2036.51158919189,4764.17114628654,4457.77210141633,2023.1934117639,2036.68773756919,2032.87334233855,2037.6227753359,4820.17368810002,4998.88642769928,2015.88349155071,2038.83452551774,2013.1915705955,2037.24935572429,4522.50864379256,5247.81526280486,2013.61175999535,2008.68968823751,2016.1659557576,2029.65804911575,4711.28399374537,5120.6164948439,2016.45465042213,2010.1404024415,2027.92101252269,2128.29634481045,4496.50362330958,5099.74796877485,2002.8196594187,2014.21686776087,2009.04377121982,4151.19430682521,4602.9930208251,4930.51506342776,2008.6836370212,2004.53129013582,2006.83228390265,2015.37098830671,4508.81924614701,4888.54638019638,2001.26858149248,2004.7743473058,2005.11448716099,2005.2350475446,4525.26386120094,2009.66263033695,2005.99046310722,2014.14958800727,2024.15365668913,2012.94225413916,4571.5475467122,2002.68947198165,1992.6018289842,2017.51636355432,2015.99263027802,2012.48231759935,4451.7072187538,2012.85069362743,1995.64723709844,2016.49377745499,2009.74145270717,2002.27595727744,4502.59217834045,2014.16116351615,2004.45303402127,2009.97879448892,1989.53391262353,2003.55540749527,4691.48249957708,2006.60624212717,2026.8723460795,2012.03888899762,1984.99689766449,4243.23298537883,4419.44463392131,1986.87725976828,1977.03369104198,2002.11172135099,1965.72399058729,3632.22277321227
,65.5,4850.68884799579,4862.45078897704,2054.33512651194,2061.24988003569,2047.66231250806,2022.28026494306,4684.79490280669,4791.43542578232,2044.11901984517,2043.6259308442,2045.77261149301,2037.35484377788,4826.65537810614,4556.98157468666,2036.07807602369,2045.17522105444,2026.00280775681,2036.16801242236,4748.02598227286,4446.96602813834,2023.43690757849,2036.77695352625,2032.87191483023,2037.46880391271,4793.67946308988,4975.27597285946,2015.8590213213,2038.76031307035,2013.76969363267,2037.349022315,4511.1292004073,5223.62012789502,2013.69866460522,2008.62903514276,2015.95904369761,2029.88806813073,4698.7579275551,5093.47620383388,2016.70680362005,2010.4952605879,2028.05028647082,2126.19132027293,4479.2313002619,5072.83307509149,2002.82947951949,2014.23085366414,2009.01405003807,4128.85277741998,4585.77808929369,4907.30400688668,2008.9577804478,2004.96969942272,2007.29350944717,2015.9424433865,4491.28467090361,4862.16881196879,2001.4779213203,2005.1979861243,2005.4987599765,2005.39333687546,4509.70782545867,2009.6192857418,2005.73617423325,2014.01287045725,2024.12529843709,2012.62305781945,4555.89292225832,2002.86323935617,1992.62131191671,2017.50722619084,2015.94105627997,2013.02408752011,4437.39841658039,2012.43750898949,1995.70874211625,2016.49768519927,2009.94011614679,2002.47231058387,4489.58055028019,2014.36421037615,2004.66407276472,2010.02273931497,1989.78909536012,2003.94912852298,4674.07252240455,2006.76613789591,2026.67649924619,2011.94877849647,1985.19180766109,4224.38924285146,4400.77347791696,1987.33197600746,1977.15073408707,2002.37720078344,1965.71375245233,3618.42247799165
,66,4831.76599022158,4845.40459706534,2054.68153147782,2061.12186260672,2048.19351605491,2022.74390836907,4671.24367752099,4779.70682125814,2044.58370288527,2043.72765160159,2046.04733657455,2037.5933043466,4812.30379834367,4546.24912836209,2035.88393684278,2045.05971293826,2026.11684525322,2035.82443565282,4731.88081825919,4436.15995486035,2023.68040339307,2036.86616948331,2032.87048732191,2037.31483248952,4767.18523807974,4951.66551801963,2015.83455109189,2038.68610062295,2014.34781666983,2037.44868890571,4499.74975702204,5199.42499298518,2013.78556921509,2008.568382048,2015.75213163762,2030.11808714571,4686.23186136482,5066.33591282386,2016.95895681798,2010.85011873431,2028.17956041895,2124.08629573541,4461.95897721422,5045.91818140813,2002.83929962028,2014.24483956741,2008.98432885631,4106.51124801475,4568.56315776228,4884.0929503456,2009.2319238744,2005.40810870962,2007.75473499169,2016.51389846628,4473.7500956602,4835.7912437412,2001.68726114812,2005.62162494279,2005.883032792,2005.55162620633,4494.1517897164,2009.57594114664,2005.48188535928,2013.87615290724,2024.09694018505,2012.30386149974,4540.23829780443,2003.03700673068,1992.64079484921,2017.49808882735,2015.88948228193,2013.56585744088,4423.08961440699,2012.02432435155,1995.77024713407,2016.50159294355,2010.13877958641,2002.6686638903,4476.56892221994,2014.56725723615,2004.87511150817,2010.06668414103,1990.04427809671,2004.34284955068,4656.66254523202,2006.92603366466,2026.48065241288,2011.85866799531,1985.38671765769,4205.5455003241,4382.10232191261,1987.78669224665,1977.26777713216,2002.64268021588,1965.70351431737,3604.62218277103
,66.5,4812.84313244737,4828.35840515363,2055.02793644371,2060.99384517776,2048.72471960176,2023.20755179508,4657.69245223529,4767.97821673395,2045.04838592538,2043.82937235898,2046.32206165609,2037.83176491533,4797.9522185812,4535.51668203751,2035.68979766186,2044.94420482208,2026.23088274962,2035.48085888329,4715.73565424551,4425.35388158236,2023.92389920766,2036.95538544037,2032.86905981358,2037.16086106633,4740.69101306959,4928.05506317981,2015.81008086248,2038.61188817555,2014.925939707,2037.54835549642,4488.37031363678,5175.22985807534,2013.87247382495,2008.50772895324,2015.54521957764,2030.3481061607,4673.70579517455,5039.19562181385,2017.2111100159,2011.20497688072,2028.30883436708,2121.98127119789,4444.68665416654,5019.00328772476,2002.84911972107,2014.25882547068,2008.95460767456,4084.16971860951,4551.34822623087,4860.88189380453,2009.506067301,2005.84651799652,2008.21596053621,2017.08535354606,4456.2155204168,4809.41367551361,2001.89660097594,2006.04526376129,2006.26730560751,2005.7099155372,4478.59575397414,2009.53259655149,2005.22759648531,2013.73943535722,2024.06858193301,2011.98466518003,4524.58367335055,2003.21077410519,1992.66027778172,2017.48895146387,2015.83790828389,2014.10762736165,4408.78081223358,2011.61113971361,1995.83175215188,2016.50550068782,2010.33744302603,2002.86501719673,4463.55729415968,2014.77030409614,2005.08615025162,2010.11062896708,1990.2994608333,2004.73657057838,4639.25256805949,2007.08592943341,2026.28480557957,2011.76855749416,1985.58162765429,4186.70175779673,4363.43116590825,1988.24140848584,1977.38482017726,2002.90815964833,1965.69327618242,3590.8218875504
,67,4793.92027467316,4811.31221324193,2055.3743414096,2060.8658277488,2049.25592314862,2023.6711952211,4644.14122694959,4756.24961220977,2045.51306896548,2043.93109311637,2046.59678673763,2038.07022548405,4783.60063881872,4524.78423571294,2035.49565848095,2044.82869670589,2026.34492024603,2035.13728211375,4699.59049023183,4414.54780830437,2024.16739502224,2037.04460139743,2032.86763230526,2037.00688964314,4714.19678805945,4904.44460833999,2015.78561063307,2038.53767572816,2015.50406274416,2037.64802208713,4476.99087025152,5151.0347231655,2013.95937843482,2008.44707585849,2015.33830751765,2030.57812517568,4661.17972898428,5012.05533080383,2017.46326321383,2011.55983502712,2028.43810831521,2119.87624666037,4427.41433111886,4992.0883940414,2002.85893982187,2014.27281137395,2008.9248864928,4061.82818920428,4534.13329469945,4837.67083726345,2009.7802107276,2006.28492728342,2008.67718608073,2017.65680862584,4438.6809451734,4783.03610728603,2002.10594080376,2006.46890257978,2006.65157842302,2005.86820486806,4463.03971823187,2009.48925195634,2004.97330761134,2013.6027178072,2024.04022368097,2011.66546886032,4508.92904889666,2003.3845414797,1992.67976071422,2017.47981410039,2015.78633428584,2014.64939728241,4394.47201006017,2011.19795507567,1995.8932571697,2016.5094084321,2010.53610646565,2003.06137050316,4450.54566609943,2014.97335095614,2005.29718899507,2010.15457379314,1990.55464356989,2005.13029160609,4621.84259088696,2007.24582520216,2026.08895874626,2011.678446993,1985.77653765089,4167.85801526936,4344.7600099039,1988.69612472502,1977.50186322235,2003.17363908077,1965.68303804746,3577.02159232978
,67.5,4774.9974168989,4794.26602133011,2055.7207463755,2060.73781031987,2049.78712669543,2024.1348386471,4630.59000166388,4744.52100768558,2045.97775200561,2044.03281387376,2046.87151181918,2038.30868605277,4769.24905905625,4514.05178938836,2035.30151930004,2044.71318858976,2026.45895774238,2034.79370534426,4683.44532621812,4403.74173502641,2024.41089083683,2037.13381735448,2032.86620479689,2036.85291822,4687.70256304939,4880.83415350023,2015.76114040367,2038.46346328078,2016.08218578132,2037.74768867784,4465.61142686628,5126.83958825571,2014.04628304465,2008.38642276375,2015.13139545767,2030.80814419068,4648.65366279399,4984.91503979374,2017.71541641173,2011.9146931735,2028.56738226336,2117.77122212282,4410.14200807121,4965.17350035805,2002.86875992265,2014.28679727724,2008.89516531106,4039.48665979907,4516.91836316811,4814.45978072245,2010.05435415421,2006.7233365703,2009.13841162522,2018.22826370562,4421.14636993004,4756.65853905841,2002.3152806316,2006.89254139828,2007.03585123853,2006.02649419893,4447.48368248956,2009.44590736121,2004.71901873739,2013.46600025715,2024.01186542891,2011.34627254062,4493.27442444271,2003.55830885424,1992.69924364677,2017.47067673689,2015.73476028781,2015.19116720319,4380.16320788679,2010.78477043776,1995.9547621875,2016.51331617635,2010.73476990523,2003.25772380961,4437.53403803909,2015.17639781616,2005.50822773852,2010.19851861918,1990.80982630646,2005.52401263379,4604.43261371441,2007.40572097091,2025.89311191294,2011.58833649183,1985.97144764749,4149.01427274194,4326.08885389947,1989.15084096425,1977.61890626743,2003.43911851325,1965.67279991247,3563.22129710916
,68,4756.07455912469,4777.2198294184,2056.06715134138,2060.60979289091,2050.31833024228,2024.59848207311,4617.03877637818,4732.7924031614,2046.44243504572,2044.13453463116,2047.14623690072,2038.54714662149,4754.89747929378,4503.31934306379,2035.10738011912,2044.59768047358,2026.57299523879,2034.45012857472,4667.30016220444,4392.93566174842,2024.65438665142,2037.22303331154,2032.86477728857,2036.69894679681,4661.20833803925,4857.22369866041,2015.73667017426,2038.38925083338,2016.66030881848,2037.84735526855,4454.23198348102,5102.64445334587,2014.13318765452,2008.32576966899,2014.92448339768,2031.03816320567,4636.12759660372,4957.77474878372,2017.96756960966,2012.26955131991,2028.69665621149,2115.6661975853,4392.86968502353,4938.25860667469,2002.87858002344,2014.30078318051,2008.86544412931,4017.14513039384,4499.7034316367,4791.24872418138,2010.32849758081,2007.1617458572,2009.59963716974,2018.7997187854,4403.61179468664,4730.28097083082,2002.52462045942,2007.31618021678,2007.42012405403,2006.18478352979,4431.92764674729,2009.40256276606,2004.46472986341,2013.32928270713,2023.98350717687,2011.02707622091,4477.61979998883,2003.73207622876,1992.71872657927,2017.46153937341,2015.68318628977,2015.73293712396,4365.85440571338,2010.37158579981,1996.01626720531,2016.51722392063,2010.93343334485,2003.45407711603,4424.52240997884,2015.37944467616,2005.71926648197,2010.24246344524,1991.06500904305,2005.9177336615,4587.02263654188,2007.56561673966,2025.69726507963,2011.49822599067,1986.16635764409,4130.17053021457,4307.41769789512,1989.60555720344,1977.73594931252,2003.70459794569,1965.66256177751,3549.42100188854
,68.5,4730.45617317263,4752.98923912921,2056.20760853901,2060.07270733243,2050.72446496052,2024.86789396851,4596.72003499258,4713.2348155766,2046.77282095218,2044.2289390023,2047.39162738332,2038.78864259983,4733.10392662112,4485.66267699142,2034.83106601135,2044.52364359725,2026.3959536191,2034.13877502185,4644.40455206453,4375.79835358537,2024.67853571165,2037.30285546938,2032.93032209363,2036.51222810049,4627.81002156461,4826.37356450631,2015.55060950741,2038.04911279713,2017.11673749685,2037.85948581388,4435.4380693457,5069.91922886818,2013.99205570571,2008.0972204453,2014.59183258217,2031.24980653388,4615.97290524006,4923.24424184541,2018.06830116683,2012.7355704196,2028.68696073965,2113.19589185435,4369.77745364533,4903.48887444292,2003.1183422317,2014.19715743085,2008.75261785933,3990.17976327785,4476.61001383362,4760.84686548381,2010.37094045207,2007.55400813724,2009.85973332951,2019.44419197904,4379.51674323671,4696.90543656783,2002.39038578301,2007.64436964645,2007.46455902923,2006.21577734838,4410.86563430147,2009.3835524473,2004.34813235823,2013.12052517632,2024.0056253634,2010.96016274567,4455.37005209211,2003.75555141063,1992.40557837226,2017.25266275706,2015.48407157964,2016.19463616983,4345.88029146607,2010.07301314275,1996.07029386748,2016.87905219755,2011.15644938432,2003.73125386157,4405.17783909081,2015.41498865354,2005.88723554229,2010.00647269436,1991.11135657582,2006.05539860641,4564.13703786659,2007.59525171714,2025.56811229301,2011.28095383559,1986.068501024,4108.78280961176,4285.21494233558,1989.99972026775,1977.9210926998,2003.75138884839,1965.75922672792,3534.03663858937
,69,4698.96717572532,4722.40593955959,2056.19250262384,2059.80326839262,2051.12403832652,2025.0488270043,4570.33902046185,4686.46064839748,2047.09999247026,2044.34536077746,2047.38082942359,2039.06050759219,4704.35281745086,4462.1275148933,2034.69093927368,2044.39541897569,2026.30045010696,2033.69307767161,4615.74714537121,4352.88555440838,2024.72193079382,2037.46046615894,2032.91411759765,2036.3300977238,4589.76208883372,4789.4162745134,2015.17917531588,2037.51432705892,2017.28609618696,2037.74237907149,4410.53418140464,5030.52251725813,2013.85193532486,2007.86149378927,2014.09869389307,2031.13134134083,4589.40575187329,4883.12952542503,2018.41435252854,2013.11746844907,2028.61854164909,2110.72303748444,4342.19899432253,4862.55208637346,2003.15817173096,2014.16970664975,2008.6335207691,3959.26054734875,4448.83714977082,4724.85439477613,2010.26528895904,2007.96525946284,2010.34292057131,2020.14802333992,4350.19043822369,4658.02812933095,2002.26845256047,2007.73513233873,2007.79827939674,2006.27687267895,4384.98566129272,2009.28075589768,2004.32445530899,2012.9964223591,2023.8783626073,2010.8318568422,4427.8476386201,2004.06202629642,1992.37730686869,2017.30161687624,2015.45242589233,2016.68280726396,4321.13363053353,2009.8605359616,1996.22933171792,2017.29562848908,2011.18395232166,2003.70760692215,4380.4106181666,2015.64943043959,2006.24314838701,2010.09735361729,1991.29497118456,2006.20502538544,4536.29684981617,2007.67967381693,2025.48420562726,2010.89650975514,1985.77672555317,4084.6870790612,4259.86139821741,1990.37338593746,1978.170392959,2003.84079373787,1965.9496170821,3516.75590237536
,69.5,4662.65263118774,4686.74399442161,2055.95370158391,2059.56855434716,2051.06903707356,2024.92387588244,4538.21054309322,4653.46741879937,2047.09368202115,2044.11771548186,2047.24068246929,2039.19198545159,4669.45841600084,4433.25342526478,2034.39985243544,2044.35228275522,2026.27764799248,2033.35842619364,4582.05422277362,4324.94738127709,2024.90024781802,2037.90528235634,2032.79832561465,2036.30329563642,4548.41377960349,4747.71879501975,2014.95027406821,2036.94383066454,2017.19205666216,2037.52168857978,4380.6442954765,4986.0454289086,2013.60481145497,2007.73473145859,2013.96924518799,2031.05704088617,4557.74405009271,4838.99712189959,2018.3524767835,2013.23778762575,2028.1905878136,2107.80433324263,4311.17143925979,4817.5597995629,2003.19522344579,2014.30365011852,2008.1475692337,3925.01704114371,4417.04651330138,4684.82636853518,2010.23439326405,2008.23495786734,2010.60544920068,2020.70204412761,4316.927198804,4615.12734956093,2002.09873284457,2007.66992811904,2008.06860570056,2006.467220313,4355.08692776167,2009.14303723139,2004.27690892966,2012.93085648631,2023.49564197605,2010.92601978335,4396.50844817447,2004.22904346442,1992.51356434543,2017.55122961662,2015.48647612866,2017.14385777579,4292.43205481817,2009.65753387,1996.27579771133,2017.51548468908,2010.84118849853,2003.4413117894,4351.3898509641,2016.00313097333,2006.55960108261,2010.27079362417,1991.48751961833,2006.39055576976,4504.4048394949,2007.68981472684,2025.5062854238,2010.75519376779,1985.54706305991,4058.57456114209,4231.8483928479,1990.50285456443,1978.40689857153,2003.59614795762,1965.87328585846,3497.77980944399
,70,4623.09969173511,4646.82601981494,2055.69107414822,2059.42367989792,2050.97240279421,2025.14821555282,4501.98441652243,4616.19439366693,2046.95241836472,2044.13646706747,2047.53667160831,2039.43465489709,4630.46434984554,4400.15008223783,2034.23797762602,2044.30124118783,2026.13242643027,2033.20431175939,4544.2469324146,4292.5256798482,2024.88870695998,2037.87204038779,2032.40368830331,2036.23833082941,4505.08015267288,4702.79336187087,2014.70388538311,2036.29154859881,2016.98466503967,2036.9815288723,4346.5797361221,4937.76908291086,2013.42168974449,2007.54955842137,2013.7247345528,2030.77895106016,4522.72103022006,4792.35268318167,2018.32875681204,2013.50017590583,2027.90327109717,2105.12791833528,4277.47066863764,4770.10786897298,2003.24387669068,2014.5210623524,2007.92687829919,3888.34185815014,4381.94000819674,4641.58985263015,2010.17608054916,2008.15021481501,2010.6537609998,2020.74271022987,4281.0064428501,4569.47539588788,2001.89192318211,2007.67655672303,2008.49798388343,2006.51879951001,4322.28556966859,2008.8827120526,2004.23306888273,2013.0331760051,2023.33334058998,2011.17609461494,4362.00107756359,2004.37166262825,1992.45062819845,2017.50883385464,2015.17058227769,2017.15337740341,4260.99457896506,2009.66358090546,1996.575042319,2017.76345332508,2010.58685563094,2003.32358110804,4318.94071775571,2016.23355484051,2006.85418145251,2010.57187137043,1991.54700493145,2006.3382155945,4469.14080734974,2007.72533037741,2025.65466478598,2010.62931807006,1985.37704837192,4030.74877617784,4201.24314817589,1990.13872982679,1978.53312851594,2003.16986087961,1965.71231261847,3477.13406653342
,70.5,4580.83729482013,4603.76010863184,2055.44648458434,2059.50811622443,2050.84044266599,2025.24934386115,4462.50676289302,4575.50298625261,2046.6747898432,2044.29913769925,2047.85559972918,2039.62547884342,4588.05895351794,4363.84695528376,2034.13394888359,2044.27714787544,2026.09483165505,2033.217401369,4503.11739145435,4256.67134106091,2024.6210309785,2037.57623477894,2031.90715131996,2036.15793991705,4461.39030364385,4655.65246139239,2014.49767191885,2035.6913228616,2016.69395022314,2036.55899338423,4309.42759734558,4886.87411402769,2013.22179642832,2007.2439152723,2013.61057668983,2030.34304478832,4484.88156749054,4743.78918049042,2018.15656939644,2013.53161704701,2027.7405330087,2102.56932555593,4241.85054454398,4721.06316572338,2003.33590522726,2014.61146324861,2007.54921565555,3849.57558153018,4344.35938403685,4596.18234432852,2009.9599613651,2007.95456831398,2010.41051303931,2020.44804923972,4243.30995888572,4522.33510846352,2001.61766984563,2007.45497074518,2008.36139058173,2006.28525765605,4287.26832957354,2008.65443688256,2004.58382049839,2013.12327867246,2023.36101283337,2011.41360382897,4325.53988151879,2004.32369480083,1992.54502143987,2017.25547731285,2014.85624836223,2016.75131310218,4227.46965174049,2009.77996859635,1996.57834842118,2017.84795296384,2010.41313898001,2003.2301735749,4283.92849254004,2016.21630756544,2006.78680891323,2010.86910348103,1991.55708585053,2006.27806831726,4431.2190623802,2007.58071216299,2025.63247725061,2010.52438182488,1985.15601805083,4001.60167543081,4168.53511891054,1989.80962375544,1978.35713018416,2002.69406289399,1965.50340594026,3455.026554968
,71,4536.74311822201,4558.9222251257,2055.39366140077,2060.03276300677,2050.76466577104,2025.6134708169,4420.88476121683,4532.52892967789,2046.46287162843,2044.4940626621,2048.19937117697,2040.05764038681,4543.43874296501,4325.02905135923,2034.07572436042,2043.90706867844,2026.16127206092,2033.0595235566,4460.06878710563,4218.37217041431,2024.47317910989,2037.12147441432,2031.36941194979,2035.93526352896,4417.49341883708,4606.91561862321,2014.43226702437,2035.40547058303,2016.23158718523,2036.16340837164,4270.89723162068,4834.85723719867,2013.22352955093,2007.17556079632,2013.51419781804,2030.13546407587,4445.44241309957,4693.87779244896,2017.98373985945,2013.37006489574,2027.42426897067,2100.13442821902,4204.89417688603,4671.14614613811,2003.14448301206,2014.61901926193,2007.2464883334,3809.92822964345,4305.21769836718,4549.35183028331,2009.87570416587,2007.6488118999,2010.1111029464,2020.02881297584,4204.87969363674,4474.30514782615,2001.44310682112,2007.17382269281,2008.48284526062,2006.17627590021,4250.349710622,2008.33859292643,2004.77142636875,2013.34060679986,2023.38740280947,2011.35678956575,4287.8182834309,2004.33492791534,1992.81652904617,2016.98081965982,2014.54912694339,2016.27443550955,4191.83806075003,2009.86329048512,1996.48021646053,2017.646998493,2010.49202447318,2003.03494611494,4247.28623096237,2016.25914689205,2006.72135667204,2011.31757647292,1991.85097786559,2006.30504527212,4391.5301270188,2007.53474590459,2025.66668120362,2010.52281145744,1985.01650545029,3971.10107604634,4134.40334319797,1989.46852298493,1978.33682830493,2002.37327072605,1965.04769796836,3431.9009471772
,71.5,4491.63289622818,4513.12261752775,2055.3235017664,2060.2163402256,2050.77859655194,2025.89437409899,4377.83444024711,4487.89322843609,2045.93465800907,2044.54094187331,2048.21555366263,2040.23117036618,4498.00913274211,4284.15680000258,2033.98582923021,2043.64539571971,2026.29863186599,2033.34001768274,4415.93576317185,4178.12393133167,2024.29978071058,2036.6484817549,2031.09472416098,2036.14773885585,4373.63036943107,4557.66946181265,2014.28022378995,2035.2969755121,2015.98169598776,2035.81783843246,4231.31258831943,4782.13520468328,2013.15128479554,2007.12668266316,2013.507876299,2029.99052625477,4404.68516387368,4643.33446676475,2017.61261254685,2013.19552419211,2027.10682785735,2097.56140243095,4167.19929577547,4620.88920773327,2003.1530567589,2014.63797334967,2006.8502291535,3770.06327528109,4264.78492619043,4501.9720636795,2009.90835498137,2007.06917283752,2009.61360801122,2019.59642408604,4166.342633618,4426.15936832938,2001.4681687906,2007.18156747261,2008.40667275562,2005.97356838004,4212.1678082151,2007.99580046352,2004.96857897801,2013.48644524622,2023.263226098,2011.25026905752,4249.13516751627,2004.10645691156,1992.81664065326,2016.59511733192,2014.06324708779,2015.76157426824,4155.14934437758,2009.79499373342,1996.25685339641,2017.50737192377,2010.54274681934,2002.96232993152,4209.23674251249,2016.09375711892,2006.45060921437,2011.42292009283,1991.87941328014,2006.0285636746,4350.49950461842,2007.46267799652,2025.78581150858,2010.62456110123,1984.83582140031,3939.81308539574,4099.51270328163,1989.21007348114,1978.22747574165,2001.97617067731,1964.48419178581,3408.2533465568
,72,4445.86804199602,4466.49014434584,2055.19649142696,2060.38478711151,2050.62518747857,2026.11004183411,4334.11767491147,4442.11633260665,2045.31919853776,2044.53609147656,2048.0322047,2040.25922518129,4452.46288922179,4242.33946274062,2033.90450505935,2043.35431324044,2026.25742377724,2033.51684634315,4371.51610801563,4136.53116504592,2024.09555529026,2036.15166026693,2030.96539195526,2036.32792126979,4330.24585453062,4508.45719375556,2014.19808717053,2035.18763624113,2015.88032768539,2035.70309027785,4191.25242368462,4729.1599135694,2013.17521472618,2007.27474291266,2013.36638294033,2029.8898713482,4362.90569314768,4592.80142465333,2017.47833155545,2013.13358851048,2026.83342429555,2095.09941169988,4129.11333283665,4570.91824603453,2003.19291384704,2014.57460056302,2006.70545700329,3730.28388225503,4224.03113229536,4454.28543776742,2009.64292897727,2006.47978270912,2009.06700246137,2019.03120147841,4127.44115236,4377.93669804054,2001.25842298961,2007.09319074832,2008.00361142268,2005.42112293224,4173.20752555533,2007.90063350459,2005.10921958578,2013.55960679829,2023.37901411149,2011.08394581568,4209.54214164419,2003.92931276873,1992.5650897802,2016.16771720607,2013.68054058155,2015.23950712495,4117.41304942702,2009.65591881552,1996.07237137925,2017.34832834287,2010.72117901812,2002.84608190673,4170.20549795337,2015.91684105774,2006.09512917424,2011.40004356671,1991.84040791577,2005.71243219787,4308.51016813027,2007.410179444,2025.78237465148,2010.76987218238,1984.67454856334,3907.70862656573,4064.59365443166,1988.97180914314,1977.93148798357,2001.82725350065,1964.01748262127,3384.0128223555
,72.5,4399.66308196993,4419.99275805139,2055.32898388042,2060.70966552614,2050.70210951715,2026.13849457665,4290.25245436561,4395.7245678663,2045.06010916868,2044.44501799768,2047.83317892211,2040.36941308035,4406.32613187422,4199.57355509747,2033.74002036019,2042.76397591938,2025.92376674037,2033.36588524052,4327.01345155394,4094.56857120157,2023.77654141128,2035.80496430622,2030.85308560323,2036.22878365891,4287.35400835835,4459.3263670337,2014.11193796067,2035.38854494066,2015.79438089345,2035.99390674155,4151.1866501878,4676.46178913646,2013.07495721925,2007.19793870194,2013.25335317066,2029.91155176836,4320.6323816131,4542.44666543365,2017.24923952466,2012.83890484596,2026.70710663166,2092.55433216527,4091.03529968869,4521.16702119348,2003.37620117637,2014.46970660009,2006.37081326059,3690.54868239387,4183.52024320428,4406.9178800598,2009.54308512697,2006.10842273037,2008.77346797981,2018.80424077041,4088.72472527826,4330.30671249285,2001.01758830027,2006.99838451616,2007.6056221176,2005.16878055364,4133.88590782795,2007.76067420153,2004.99679874493,2013.45355611934,2023.0421345364,2010.7257087262,4169.90828004361,2003.91934475448,1992.47403948186,2016.07283407382,2013.58301822375,2015.03117692542,4079.24616145042,2009.3119928185,1995.56951271941,2017.21998068288,2010.87540468274,2002.4449620159,4130.74242937416,2015.66220807819,2005.75619384082,2011.28024993714,1991.99396436184,2005.43361354264,4266.4111943596,2007.05210606882,2025.73200999873,2010.78899970713,1984.22060414615,3874.54901741503,4030.54100155602,1989.20773799891,1977.84805300635,2001.98080943741,1963.63544008202,3359.45611203696
,73,4353.36362111612,4373.65554629832,2055.28159133153,2060.97649621267,2050.53339548481,2026.04355709732,4246.32681619136,4349.41306383165,2044.89977172751,2044.09571422957,2047.52136397441,2040.27274772648,4360.67410354143,4156.64235640079,2033.73267985442,2042.39883751404,2025.59347763754,2033.33784628238,4283.19368265821,4052.68346610616,2023.73633808824,2035.79877346885,2031.10531189837,2036.35474493337,4244.518361437,4410.51522543338,2013.98613137748,2035.80959153128,2015.71663467596,2036.39660692757,4111.55108497745,4624.40858626204,2012.92656949235,2007.23905836122,2013.05447801804,2030.01335736886,4278.40601570565,4492.49054127532,2017.04211864955,2012.53442946446,2026.42799717021,2090.03333531664,4053.23151876141,4471.80125751944,2003.34377867043,2014.39969858863,2006.15207292354,3651.41177387903,4143.17664422015,4360.05865772644,2009.48892881736,2005.68188969514,2008.7485746778,2018.62785219431,4050.34119087753,4282.63991241615,2000.98026207066,2006.92417292041,2007.53987793364,2005.18769052578,4094.52017180505,2007.77359382483,2004.72701203389,2013.50548476822,2022.66381692908,2010.53420455938,4130.05130556283,2003.72329810547,1992.24123926295,2016.25083344935,2013.60820498171,2015.10351998058,4040.67984897819,2008.92272741895,1995.21899714989,2017.06020258477,2010.88163430635,2002.07661009063,4091.24184281063,2015.4115793054,2005.54524525235,2011.0757868956,1992.20930674118,2005.19405003313,4224.36204043789,2006.86064862327,2025.65991237642,2010.67408406862,1983.92146611456,3840.60633753417,3997.33526894312,1989.4564291442,1978.06411274724,2002.33710186356,1963.55222508192,3334.58202120654
,73.5,4307.31364866727,4327.47129140335,2055.03758835593,2060.96779978962,2050.37147498403,2025.63843941317,4202.6298876708,4303.37748815527,2044.57476940523,2043.69672856213,2047.23770740753,2039.87623101695,4315.51477080747,4113.9123057605,2033.70995244732,2042.19060988883,2025.28722725812,2033.15284134842,4239.68649802575,4010.5954871039,2023.45491050296,2035.70955154452,2031.2399487662,2036.51595803348,4202.16693772824,4362.24719619715,2013.8912184425,2036.17041706819,2015.97021967026,2036.87464901905,4071.94670751417,4572.33387240206,2012.72243206783,2007.28469374892,2013.11876997692,2029.83285710838,4236.34310298301,4442.90187401523,2016.74176710103,2012.34439279336,2026.30084239693,2087.47208589286,4015.87727229494,4422.99695820338,2003.52073531689,2014.57552810685,2005.99926243343,3613.14678261451,4103.1669064398,4313.63318182513,2009.20116392119,2005.45403201466,2008.63268576928,2018.57125105208,4012.06373265614,4235.1771322676,2000.85694071147,2006.70660395913,2007.23380144003,2005.08991750212,4055.48596749498,2007.9069151767,2004.65256737986,2013.44306911507,2022.39596749498,2010.46936744856,4090.15193750077,2003.43497823033,1991.87029484488,2016.56775524533,2013.77398708589,2015.30209200526,4002.38566931077,2008.50662412942,1995.12557210856,2017.01887603583,2010.68038149196,2001.9453368833,4051.55796168183,2015.06302313995,2005.09171576049,2010.674920339,1992.09592476197,2004.88396262742,4182.51775258234,2006.67533487195,2025.58292001956,2010.681991713,1983.96704907907,3806.58075155431,3964.71067627492,1989.56479976271,1978.02459703061,2002.62156937209,1963.54460601565,3308.92495408781
,74,4261.78567739145,4281.3903718965,2055.04066884222,2061.09500518587,2050.10137059591,2025.32512088055,4159.0818649846,4257.84775619669,2044.58634362879,2043.39394875868,2047.33653196542,2039.58807130397,4270.4646752569,4071.46401219897,2033.46653317505,2041.98895475077,2024.74800153327,2032.57069822457,4196.62262671775,3968.77528269162,2023.15463524129,2035.38999331524,2031.16175717811,2035.88768973086,4160.32489462598,4314.24663824148,2014.03155973902,2036.52838827738,2016.06382727281,2037.23207131546,4032.54632370579,4520.43782996066,2012.68685426871,2007.21638170542,2013.1977837256,2029.77749220888,4194.6712409453,4393.72515144202,2016.47365516684,2012.0608597579,2026.12628216389,2085.04848827387,3978.61031150191,4374.41085005033,2003.46690221697,2014.69042538656,2006.0414262986,3574.98236319896,4063.67771708725,4267.26193641537,2008.79303953199,2005.35806359555,2008.54319297675,2018.42790657132,3973.71563364709,4188.00963165316,2000.38553590776,2006.38617027625,2006.90864856665,2005.00258120042,4016.72466217058,2008.01566690861,2004.33998045158,2013.27270647538,2022.32171990095,2010.53480708699,4050.35989297908,2003.29544447114,1991.63735073117,2016.95349504144,2014.00634878794,2015.39979448955,3964.09604611417,2008.52998725533,1995.16236053623,2016.71354116993,2010.46699789227,2001.78830675928,4012.21083494353,2014.83155119684,2004.73421069079,2010.29467281953,1991.96474477817,2004.70190279345,4141.06538769673,2006.29278411821,2025.29960337747,2010.51079943359,1984.09818318985,3771.95986083668,3932.51498131995,1989.65451348201,1978.04177864899,2002.78731436316,1963.38741091051,3282.74213205774
,74.5,4216.62282480696,4235.61438923932,2054.9406238415,2060.91958963545,2049.93855778069,2024.87879436691,4115.92220983992,4212.87097430056,2044.549339715,2043.09333583787,2047.33636278494,2039.17111358229,4225.78658657235,4029.17554753962,2033.40878104269,2041.83395991378,2024.7332360236,2032.2992720931,4153.60833525823,3927.3265010345,2022.8248259787,2034.9172696597,2031.00011777423,2035.28128194199,4118.63367504727,4266.73040429309,2014.11085431832,2037.09164178564,2016.07968071331,2037.45951102184,3993.43600855889,4469.08219043391,2012.70908786525,2007.04776359498,2013.39272059816,2029.85231616503,4153.53796578483,4344.68582696207,2016.04461854816,2011.62270330891,2026.09088461104,2082.56241645313,3941.7174257789,4325.97646230847,2003.11274992471,2014.5398877579,2005.86535145219,3537.20870771205,4024.35263991686,4221.32923018618,2008.60957357117,2005.34205242806,2008.54798151973,2018.34186025594,3935.79456272735,4141.53556669404,2000.10103158813,2006.25816647567,2006.78199702742,2005.10563319489,3978.31560623489,2007.90562801232,2004.126125719,2013.0066955848,2022.1086033312,2010.50530778995,4010.84431765088,2003.11368305172,1991.6629065893,2017.59082420037,2014.26527689,2015.59296518717,3926.14730831771,2008.49306958202,1995.16085960524,2016.42499542444,2010.22836848688,2001.82850862903,3973.14382433663,2014.4239388335,2004.41802988917,2009.95515864335,1991.94453957756,2004.69454573003,4100.06087977264,2005.87600554517,2025.05185662835,2010.19911126802,1984.26222416123,3737.234420021,3899.51154733192,1989.71888323158,1978.15582335237,2002.79789725896,1963.3327108876,3256.20627510691
,75,4171.85933306266,4189.91784630652,2054.63998285525,2060.53888764473,2049.66800035756,2024.37850756704,4072.94343602372,4168.27101159952,2044.38554514715,2042.65316795398,2047.10959489376,2038.61616476392,4181.82640383221,3987.53469539915,2033.32300018234,2042.16637951614,2025.08476009706,2032.13878872478,4110.87465833931,3886.13950254664,2022.56098258303,2034.64456950099,2030.88101104767,2035.00604070249,4077.19527469354,4219.73155173196,2014.26314758984,2037.38008187617,2016.02438333097,2037.43000792214,3954.44614873165,4418.24973213119,2012.97606384587,2007.20621344754,2013.64524890847,2029.97735682671,4112.46576448192,4295.85626058649,2015.51930824113,2011.30855746666,2025.92798652356,2079.91434645181,3905.09029891721,4277.74123435967,2002.44979119383,2014.23947112261,2005.68368148054,3499.87672679877,3985.07095020592,4175.70454823731,2008.25615030068,2005.22088298633,2008.36824207721,2018.06309927159,3897.94081792473,4095.36324563223,1999.94792320719,2006.1423087661,2006.52369463124,2005.06891999199,3939.99053574859,2007.91725618197,2004.00512258861,2012.84372276254,2022.16510059206,2010.61033282599,3971.32996999413,2002.76626715673,1991.80422718342,2018.03256742248,2014.4928596952,2015.46537554157,3888.07024584051,2008.50012393814,1995.21471906878,2016.0042306631,2009.8725562637,2002.00591231245,3934.21459147103,2014.22710336621,2004.14500573699,2009.77161125911,1991.80475454161,2004.73896823313,4058.92130909412,2005.80220209524,2024.79455338968,2010.16294365739,1984.71902423622,3702.80681095606,3865.5116279382,1989.49962978988,1978.04966436035,2002.6494607969,1963.20461053473,3229.46041386995
,75.5,4127.81602708225,4144.58277046373,2054.31687792803,2059.93564895794,2049.50390588323,2023.96173868621,4030.56451209741,4123.95775566714,2044.32164217942,2042.30087921868,2046.85911595703,2038.13493133172,4137.92742747943,3946.0599940228,2033.02718661832,2042.09402499597,2025.30267545985,2031.93011978952,4068.24875795997,3845.40010703717,2022.1664465352,2034.2401825983,2030.45230880493,2034.65151531876,4036.13862713323,4172.99657479505,2014.30267243476,2037.28050420549,2015.85210096217,2037.09331816593,3915.70292039881,4367.34033539142,2013.28762733447,2007.3667154514,2013.92975265493,2030.07758110879,4071.68987611525,4247.40357486676,2015.0421457295,2011.12788871316,2025.89613978779,2077.37934861027,3868.50619334765,4229.88743981206,2001.90537615289,2013.89554049258,2005.5247094312,3462.85992855992,3946.06404472919,4130.08754402934,2008.02138486119,2005.24322917168,2008.12647234637,2017.93954331466,3860.15320990781,4049.89392651451,1999.62391549584,2005.9999506948,2006.04672861945,2004.83231086821,3901.8112171007,2007.66410445954,2003.86069184739,2012.31013312025,2022.06825376854,2010.46573713006,3932.16282996312,2002.59061558324,1992.08702814301,2018.24306924128,2014.67992068387,2015.42600112838,3850.10815821577,2008.46864611042,1995.22589959049,2015.52758645143,2009.62227427204,2002.0539220711,3895.44328578294,2014.41308421963,2003.84362364039,2009.92824520108,1991.64715137594,2004.92879779596,4017.98571281856,2005.44318562138,2024.45594946457,2010.22658439783,1984.97813281627,3668.39494296041,3830.58434663158,1989.38232826936,1977.79572748368,2002.4641951351,1963.01313940469,3202.67798700471
,76,4083.97214849982,4099.51183180967,2054.12540827553,2059.4240717096,2049.07134454813,2023.47310084404,3988.36176178911,4079.75013977647,2044.22814051392,2041.79027647611,2046.44804445807,2037.58396034912,4094.39917966763,3904.97336508065,2032.71130376121,2042.25576564435,2025.41685075951,2031.97018507651,4025.8513464735,3805.38686510415,2022.05753051119,2034.20034242878,2030.1041263812,2034.47484398293,3995.17230438777,4125.9352974395,2014.16806178311,2036.8585472476,2015.3428281932,2036.57323677579,3876.87219672727,4316.45720372608,2013.50459070729,2007.2775287307,2013.68120496873,2030.17016634526,4031.07295176067,4199.07533619525,2014.63646323547,2011.14502200842,2025.89630820727,2075.18826396142,3831.76666436104,4181.89625937274,2001.19080703633,2013.44135366666,2005.25338155512,3425.75756552555,3907.03608268407,4084.48455050309,2007.98802992042,2005.08059870524,2008.04800521968,2017.80294282983,3822.33242121981,4004.78030875144,1999.53298585034,2006.1404754884,2005.72831830744,2004.70230164743,3863.56866270485,2007.2949044261,2003.5475801343,2011.79625112181,2021.71541628343,2010.1786683356,3893.25574049656,2002.58328487917,1992.47322115198,2018.27771130926,2014.83531286126,2015.27389839942,3812.33534466428,2008.48491978068,1995.02751918699,2014.97247967761,2009.43348686808,2001.92280801721,3856.94276135074,2014.80088474172,2003.87059956224,2010.23510306135,1991.76717451092,2005.24368563998,3976.98351767684,2005.00963352324,2024.02021002037,2010.16018867924,1984.70795098401,3633.70915993364,3795.05281042285,1989.66980019453,1977.75733713993,2002.41441177546,1963.02850758215,3176.39731050219
,76.5,4039.63257915219,4054.26842452858,2053.50765945974,2058.6656588551,2048.40588538795,2022.71239483155,3946.25218965935,4035.12960260439,2043.92741046819,2041.22656417087,2045.85987195641,2036.84930252488,4050.86626769014,3863.86194056944,2032.66450540009,2042.40873333307,2025.8755754822,2032.23275412033,3982.92116320705,3765.47814995788,2021.93195829601,2034.3311893378,2029.82180285224,2034.86727083377,3953.77689921302,4078.45238832107,2013.95963842437,2036.3022965598,2014.96670640611,2036.24584151145,3837.77994894096,4265.05419835807,2013.66831236436,2007.430779848,2013.38609374694,2030.227694501,3990.14466226139,4150.18018132316,2014.30375903404,2011.19306162613,2025.92629959367,2072.98283601624,3794.9227890946,4133.75034373743,2000.70440328213,2013.05896612951,2004.77935627091,3389.24215155033,3867.59540135409,4038.63730389332,2008.15681519199,2005.13840054483,2008.03627279774,2017.64397993298,3784.25816492423,3959.30431030793,1999.72738310214,2006.08636148206,2005.43032288883,2004.65480218057,3825.22327096236,2006.92162462591,2003.40033955324,2011.61216548444,2021.45407929322,2009.95091282849,3853.93925194108,2002.45813658367,1992.71731390115,2018.18541855711,2014.91239637536,2015.24003522262,3774.35946097469,2008.23029755472,1994.90222478416,2014.80230592271,2009.42641811045,2001.81655305949,3818.11099262314,2015.01210133541,2003.83862229219,2010.47852362541,1991.82918025843,2005.5379908667,3935.7564280307,2004.90892154041,2023.90622571442,2010.3805871409,1984.50287230084,3599.32040936549,3758.09179361094,1989.81952021213,1977.52176869723,2002.49460356822,1963.04164141054,3149.76130960646
,77,3994.53284990185,4008.36527557615,2053.12977428209,2058.0917829057,2047.83829224344,2022.07729696191,3903.11023890146,3989.61391427582,2043.84841843932,2040.85926022611,2045.55238626312,2036.3900286524,4006.07711605149,3822.14150489506,2032.50028177076,2042.3094127968,2025.67607622006,2032.34347192228,3939.2507988886,3725.29252872124,2021.79389000459,2034.67257565635,2029.57426566861,2035.24888227293,3911.48236764936,4029.54000991454,2013.74846382676,2035.74116779951,2014.6344241053,2036.14661435777,3797.56648342914,4211.88204588059,2013.72255178804,2007.5179310848,2012.99726834897,2030.0809316558,3948.17512114046,4100.04325369782,2014.17319821402,2011.27281483649,2025.88412638584,2071.05150035943,3757.11695646012,4084.13321810038,2000.53981388738,2013.00623254109,2004.52132004864,3352.86613726088,3826.9967483615,3991.31914649966,2008.29994863205,2005.2257807213,2008.16388662526,2017.84418670304,3745.12156960853,3912.35713372424,2000.04986115237,2005.98899003277,2005.08774486397,2004.66893554266,3785.92015945449,2006.65340871651,2003.12765071251,2011.51922843953,2021.23561236677,2009.68220765495,3813.62691650431,2002.35737390518,1992.84891699592,2017.7162937488,2014.82833893821,2015.04848044607,3735.4586006785,2008.08147389828,1994.87835833322,2014.72168273769,2009.36976528829,2001.62607998004,3778.30546030453,2015.2497159358,2003.87483898219,2010.71053801198,1991.81375798733,2005.64067967103,3893.41912617691,2004.97114795391,2023.95571568661,2010.62276582934,1984.28224989476,3564.36665667517,3720.00483028437,1989.96087453553,1977.17442945751,2002.52324850829,1962.74948820868,3122.7768644825
,77.5,3947.42399519036,3960.38999166208,2052.70435682257,2057.38329561204,2047.41270693247,2021.57698808652,3857.55055294254,3941.82857664096,2043.53735904742,2040.75343099874,2045.55045580338,2035.94454948501,3958.7950842294,3778.64400826487,2032.32988436866,2041.96042916017,2025.26340294458,2032.37199512827,3893.33827140975,3683.57896538832,2021.8572603093,2034.79812662134,2029.50925636619,2035.44299982902,3866.79404203686,3976.87395323723,2013.52229117831,2035.13951796995,2014.33862404528,2036.14754200393,3754.92597164044,4154.39461589173,2013.4565139994,2007.42124782224,2012.59244202746,2029.84053707001,3903.95845737629,4046.37906925865,2014.28775154028,2011.27080414932,2025.95509699387,2069.58893002086,3716.89047897562,4031.14058120854,2000.6326678074,2013.31201410655,2004.41671030092,3316.62276056501,3784.08658990139,3940.60073206769,2008.33256492932,2005.44097876092,2008.31826238149,2018.09081307962,3703.74567828245,3861.8989084049,2000.14383110131,2005.62480440687,2004.82170745737,2004.51047305196,3744.42346224544,2006.38434139937,2003.05985222711,2011.5413413334,2021.09399613834,2009.52774854432,3770.83262926033,2002.17806288778,1992.67041219757,2017.25437083855,2014.89863635602,2014.99018058977,3694.45084107467,2008.15047798171,1995.04748682298,2014.98377004665,2009.4957340284,2001.68605688873,3736.01789843756,2015.23920462267,2003.79598126497,2010.60420893611,1991.72521792478,2005.63811876775,3848.68603050214,2004.9541523809,2024.19514471004,2010.85130409506,1983.93311324886,3527.57523623438,3679.11050785533,1990.0922044029,1977.02196689567,2002.60401939123,1962.39693998895,3094.64078374422
,78,3895.3432937814,3907.7495243945,2052.47417023465,2056.81879103707,2047.07703580947,2020.90114833778,3807.04233894801,3889.16424396359,2043.01339099561,2040.69562257136,2045.63389842495,2035.39311821883,3906.44336840821,3731.53143807071,2032.25740001356,2041.99844228443,2024.89743398705,2032.36229028905,3842.16680453092,3637.81334640179,2021.94310373341,2034.89271110275,2029.58000784921,2035.54418127145,3817.13664232777,3917.43754794097,2013.37328224484,2034.73869293739,2014.16971110159,2036.44509037292,3707.09250706263,4089.4122340171,2013.15720269681,2007.23798922418,2012.21559032949,2029.67988608502,3854.5881273286,3985.24897235496,2014.42945469188,2011.1889711122,2025.87220556261,2068.26608572989,3671.65357664242,3970.87228103176,2000.58325118518,2013.55838454001,2004.10567918208,3279.24013302026,3736.18097849274,3883.12619684405,2008.31285518253,2005.69222355678,2008.48867165099,2018.39810926603,3657.57222450202,3804.69587851177,2000.26512897921,2005.46576344366,2004.94334274428,2004.50551602714,3697.96462573858,2006.25671295445,2002.8164653812,2011.71188670197,2021.10767206262,2009.37080391013,3722.69313511068,2001.96104725652,1992.48068731559,2016.86560129459,2014.85503135734,2014.71596814819,3648.96692019808,2008.01126247582,1995.13905343692,2015.18825624232,2009.47869058458,2001.68346661108,3688.76371354799,2014.89423676544,2003.90548834769,2010.11066626819,1991.44999256797,2005.26793422849,3798.46471965841,2005.08897319111,2024.50754043081,2010.95339579543,1983.54950844827,3486.88289543612,3633.11701839327,1989.8999565919,1976.84575672102,2002.51704600763,1961.8857473577,3063.9098200868
,78.5,3834.15992259319,3846.38246875632,2052.14895076251,2056.27101861109,2047.23403147362,2020.77863514767,3747.41601649983,3827.4825901248,2042.88363313348,2041.01996281163,2045.73383810218,2035.19328687788,3844.17715619146,3676.42248254871,2032.15673600747,2041.76829223545,2024.5203219261,2032.45741536146,3781.19971865005,3584.30110925832,2021.92477808636,2034.7045629944,2029.71636650218,2035.39355976266,3758.24064719165,3846.5142835819,2013.4642474874,2034.67930895373,2014.26078862277,2036.94202436381,3650.3932823022,4011.32470113939,2012.85800967566,2007.27559990311,2012.22718056991,2029.758064405,3795.79216099353,3911.56278770529,2014.65652223464,2010.58855118934,2025.72602835537,2066.74194364688,3617.59156026994,3897.90554382101,2000.47957675454,2013.54263873251,2003.61037314873,3239.04062718364,3679.04320807252,3813.7944466421,2008.29224954262,2005.8917350681,2008.56612766515,2018.56631886301,3602.53047013348,3736.20300564817,2000.33087668129,2005.23913088775,2005.19051810632,2004.47832542161,3642.70496088924,2006.2679398831,2002.75467726615,2012.06122657422,2021.34849805915,2009.34772668624,3664.83351784994,2001.56461738145,1992.1739791342,2016.55040740629,2014.72539620235,2014.43842654729,3594.65782822529,2008.03265473803,1995.23526400625,2015.42503859127,2009.45724065133,2001.73999511259,3632.24068589866,2014.2967310797,2003.87566726777,2009.46343505293,1990.83383605452,2004.64293404151,3738.61333781482,2005.4362987505,2024.90593942038,2011.01706549917,1983.42997712679,3439.0869771628,3577.5931447386,1989.20431023806,1976.57744002339,2002.17757106374,1961.05555365124,3027.5762219035
,79,3756.7844698399,3769.39864877611,2052.18350864978,2056.14129926714,2047.74427490657,2021.01462504695,3671.47716488759,3749.73499316783,2042.83200536671,2041.49526139113,2045.98041557614,2035.44189537203,3764.86519242126,3606.94367254772,2031.82065135949,2041.17511438706,2023.65521144091,2032.33419674708,3703.57668453054,3517.13246104209,2021.71070202938,2034.43174108213,2029.77118245108,2034.9141801697,3683.25134897684,3755.68762493686,2013.4221220182,2034.74442960307,2014.34204713781,2037.34861912931,3577.80487995838,3911.29395838731,2012.37363459817,2007.08397974589,2012.03148303569,2029.62118884751,3720.53030047794,3817.42302033671,2014.77106337676,2010.0520716838,2025.60922053388,2065.18298482945,3547.77340253023,3804.04415368541,2000.19614814421,2013.33158831085,2002.86093513121,3191.91467277553,3605.75449156979,3724.75001200843,2007.90515862839,2005.78591743022,2008.43098992066,2018.66601061141,3531.91227148676,3649.13619462856,2000.23237166309,2005.28493085708,2005.53838239602,2004.38695409836,3571.60970821404,2006.43345328631,2002.62510680414,2012.12938542961,2021.51704721533,2009.16268975629,3591.19018921706,2001.26268385872,1992.02731348748,2016.0764021707,2014.55537137395,2014.00383233434,3524.96223910597,2008.07696357786,1995.07643965577,2015.47305827713,2009.32120042133,2002.04677229862,3559.86118085019,2013.88173726889,2003.91652707064,2009.10505135738,1990.29594194208,2003.97419874792,3662.24556780884,2005.56534711544,2025.00878677189,2010.89106925948,1983.27372829965,3378.07274144532,3506.81475067802,1988.63370725282,1976.49678176124,2001.73183202533,1960.3835599966,2981.73280930408
,79.5,3653.95951678182,3667.71949924093,2052.26992692998,2056.09636055636,2048.23865308822,2021.30482685139,3570.93580094699,3646.96988728162,2042.72955950117,2041.88873131754,2046.13985590459,2035.61764684913,3660.33827212096,3514.45270549132,2031.35672137487,2040.89459677422,2022.97581175648,2031.89790032183,3600.47672416488,3427.63492404311,2021.50415575508,2033.89964505785,2029.79397304766,2034.39741306009,3583.65426542522,3635.66047977463,2013.28918624555,2034.52505629705,2014.44183173602,2037.35276181443,3481.16660247472,3779.28287658358,2011.58591258455,2006.74313439361,2011.76599424709,2029.46943540958,3620.34700472533,3692.88605845646,2014.74986749469,2009.77819257831,2025.41524526337,2063.62967239101,3454.56740681292,3679.97084038888,1999.90724854145,2013.01818261231,2001.98644614958,3131.24941165154,3508.58273807806,3607.20794374025,2007.47408620927,2005.48648241639,2008.04037959186,2018.3229892104,3437.96852129495,3535.03330473108,2000.01171935084,2005.08387123478,2006.01462533916,2004.26892951781,3476.87000466942,2006.33188571397,2002.51914753985,2012.16158149962,2021.79711393863,2009.19241258429,3493.45787089945,2001.12589393085,1991.77582906696,2015.68554800616,2014.37690357181,2013.49214998043,3432.34204330417,2008.18335407732,1994.92712466805,2015.3657840972,2009.20145988067,2002.17317074416,3463.74440492433,2013.69183880137,2003.92600989537,2008.65235380461,1989.69522267273,2003.280757304,3560.93937317219,2005.34815201295,2024.82811335715,2010.62936749118,1983.01424709581,3296.82977830349,3413.02527085601,1988.20434573209,1976.50633574298,2001.50922556494,1960.02781421207,2920.18611240484
,80,3517.56427999334,3533.58700869546,2052.25177089548,2056.11455808039,2048.37395800214,2021.48703147859,3438.43935429067,3511.46973447906,2042.64914061411,2041.80201283903,2045.7882767087,2035.70052381664,3523.08501836059,3391.49623056269,2030.92949331134,2040.60946326101,2022.69721058305,2031.95369148902,3464.68501779751,3309.01658984407,2021.1379190477,2033.60172529881,2029.84735536618,2034.11247299959,3451.86912942338,3480.05739563327,2013.08084003595,2034.35033066696,2014.55568962404,2037.33838199703,3353.8514331551,3608.17097542295,2010.90745806462,2006.39906159793,2011.5207656341,2029.24350731473,3487.9910801754,3530.8592884795,2014.53506838905,2009.62146855993,2024.97538846999,2061.97371248091,3331.36784725414,3518.07797591642,1999.54779935604,2012.40341219943,2001.02446096627,3048.69381658635,3380.24798657028,3454.27789110768,2007.07822553498,2005.00908756048,2007.61632382588,2017.94701414754,3313.71805433401,3387.66508228325,1999.84824510267,2005.19351830376,2006.55818119988,2004.38757848775,3351.69950071294,2006.19565436711,2002.09826973197,2012.08184706601,2021.93875396191,2009.05839362184,3364.90194412276,2001.25176625339,1991.58395738561,2015.36913903307,2013.82113680395,2013.00783358442,3310.16356064121,2007.96961006426,1994.67526904991,2015.07292646369,2009.09440000263,2001.90352866005,3337.32962751376,2013.62981641485,2004.01664036094,2008.51815990856,1989.16484270672,2002.72902631892,3427.79233150114,2005.06346375046,2024.39921548616,2010.31965590113,1982.80515320638,3189.65960619355,3289.70753039121,1987.82754550128,1976.26913703234,2001.14299477456,1959.79838206355,2837.75296848597
,80.5,3344.18697322384,3362.95985849565,2052.01969086836,2056.32549494489,2048.47552122525,2021.87021744785,3270.56373556563,3339.67444586714,2042.78938361493,2041.78199522502,2045.54508327122,2036.10628874263,3350.06031265598,3233.66996652466,2030.40123504464,2040.27964786282,2022.50880703824,2032.08013362927,3293.1968341578,3157.62317227003,2020.82845233667,2033.24652240691,2029.91522648462,2033.86340310545,3284.26824793868,3286.59920060648,2012.73944032335,2034.03059576655,2014.74916166551,2037.08320271122,3192.86142403874,3396.0968600973,2010.41630145514,2006.25223137117,2011.42446367481,2028.9667896877,3319.66442932063,3329.65613186671,2014.35274199923,2009.50243808682,2024.80828502146,2060.16730256236,3175.32505173386,3317.12202318434,1999.42931940382,2011.88372096589,2000.32472176372,2938.82885891928,3217.77237226991,3264.56740630259,2006.55700478507,2004.4869995535,2007.229836577,2017.48065138763,3156.33796944397,3205.46125331337,1999.69784326514,2005.09042195029,2006.64798848974,2004.4343673436,3193.05436684611,2006.0245122954,2001.88653663787,2012.1602256837,2022.0826441889,2009.00680868599,3202.84045950591,2001.37014818395,1991.19653780362,2015.14134715304,2013.42606974735,2012.64948099748,3155.11954011009,2007.96008812016,1994.47590936779,2014.93827452333,2009.17000585836,2001.70379789246,3177.36438960425,2013.68414981424,2004.0438901919,2008.56453272528,1988.87161666095,2002.47548401497,3259.70514097481,2004.79314438069,2023.93045158496,2010.13291632132,1982.70267896468,3053.6486385378,3133.75072452117,1987.70369331916,1976.0841939085,2000.98331390346,1959.39391022719,2731.61226471593
,81,3137.49640355253,3158.44266221016,2051.70200917028,2056.5979635455,2048.23717963954,2021.68770014737,3071.08394551318,3134.48360012244,2042.42717258641,2041.4132457369,2045.30870886998,2036.06225591208,3145.00490805163,3043.82785209883,2029.97374596215,2040.2214154138,2022.55966878031,2032.07735942377,3089.92629679214,2975.84662295117,2020.56900769462,2033.00673684243,2029.89048933708,2033.71870808481,3084.03642625503,3061.84773337129,2012.1140557541,2033.57782382219,2014.77656232946,2036.688535501,3001.23696147851,3150.48614677573,2010.08266756334,2005.82893836685,2011.14384143031,2028.57066105701,3118.36699263623,3096.48081956373,2014.05601724711,2009.88506841829,2024.69564283561,2058.67243026887,2989.30105639453,3084.89169711481,1999.68812184541,2011.79808595952,2000.01077486376,2801.52015751154,3024.54075525686,3044.46543054373,2005.98248799612,2004.26280241628,2006.99821238078,2017.18127548436,2969.52987289863,2994.58419824681,1999.41959773319,2004.84294741755,2006.47283924085,2004.36781112786,3003.81375517566,2005.70959426382,2001.52314785774,2011.84716671337,2022.01598029998,2009.08241659406,3010.97143755588,2001.66903919501,1990.92379067136,2014.76520147753,2013.01367832066,2012.36036381998,2970.44551512829,2007.5870608662,1994.31833184856,2014.83674608013,2009.21726775209,2001.48287728394,2987.30195058523,2013.74344511412,2004.13792565024,2008.86176565142,1988.81527221132,2002.48497405125,3059.75063764268,2004.30617636264,2023.31128470409,2009.93989171565,1982.61385439905,2890.31577713002,2948.36912036379,1987.87582414276,1975.82347704117,2000.89371604534,1959.00978252715,2604.07753479146
,81.5,2911.88059203078,2933.61639396983,2051.19043590381,2056.62179351614,2047.8911917183,2021.26305070945,2854.28738127856,2910.25743028325,2042.06266205343,2041.02155574789,2045.01336144297,2035.6611397272,2922.21077200835,2834.38676835635,2029.71659172243,2040.64117708369,2023.1021443681,2032.04426074092,2869.37129920759,2775.60057346333,2020.59886580105,2032.6356830687,2029.78337126165,2033.53059152477,2864.84811335932,2823.48991553142,2011.54795985148,2033.15701872735,2014.74327379397,2036.25030229547,2792.5104386033,2890.64921571877,2010.00232979564,2005.55771229825,2011.28723095166,2028.541295081,2897.54477075361,2848.9813321532,2013.84998370659,2010.14550146384,2024.5437116837,2057.38065611216,2786.34109955237,2839.08610593186,2000.0911630377,2011.88947106516,2000.02449254768,2644.07891351196,2813.86020828805,2810.73140733209,2005.72567558874,2004.29919622066,2006.92564279828,2016.98095569598,2766.36925676179,2770.90622154017,1999.12104461878,2004.34195192042,2006.01052119089,2004.18475354711,2797.56173752965,2005.27900579965,2001.2006682939,2011.65234084899,2021.85990209681,2009.2536691113,2801.99093524943,2001.99187176509,1990.59889199925,2014.75617901649,2012.72527524963,2012.27054033813,2768.99376205817,2007.0818360698,1994.35359652749,2014.67971655443,2009.08399327583,2000.77877451707,2780.42727812064,2013.79448024146,2004.29462793083,2009.09637092796,1988.99628359526,2002.7596779074,2841.1122747399,2003.88642857324,2022.72419348398,2009.5460243815,1982.19741882701,2709.76438433762,2746.26834641056,1987.90768781868,1975.51973533482,2001.09110310599,1958.67710629457,2463.8773824538
,82,2688.41881160605,2709.03291526089,2050.42788185859,2056.53006648478,2047.55882770294,2020.9410951527,2640.3733533169,2687.43834984176,2041.65246031278,2040.50521791324,2044.83170387731,2035.29112537223,2701.81001904056,2625.07401896619,2029.70912003011,2040.84683137782,2023.70095334766,2032.35859942959,2651.55403763638,2576.37208024365,2020.59732625174,2032.27864345431,2029.55848927353,2033.05024031633,2646.66719340692,2594.06692402425,2011.0124772957,2032.80017964506,2014.75468487309,2036.02427241272,2586.03900353953,2641.14984073811,2010.35335626574,2005.4764026948,2011.41910241798,2028.47875444782,2677.0371062836,2611.15831028939,2013.56672531273,2010.09616885724,2024.47250921195,2056.16503118892,2584.48143273551,2603.36254665493,2000.50298921763,2012.02238476059,2000.02747325892,2481.4753312415,2604.8307347847,2585.44442747085,2005.45308885846,2004.62529626949,2006.96023253604,2016.9861839662,2565.45247707809,2555.59937171095,1998.81082814167,2004.15030358853,2005.56226930599,2003.96705685063,2592.85180091198,2005.08817206352,2000.78655296688,2011.48613131799,2021.44820620262,2009.22158564951,2595.25277118864,2002.03879663063,1990.42316197877,2014.92267587724,2012.65256929767,2012.51023713223,2568.72524002763,2006.3383323232,1994.20708233437,2014.57268712465,2008.89674294286,2000.4521363015,2575.50859824053,2013.60656309855,2004.39470129174,2009.50138579,1989.37695577063,2003.30198011298,2623.98750686989,2003.70049192548,2022.30008550535,2009.51459218025,1981.73568503396,2528.56976847698,2545.47241899169,1987.67935131634,1975.19481466506,2001.31959995034,1958.12480381721,2324.71725488906
,82.5,2488.42235461124,2505.85545860678,2049.92291271374,2056.80829758019,2047.48655271154,2020.74956422819,2449.68786497896,2487.13754249946,2041.45557038803,2040.46174069929,2045.05835166213,2035.17272318887,2504.01750427247,2435.25132244558,2029.48947775411,2041.04063501676,2023.79464924564,2031.931346296,2456.83913203252,2396.8215385725,2020.70059340196,2031.87049981306,2029.02074988217,2032.39377364971,2450.0405965389,2394.80952508482,2010.46324478994,2032.5562908999,2014.70860141099,2035.70203154978,2400.72503775265,2425.46623269019,2010.71856452084,2005.42974161448,2011.47858870369,2028.45003325426,2477.15722094073,2405.67130643115,2013.48822521178,2010.0316794626,2024.73897282967,2055.01457439661,2402.61472340279,2400.33772298991,2000.96065319327,2012.16827819236,2000.19844507997,2331.93625925587,2416.84339884617,2389.91338651039,2005.34796888891,2005.24528629822,2007.17860314113,2017.29149267036,2385.77934996383,2368.88739563105,1998.66907475244,2003.96037006901,2005.20299997302,2003.67832469283,2408.67135536386,2004.90072237268,2000.56758345082,2011.21850991155,2020.90972626003,2009.22678784962,2409.99428040215,2001.81994436094,1990.42696235395,2015.09353428891,2012.66000611368,2012.78328725524,2388.45197288181,2005.80458164928,1994.02230547945,2014.35033488526,2008.48152224636,2000.2754659908,2391.4575866442,2013.39989229386,2004.47032055322,2009.69214904962,1989.85125636016,2003.69740120856,2428.28580410076,2003.43939913322,2021.88411870196,2009.35385943821,1981.20653083636,2362.77159397098,2364.94162400879,1987.51293210145,1975.1066445577,2001.68303988267,1957.52712632584,2199.79675796764
,83,2328.2497694944,2341.2282274497,2049.35814764307,2056.60892825558,2047.25011544659,2020.48356484859,2297.5981686621,2325.75944589813,2040.92573265546,2040.27691228793,2044.96567347371,2034.83885135552,2344.87777171692,2281.59534020976,2029.45544500753,2041.24392496679,2023.88030787112,2031.535702325,2301.10216164509,2252.48785140936,2020.72157322736,2031.69161966004,2028.36780395228,2031.74596340169,2291.36180875862,2241.51077753399,2010.16971211663,2032.45493245509,2014.54379117722,2035.41428307276,2251.75202914492,2260.14035135556,2010.71118022434,2005.01556040297,2011.17247253755,2028.28308360386,2314.70717934448,2248.42764732954,2013.28111144973,2010.00725982882,2024.76635907233,2054.05339798589,2255.76046703308,2245.40137169877,2001.33502751369,2012.32780125415,2000.39684491035,2210.66719112271,2265.16764341788,2238.87143304887,2005.34911466561,2005.78150438691,2007.2321494192,2017.57754389666,2241.95161240052,2225.08050138417,1998.4650011283,2003.86041422935,2005.08326247089,2003.25946731651,2260.56295067053,2004.8344887272,2000.386048655,2010.82467994032,2020.40576589922,2009.38030919824,2261.17978434432,2001.60260712853,1990.53166147697,2015.08103742382,2012.48373216304,2013.07201009555,2243.38518416108,2005.45009662967,1993.89959328448,2014.20859867681,2008.16063597899,2000.28092064919,2243.48180130912,2013.13090097267,2004.30028160458,2009.79297092065,1990.21083073183,2004.0893254921,2270.2878281884,2003.11761842498,2021.58570071795,2009.18485020895,1980.76784911502,2226.16717408954,2219.51626728479,1987.28889311004,1975.02624917054,2001.7870970495,1957.19720154285,2100.13418257131
,83.5,2215.83732989942,2224.12075874648,2049.03081426054,2056.37570471679,2047.14149672077,2020.3807767216,2191.48108682599,2212.06980089963,2040.67956345108,2040.14570489911,2044.73989742936,2034.81438389428,2232.05375001741,2172.34024995572,2029.38741006764,2041.19218300102,2023.72766261706,2031.10380674018,2191.7077939301,2151.19111351293,2020.71192748115,2031.60987707898,2027.89950862229,2031.29595251911,2179.03029566008,2138.42117044267,2009.85101730529,2032.28398679258,2014.19071727551,2034.92938658987,2146.86488521657,2149.39181110183,2010.60311715637,2004.85173835308,2011.15259209997,2028.18009394714,2198.44672345353,2143.37111216554,2013.0414824596,2009.71829961843,2024.729456991,2052.91010503199,2151.4421998073,2141.91676461113,2001.30863330826,2012.11363675819,2000.1992948802,2124.59965221801,2157.54856875268,2136.65797868895,2005.32867493898,2005.87297332696,2007.15074020335,2017.72204981173,2140.67109030429,2127.96182100462,1998.23627808292,2003.72597716219,2004.83316891585,2002.96717438812,2156.0069081545,2004.85322213016,2000.32766497543,2010.82414231382,2020.17549371736,2009.47430391416,2156.07559748193,2001.34055931133,1990.56807116918,2015.46551826513,2012.43463776099,2013.57436320846,2140.78553978447,2005.26723434208,1993.61158182508,2014.13293675993,2007.87030638342,2000.48726096911,2139.14561203714,2013.19564275567,2003.99994475052,2009.77452253607,1990.59441377292,2004.38752973822,2158.27885245733,2002.75046980683,2021.48643065356,2009.25018079327,1980.30351365104,2126.944414224,2117.01519206468,1987.10109317102,1974.95380913428,2002.05387846421,1957.12071520629,2030.49154568085
,84,2146.36290490793,2150.65526128097,2048.79256566375,2056.14918485893,2047.09686174796,2020.32823763744,2126.37799420617,2141.27673507206,2040.45699796766,2039.77537205762,2044.32568144268,2034.68592273496,2161.40200043899,2104.68554639977,2029.15425194518,2040.96839571541,2023.26765006595,2030.83675235188,2123.55841645454,2089.38364029014,2020.5452155107,2031.8467270985,2027.59732600916,2031.30780459713,2109.24267646349,2077.91967087557,2009.54944488077,2032.06308760946,2013.79699104106,2034.34238598522,2082.18768029278,2084.7984151177,2010.34301135458,2004.54298641929,2010.80365667182,2027.76909566446,2125.44165571448,2082.59850112415,2012.58441681419,2009.35401915113,2024.7677326581,2051.71693330893,2086.32859611349,2082.17491582186,2001.12020900097,2011.77445103821,1999.88157699326,2072.02981784314,2090.48616882803,2076.399547323,2005.03491265113,2005.83345721314,2006.9662738362,2017.79499836502,2078.14758042632,2070.91322930256,1998.09826980592,2003.78621195913,2004.81784432261,2002.92169728186,2090.84104991951,2004.73595810119,2000.25120186747,2010.68164928897,2019.94556975501,2009.3573533211,2091.01883313202,2000.98111409073,1990.65813729949,2015.60123319424,2012.39405556575,2013.90128817545,2077.08081397455,2005.31570110152,1993.34899148116,2014.08300368279,2007.81113038811,2000.88620817763,2074.44196708743,2013.06625775178,2003.46887973435,2009.62217180819,1990.78251319548,2004.39524654528,2088.78767605703,2002.24471754224,2021.52416277356,2009.64427254939,1980.18000328802,2063.97968800847,2053.29066918963,1987.05613237019,1974.94410307178,2001.88390106283,1956.848450676,1988.05700905845
,84.5,2109.0560494337,2110.65938154747,2048.56569335908,2055.94099359493,2046.87248179444,2020.202353835,2091.85017291775,2103.24377617826,2040.30283818101,2039.51614189238,2043.68953912481,2034.50675547282,2122.36474347136,2068.38948732495,2028.69986201415,2040.96891482459,2022.93173373434,2030.46535508658,2086.71529001821,2056.91848103602,2020.40412445769,2032.26279771984,2027.66165226884,2031.9674395673,2071.64053475354,2048.0066466413,2009.31026410041,2032.03089414031,2013.15375644771,2033.87889565681,2047.5481097874,2053.26662708958,2009.97259942013,2004.09401729728,2010.54104239087,2027.44068179854,2085.43874358906,2053.15836251008,2012.3163065262,2009.08335447,2024.75477431109,2050.50663765728,2051.23352298927,2053.32200343298,2000.75605595079,2011.42313598105,1999.77988967051,2045.25566721404,2053.82895046013,2046.08963011025,2004.81104916415,2005.56179538882,2006.72260636438,2017.81329585659,2044.6270171097,2042.54974776652,1997.93823135502,2003.7579761931,2004.55605495637,2002.74638818463,2055.7380807016,2004.54144889389,2000.41079195151,2010.49464002548,2019.87787332988,2009.43843993142,2056.12961476704,2000.80169757111,1990.74653375368,2015.58936882258,2012.21618252672,2013.90212868041,2043.05221934149,2005.57356607979,1993.32372822641,2014.21589768478,2007.95101498288,2001.05125818478,2039.4962580482,2013.08879950864,2003.02152506411,2009.50998497023,1990.79761940969,2004.10238021733,2051.30291333746,2001.81454500434,2021.5913397443,2009.72294672501,1980.4049273198,2029.00891934344,2019.17350489257,1987.17113997018,1975.07960348978,2001.57198480812,1956.70358422608,1965.70134347956
,85,2092.2514850277,2092.40350317112,2048.45881385452,2055.60625138271,2046.82235979354,2020.04519898735,2076.49996683976,2086.03530439005,2040.14399286166,2039.1981149201,2043.14517808187,2034.38067344127,2103.80619550681,2052.86018403573,2028.5620685667,2040.95295240711,2022.81472065698,2030.53725508842,2069.31036834459,2043.0473140097,2020.15403535119,2032.55857878862,2027.89148866002,2032.56402729587,2054.95943524318,2036.23209697471,2009.33962536088,2032.08887786321,2012.67342656053,2033.56688720543,2032.39175091876,2041.1387451263,2009.67495858889,2003.73151041031,2010.438009134,2027.37157489082,2066.99348790073,2041.79706536025,2011.66101036539,2008.66743182607,2024.2910613933,2049.13016030164,2035.41982582171,2042.33167687731,2000.21627138145,2011.07595441861,1999.34547108389,2034.17782619026,2036.75106578808,2033.26548292366,2004.37330236443,2004.92116425235,2006.29016282356,2017.38828141624,2029.46317718104,2030.81676178932,1997.61029469627,2003.56090818364,2004.14267194038,2002.51766872597,2039.88901661091,2004.33019432618,2000.48163305661,2010.4839271985,2020.11860191296,2009.51675191425,2040.48961107489,2000.76091447247,1990.68637730974,2015.36498851261,2012.29735099828,2013.73154608156,2027.87743315739,2005.82945533995,1993.24831576911,2014.41969935094,2008.16185815788,2001.16270027417,2023.82058151161,2013.07849767502,2002.52512868421,2009.41094048447,1990.65509535383,2003.94626514602,2034.52383119663,2001.55629334724,2021.78625095283,2009.87680673474,1980.68791435554,2012.9206867659,2003.90556997393,1987.27100372538,1975.19869872397,2001.31568073396,1956.58762131021,1956.23006877111
,85.5,2085.88596476629,2085.12204583837,2048.62857900367,2055.68169851369,2046.81249672946,2019.93216215216,2070.76412884766,2079.46300478767,2040.26276645035,2038.98320838502,2043.03655613426,2034.36056894753,2095.48059523637,2047.76254754709,2028.2839314024,2040.67659454047,2022.70084375163,2030.65734515552,2061.57107498752,2038.41675517871,2020.03149979598,2032.69935257058,2028.20319530532,2033.26115580922,2048.68073231012,2032.15832020787,2009.24225179693,2032.01035676524,2012.20620669021,2033.22153569126,2027.20256242034,2037.02109528864,2009.56995718628,2003.65650616532,2010.51754225293,2027.47173993629,2060.11368138233,2038.07703220269,2011.27095572034,2008.24806178019,2024.06365216977,2047.73766217841,2029.40971246676,2038.93065655959,1999.72743925665,2010.77710975575,1998.74437614036,2030.489656991,2029.99514554167,2028.27242207271,2003.88911369703,2004.2330297732,2006.01145593379,2017.02324907055,2023.39464025941,2026.23133572892,1997.45143953842,2003.44118191848,2003.71946355482,2002.44723871947,2033.25321853346,2003.90665379148,2000.52834864566,2010.32802654134,2020.31050056589,2009.40659232215,2034.46246844406,2000.79909353587,1990.66297814661,2015.31858654138,2012.50770701536,2013.51466503477,2021.96527673287,2005.90781862144,1993.12310359761,2014.61663934485,2008.16066238189,2001.27213936419,2018.0154740675,2013.08089626545,2002.37410336273,2009.391358979,1990.45960723179,2003.48660729053,2028.12014555086,2001.40441429095,2021.83847463305,2009.96690057028,1980.94944308149,2006.93727094456,1998.21532981013,1987.2203926747,1975.23429658329,2001.10685872075,1956.4547649386,1952.60458344235
,86,2082.54453973986,2081.40061674914,2048.77167792477,2055.87696933209,2046.85023260349,2020.11018106154,2067.81766203472,2076.09506124739,2040.43486129195,2038.99913814454,2043.44496439588,2034.47178987757,2090.71304802226,2046.10006708951,2027.92481830821,2040.40200150087,2022.60201212768,2030.53652002195,2056.55213485096,2036.30353011927,2019.70691930835,2032.5444122386,2028.18061277048,2033.68778583245,2045.62446333155,2030.13147422135,2009.44195724265,2032.08567582995,2012.24272427546,2033.14315562846,2024.94005166504,2035.1410125831,2009.50499560744,2003.67323529137,2010.30160052156,2027.39422813944,2057.09759138258,2036.19558801125,2010.99429647529,2007.92828319422,2023.8875523521,2046.43382139634,2026.89985263499,2037.47866196462,1999.42023464897,2010.67449269858,1998.44058246576,2029.15232128616,2026.50445185769,2025.49303433494,2003.36219642849,2003.83336703288,2005.7955870687,2016.648140114,2020.18046698459,2023.61151390467,1997.37135665759,2003.46768425354,2003.70154656524,2002.39661523127,2029.87684350291,2003.61540942568,2000.52618080396,2010.08441425469,2020.42183034538,2009.1327089608,2031.3165685983,2000.59864931062,1990.69319668655,2014.91101733891,2012.5398436868,2012.82496946182,2019.28507796833,2005.94901990743,1993.4246763033,2014.74349514857,2008.30146454771,2001.23388439309,2015.30126865378,2012.73505612268,2002.24070874685,2009.21926795149,1990.1407420658,2003.06665608512,2025.12866524847,2001.41929553968,2021.84307327758,2009.79083600363,1981.1345455868,2004.70708542024,1995.3234132907,1987.21328571013,1975.3511557656,2000.79808136971,1956.12575760534,1950.58085305451
,86.5,2080.22208522437,2078.68033832922,2048.83444871367,2056.11373169408,2046.66995696049,2020.27321161919,2065.70097695353,2073.90022473607,2040.59523410359,2039.17375200984,2043.9511098204,2034.89590826412,2086.80633371584,2044.97954685585,2027.78044758535,2040.20475610595,2022.51097126848,2030.4145641814,2052.57472997875,2034.74103673562,2019.53087280576,2032.15699840707,2028.11667386065,2033.79040995519,2043.39831992905,2028.74253062601,2009.74345350584,2032.34172971079,2012.53289021779,2033.5281590494,2023.17865095621,2033.6861911476,2009.66938082873,2003.8200487178,2010.36189795369,2027.50369626537,2054.81962598623,2034.85860518575,2010.89713887282,2007.89084855432,2023.63722383987,2045.2751677674,2025.05638414027,2036.50245163331,1999.27260979709,2010.62676070826,1998.27454249476,2028.35596281689,2023.83014007607,2023.26262769254,2003.06611673363,2003.32973299801,2005.75695469305,2016.36917967073,2017.57291197194,2021.37727910834,1997.32502500409,2003.37470154363,2003.54021426053,2002.07210526412,2027.24619655697,2003.59479288332,2000.52469641533,2010.06345874558,2020.5564198607,2009.11498531821,2028.78881478601,2000.5340219181,1990.5196736805,2014.62674533588,2012.52996096702,2012.27781455917,2017.31123662481,2006.01217513185,1993.60465107616,2014.88811449046,2008.3435116158,2001.44501791671,2013.19854367651,2012.57471696468,2002.22692281541,2008.93726388591,1989.74853885194,2002.96592416688,2022.82229701015,2001.73139309984,2021.70006118748,2009.5826171444,1981.42175549684,2003.31931505671,1993.23611172809,1987.04404458814,1975.28944554514,2000.63342068731,1955.88472888233,1948.96151844055
,87,2078.27050397385,2076.23824241088,2049.2409275769,2056.32006758612,2046.76000600475,2020.45217865452,2063.86768566746,2071.88698648972,2040.7560479593,2039.4276228417,2044.50592346569,2035.48977695864,2083.52440811871,2043.98687991862,2027.79742452982,2039.78459177781,2022.26475820019,2030.1339502407,2048.7255677958,2033.26022506658,2019.34900187561,2031.66384578032,2027.68145228048,2033.2777424208,2041.41103211617,2027.50834001026,2009.95283578399,2032.41790910383,2013.06224039231,2033.68874018835,2021.7156611375,2032.3798853806,2009.86834713666,2004.14127336895,2010.3955229713,2027.65213543834,2052.95568278853,2033.86990893408,2010.6151051751,2007.97135228908,2023.49619728359,2044.16548681684,2023.34599714971,2035.46488272451,1999.24433853417,2010.49891389426,1997.81873853222,2027.53756134973,2021.43975160472,2021.27654714062,2002.66969662302,2002.93990824056,2005.86677041918,2016.06589561454,2015.12723812844,2019.31864553405,1997.38055925533,2003.37157857884,2003.56532815308,2001.9213256323,2024.74590397527,2003.58778459986,2000.54594848061,2010.19906450899,2020.62698050311,2008.86398766756,2026.40290660176,2000.39729614712,1990.15776560864,2014.37559828414,2012.46310974413,2011.74547974827,2015.47328813051,2006.05368852527,1993.63583236613,2014.92247280727,2008.15743903437,2001.72141516145,2011.50293798858,2012.34202879873,2002.13189266407,2008.33833889444,1989.4518146885,2002.93794631859,2020.56731606806,2002.02831466572,2021.46750401839,2009.2888228196,1981.27663012521,2001.8759881846,1991.44080360389,1987.04469221755,1975.17856306428,2000.50517519669,1955.68236355559,1947.45283708525
,87.5,2076.1764349423,2073.4894533461,2049.39181636893,2056.15840866052,2046.5775998832,2020.41628228983,2061.7312819686,2069.84332899474,2040.80064575957,2039.56505828705,2044.77604661067,2035.6259911856,2080.38695852953,2042.80413097163,2027.78792179935,2039.51569146664,2021.97743391393,2029.86210288882,2045.54391769471,2032.12008440958,2019.1977392273,2031.21288968277,2027.30513390836,2032.93401375111,2039.22664218675,2026.29313868129,2009.8351305946,2032.19140976876,2013.38984173379,2033.81751426729,2020.12095327924,2030.74713219497,2009.99558024335,2004.47065104427,2010.28555761691,2027.43599722659,2051.2786005204,2032.96846645851,2010.7098634407,2008.21641938137,2023.66801578886,2043.3599102956,2021.90979631533,2034.44982156134,1999.48963545326,2010.52588060742,1997.64797137635,2027.12640638983,2019.58066651226,2019.69451235704,2002.75743602856,2002.87739442232,2006.195580931,2016.1241854956,2012.72914863273,2017.54540028094,1997.50515437035,2003.43390934102,2003.57903503672,2001.92031943174,2022.23777636382,2003.55124258271,2000.64258451998,2010.14636197158,2020.344993044,2008.53954972793,2024.04828334536,2000.3876497624,1990.02722888191,2014.47019538845,2012.28919076079,2011.52441670892,2013.77603205064,2005.96371995855,1993.61643416986,2014.98931721441,2008.17882047756,2001.96905137194,2009.8575916122,2012.26528141477,2002.28867250719,2008.01271531121,1989.38832173888,2002.94910969143,2018.29938139398,2002.09289140697,2021.16425420025,2008.91448867041,1981.12309949212,2000.42979867395,1989.83124543731,1987.09589393392,1975.17318927442,2000.25247671248,1955.73900161748,1946.03176642241
,88,2073.86974636358,2070.92572142458,2049.47463733006,2056.07989398177,2046.73445379136,2020.60056884063,2059.62854151701,2067.89878809732,2041.06352448126,2039.7837301559,2044.88120312319,2035.96981152162,2077.2382634805,2041.42358569948,2027.63645428918,2039.36980748021,2021.3373897958,2029.19508561505,2042.59598789232,2030.95840552519,2018.70679431765,2030.82766817621,2026.91415642221,2032.52995912304,2037.23130983005,2025.03557295115,2009.55267251034,2032.01480520312,2013.58009686618,2034.0233428942,2018.34054888731,2029.13524215487,2010.09928450638,2004.66858804319,2010.22984102943,2027.04575197039,2049.37010176453,2032.09066370017,2010.55802419042,2008.41899318015,2023.59737585765,2042.48337166301,2020.5402376378,2033.10663885944,1999.63752648596,2010.40078000823,1997.54768731592,2026.29437418411,2017.40254159963,2018.09888479072,2003.03368869441,2003.0899854743,2006.46517423633,2016.21072242552,2010.545932251,2015.85816201362,1997.57675147274,2003.39340056861,2003.69940786896,2002.04056936777,2020.19512904513,2003.55398378781,2000.45284820655,2010.29315091449,2019.89363261988,2008.02323365228,2021.88460739725,2000.29453177994,1989.88073030746,2014.50045334769,2012.23706410329,2011.28301622706,2012.26967836978,2005.76496122271,1993.61622916025,2014.65251180963,2008.18505630705,2001.72790068002,2008.36323602798,2012.2286108951,2002.32181630722,2007.6596814119,1989.50433566731,2003.31006598427,2015.94489805541,2001.96000311022,2020.87891401933,2008.46354466149,1980.69259497384,1998.97966823679,1988.34339544336,1987.58637124705,1975.33339909964,2000.17411096588,1955.82865459937,1944.91046653311
,88.5,2071.68054637378,2068.44233784653,2049.3659255914,2055.8587055027,2046.76082636565,2020.52346030802,2057.5265941517,2065.91005398635,2041.30198270243,2039.84971515587,2044.49600989829,2036.04190519628,2074.01243233552,2040.06523171322,2027.53558509571,2039.30265644793,2020.76061848414,2028.98409080232,2040.2160650695,2029.94420858745,2018.47894067826,2030.78651755759,2026.86761482524,2032.27465693422,2035.39103018122,2023.71489619006,2009.14371277268,2031.76525910888,2013.41184458742,2034.17493112452,2016.69290565537,2027.25552446867,2010.02517314916,2004.62675825967,2010.28499470622,2026.64159361458,2047.7216786034,2031.23452198356,2010.49137242091,2008.76637758258,2023.45056344433,2041.62544188132,2019.04874621801,2031.69764522747,1999.81227796521,2010.44735860711,1997.57152688777,2025.33143406549,2015.39140895387,2016.62562647586,2003.41438699288,2003.23612147354,2006.63316656579,2016.35381713995,2008.57058577292,2014.20302061152,1997.71297595719,2003.35855605703,2003.69654285652,2001.92173368005,2018.08322974366,2003.37125944479,2000.35149779145,2010.46443641855,2019.49721345799,2007.74166786301,2020.23474862542,2000.42127496368,1989.69157277391,2014.6113236486,2012.3380306164,2011.43366246386,2010.60475484509,2005.69538385974,1993.39976232321,2014.21674005623,2007.99313511557,2001.43067652428,2007.01408803375,2012.45896894827,2002.44629061194,2007.45004763197,1989.68745681186,2003.57567804636,2013.50818670503,2001.73118331221,2020.49710275515,2008.05538340607,1980.31451317433,1997.56846204277,1986.8598746234,1987.88889208359,1975.52366843582,2000.0259136657,1956.04926797161,1944.29176155957
,89,2069.47302005421,2066.18018198667,2049.27990437561,2055.67664109585,2046.87007225114,2020.59967429231,2055.27087151395,2063.60982789395,2041.44601400072,2039.88670837553,2044.17506755627,2035.73712064531,2070.95073343523,2038.74362799106,2027.33633294534,2039.21641862745,2020.32842158117,2028.70473397307,2037.96554533676,2028.93148294865,2017.99479501739,2030.95423937325,2026.88958729757,2031.94364366907,2033.33495527658,2022.34445482549,2008.62370521521,2031.20907427948,2012.90154547993,2033.81871534801,2015.02061626254,2025.49011260708,2009.70564994411,2004.58892206665,2010.12317151419,2026.14357966213,2046.20051637504,2030.17103154381,2010.38157438631,2008.94144107162,2023.25703548886,2040.58976819078,2017.59313124333,2030.10968814736,1999.74139238202,2010.54043930168,1997.44992522573,2024.07239276774,2013.29173811771,2015.10482182146,2003.65969902597,2003.53924096237,2006.58720606064,2016.47373479149,2006.62193343714,2012.95037306669,1997.7133442599,2003.49718880626,2003.86809109488,2002.08777427717,2016.11666403688,2003.07736260327,2000.38824387564,2010.40615514982,2019.1267695917,2007.56519644958,2018.83495789004,2000.3745982759,1989.71080450329,2014.58021500021,2012.13908564862,2011.38245656907,2009.04759483699,2005.3349150074,1993.29057212626,2013.74459729834,2007.92355844694,2000.81409169175,2005.81476877876,2012.57828198543,2002.57387028758,2007.48889914562,1989.94003488958,2003.31263327933,2011.14782615159,2001.24070372187,2020.17847542415,2007.66874053881,1979.8359949657,1996.08913249869,1985.41414032817,1988.18349638183,1975.94234383936,1999.87217146303,1956.27758310974,1943.70748660218
,89.5,2067.44229002707,2063.84179607228,2049.07150168197,2055.73461671437,2046.78972689824,2020.57240010921,2052.96320834458,2061.37826432585,2041.58695943721,2039.85160217419,2044.03583283918,2035.15519886903,2067.7451398629,2037.47682932534,2026.9791116507,2039.12543833685,2020.0202798606,2028.66465302488,2035.97168571874,2027.92557489722,2017.51669375682,2031.19672651973,2027.11058565335,2031.9775116013,2031.30255459832,2020.95457599297,2008.34769789295,2030.75873470232,2012.43790556235,2033.50314832004,2013.34191872851,2023.58057828144,2009.18813121114,2004.42922969206,2009.95305054497,2025.5953321256,2044.63575760432,2029.03412600334,2010.56991073649,2008.88053272438,2023.18794148025,2039.37991878555,2016.22530345776,2028.66297507607,1999.72111454109,2010.86429346447,1997.62800660799,2022.94121190214,2011.41088635365,2013.63989807637,2004.05529076579,2003.77612949577,2006.38466439402,2016.53017080853,2004.75228564563,2011.65397489959,1997.67510239588,2003.55284584536,2004.08274589873,2002.26341290413,2014.38737198719,2002.76319898639,2000.11746316209,2010.22760284637,2018.86446468631,2007.35728248441,2017.44388605831,2000.43865457378,1989.90456849934,2014.4839281538,2011.97277186006,2011.6120533615,2007.42501873577,2004.85445493836,1993.11483986787,2013.18906922302,2007.83219002296,2000.12716648125,2004.75992540187,2012.72448345835,2002.83885110544,2007.84994786663,1989.92601615701,2003.05927976033,2009.1816627579,2000.65316262733,2020.06602157523,2007.50620845162,1979.61944063908,1994.91425830802,1983.69297376744,1988.21321170448,1976.17672658379,1999.61621961493,1956.22144000037,1943.11258052694
,90,2065.6187768752,2061.98753730178,2048.80450531909,2055.94353549701,2046.71081502845,2020.79010333922,2051.16142179247,2059.37933174248,2041.8439556124,2039.88302072275,2043.86876146198,2035.07940433844,2064.6448947258,2036.13335820528,2026.50054289693,2038.76116783985,2019.75797780453,2028.39402089277,2033.75297712738,2026.52496527667,2017.10985622349,2031.33601846352,2027.07603523477,2031.88183089035,2029.4620531374,2019.40368944448,2008.08276180659,2030.50878452452,2012.12304573046,2033.18039453404,2011.69464675938,2022.01864451084,2008.7229342334,2004.10431967526,2009.68915553582,2025.1782484756,2042.90821877009,2027.94765094384,2010.69799541381,2008.79304506923,2023.14568005213,2037.88258524054,2014.79795839278,2027.1888665727,1999.47238028657,2011.27108910164,1997.72548044133,2021.43382966041,2009.28844355439,2012.09975892972,2003.9662401912,2003.94231002805,2005.9011425192,2016.49229598532,2003.04616877733,2010.49007857807,1997.73317992409,2003.66879703411,2004.34226807355,2002.41952630842,2012.91985818758,2002.55095503365,1999.8887111433,2010.03195961544,2018.86693075986,2007.2104812126,2016.16383254093,2000.29913491903,1989.82577897431,2014.18305666094,2011.83571147875,2011.69372059134,2005.7542713322,2004.44953952803,1993.02708911351,2012.56581273305,2007.51416618244,1999.46469032985,2003.79867822944,2012.68687378805,2002.86677702389,2007.87983682744,1989.76015396515,2002.78663032427,2007.20441050098,2000.09862558709,2019.89819603779,2007.35201227397,1979.25957592863,1993.76507123777,1981.83618587136,1988.05837129394,1976.07919887927,1999.45574358175,1955.84518479197,1942.49611934592
,90.5,2063.79913684202,2059.95188982247,2048.30039802752,2055.66945550519,2046.15755165518,2020.44326583055,2049.31447486133,2057.29657212178,2041.56303690796,2039.68144459541,2043.33960624459,2034.57503230843,2062.28305676677,2035.00628179911,2026.36451193992,2038.51263292879,2020.12088600022,2028.63680390972,2031.72931051741,2025.03677189856,2017.03520082232,2031.35659584226,2026.99022267348,2031.674578304,2027.75197265932,2018.11298999578,2007.99749400126,2030.27788100212,2011.99405333196,2032.87138568983,2010.23123292382,2020.62643565965,2008.33058261601,2003.95178539217,2009.57293817282,2025.02029381176,2041.34003819005,2026.86372341592,2010.94276672787,2008.61846248348,2023.08829021218,2036.39343804907,2013.33483024064,2025.98351540734,1999.05229632117,2011.7408384427,1997.73767806788,2020.19004044091,2007.5158525529,2010.73248658005,2003.53545765993,2003.84319429821,2005.45897513262,2016.18011534624,2001.4120977782,2009.41146263571,1997.63638745726,2003.83613280605,2004.3015974464,2002.39764993574,2011.550748933,2002.52087791428,2000.1731133195,2009.97399432453,2019.10525621845,2007.5328413525,2014.85721044689,2000.07130685387,1989.71724924342,2013.73732753836,2011.44338206989,2011.72015364246,2004.21784186904,2004.24841182013,1993.02029120577,2012.44551046351,2007.34970589984,1999.38189509221,2002.49792061978,2012.6295604549,2002.76777113463,2007.94001054912,1989.38105358141,2002.27618493718,2005.61068407786,1999.91885555075,2019.81804730876,2007.48135991112,1979.31617970087,1993.00257538722,1979.90246132336,1987.54263310821,1975.88957621081,1999.24429295987,1955.34830687571,1941.87319331803
,91,2062.00387787416,2058.08277025588,2047.81624179021,2055.1482183881,2045.64038190644,2019.88926866627,2047.60947990419,2055.40931334886,2041.09572478181,2039.49095468541,2042.89333489122,2034.0529743259,2060.50450822112,2033.98735564459,2026.37017072846,2038.12708765996,2020.44516891755,2028.72428981976,2029.94115163163,2023.75358371873,2017.00178172635,2031.2562309371,2026.79526874827,2031.40089398718,2026.2124249798,2016.93773619885,2007.87275839622,2030.01912142749,2011.79188643699,2032.54285804538,2008.87908083029,2019.50895782869,2008.07406344566,2003.8594656528,2009.29565594605,2025.10757829187,2039.77045760602,2025.75674365573,2011.03992402383,2008.25291594652,2023.11795543945,2034.84659721624,2011.98627232967,2025.04095235557,1998.63463068998,2011.93222485638,1997.49030046669,2018.91890217511,2005.91501907284,2009.49702518838,2003.10372564284,2003.81171003993,2005.25219383099,2015.81716042309,1999.92644202462,2008.63149049498,1997.42632483487,2003.78307617826,2004.06477317932,2002.6940872734,2010.32734361541,2002.39183275698,2000.19755784727,2009.78698314488,2019.0195906721,2007.62135046768,2013.45250459622,1999.89083837571,1989.66646592352,2013.39323181942,2011.1270389636,2011.6504094436,2002.72981699336,2004.00761841934,1992.89029977537,2012.45988592004,2007.17571801004,1999.17236708058,2001.08275665022,2012.34423030151,2002.63592223499,2008.06449074542,1989.00733067841,2002.03331059127,2004.33586351289,1999.77405080169,2019.76786213951,2007.63849929698,1979.38920385577,1992.31975535914,1978.19718851915,1987.12645748875,1975.621045534,1999.01727843751,1954.87454519899,1940.9871182664
,91.5,2060.29883773764,2056.28823321693,2047.33634511776,2054.42007751685,2045.0657239408,2019.06956343779,2046.24902535734,2054.03449750275,2040.53892515533,2039.38704997044,2042.27881191662,2033.75196840421,2059.08453876632,2033.04285802123,2026.45579574738,2037.77787238277,2020.8926805371,2029.01478295144,2028.52920165081,2022.64936737093,2017.36077596092,2031.13514171325,2026.71813054261,2031.51874040357,2024.92355270663,2015.65379708146,2007.74817710106,2029.91764277801,2011.68307462588,2032.45902930548,2007.8735586872,2018.60554805164,2007.83234996683,2003.85412925623,2009.14635804038,2025.22554651737,2038.40998412528,2025.00077238114,2011.17829813394,2007.85350370703,2023.38246719392,2033.39997751298,2010.76260813895,2024.38852692938,1998.48521011482,2012.11427456217,1997.54517507175,2017.86097844933,2004.66162088819,2008.44172594451,2002.8183933462,2003.71304967731,2005.24306131983,2015.50058234566,1998.64024269425,2007.69654728025,1997.35242745064,2003.6384443335,2003.8124070268,2002.95407543399,2009.20481205621,2002.07789436607,2000.01970652836,2009.66437424993,2018.87579050493,2007.3365867214,2012.08078130357,1999.77438174427,1989.48460021465,2013.22140052854,2011.13990594081,2011.87569672867,2001.09553535869,2003.94005158699,1992.60677567445,2012.47647197546,2006.82254737489,1999.07208665649,1999.8776367305,2012.28091265808,2002.63044641946,2008.09808807223,1988.63656297172,2002.18038774264,2003.13878838106,1999.75763569049,2019.65324825318,2007.54882846212,1979.38576919956,1991.67832483343,1976.57606749585,1986.88220299839,1975.08310527162,1999.02846469077,1954.59953312983,1940.17326082427
,92,2058.59463794804,2054.74627871152,2046.4131051909,2053.32502292904,2044.38989045092,2018.10308557057,2045.03176713185,2052.67484595195,2039.73810301311,2038.97632087176,2041.45595794896,2033.46933210463,2058.11686991856,2032.28430498109,2026.77318828771,2037.73668668021,2021.33021014482,2029.23679531345,2027.54431681027,2021.97098168749,2017.83981036139,2031.1231381448,2026.55391632839,2031.60183912882,2023.83340894688,2014.46805765695,2007.3036721766,2029.68859726845,2011.3598552561,2032.44537724001,2006.90821559189,2018.17728591246,2007.95629662793,2004.00494739444,2009.09700762309,2025.41276519607,2037.25810132892,2024.15747440902,2010.9698371525,2007.68456347711,2023.29012033929,2032.3374013267,2009.7268591679,2023.88576648904,1998.20688864732,2011.97732437589,1997.31453118411,2016.75828661186,2003.55704977008,2007.59364300792,2002.48196955225,2003.65634263233,2005.30078512857,2015.41770518578,1997.65034319091,2006.98866811269,1997.27279805687,2003.49402944037,2003.38577529339,2003.13208476235,2008.09108085071,2001.78867196418,2000.02608626312,2009.53168424107,2018.70810318805,2007.3135033223,2010.90883379447,1999.50555307963,1989.22807191528,2013.17717379571,2011.12740832098,2011.93029379374,1999.70537958299,2004.096046025,1992.35722836575,2012.60540359251,2006.77023183109,1999.05208837552,1998.64967785228,2012.21192107954,2002.40960327453,2007.93478708393,1988.50161491089,2002.37495579605,2001.9682209112,1999.86140530637,2019.34258201952,2007.57522629956,1979.40313591542,1991.06089885842,1975.19577266753,1986.70724494138,1974.71484115413,1999.16161001454,1954.70666867982,1939.5370992481
,92.5,2057.0333697918,2053.21127449993,2045.64862122809,2052.52037183272,2043.68470806973,2017.11464924136,2043.79457455506,2051.39659293487,2038.85794589041,2038.40559696166,2040.68634594987,2032.77365220611,2057.4886173541,2031.94670651351,2027.35850123708,2038.04288024137,2021.86513274074,2029.8554542939,2027.01295641398,2021.8876970816,2018.2408207416,2031.26099462992,2026.64738113432,2031.83499991192,2022.85476253745,2013.63703260257,2007.18335519383,2029.51858977152,2010.9768771405,2032.41157605251,2006.2736645938,2017.89341084458,2008.07674474449,2004.37093909058,2009.30857918319,2025.71913327936,2036.36359372771,2023.34798116143,2010.64064441557,2007.31648829294,2023.11253970145,2031.3108657923,2008.69133644961,2023.46025842893,1998.00473417362,2011.50670967465,1996.96038610871,2015.96209528068,2002.58385186251,2006.76469980893,2002.27845614334,2003.49770960456,2005.31856662416,2015.07894560814,1996.78953319369,2006.22294037959,1997.0131674221,2003.23898093305,2002.88567434803,2003.09049564703,2007.18466496631,2001.59673338047,2000.04358408022,2009.54753232747,2018.59900270228,2007.34322791704,2009.8048628944,1999.33164910283,1989.01488986542,2012.93228819662,2010.94998085871,2011.8984234623,1998.50143680031,2004.30785453291,1992.21533459226,2012.69366870574,2006.87588243698,1999.27046266144,1997.45266465407,2012.27712941267,2002.18292184367,2007.8701409893,1988.23291486429,2002.50788861125,2001.16564984238,2000.12401285666,2019.22541588406,2007.73276995753,1979.81268766884,1990.57725333383,1974.10729724262,1986.62052978999,1974.42645089129,1999.17421558311,1954.72913824272,1938.83338069504
,93,2055.96645435963,2052.20537383869,2045.20808521992,2052.1596277129,2043.41554088399,2016.51529446106,2042.96727386951,2050.50267234794,2038.2852993067,2038.15292325374,2040.28878343121,2032.2403667215,2056.63277913509,2031.49316510587,2027.63412002476,2037.98997958733,2021.71530932006,2030.0891725666,2026.81930948786,2021.88993861315,2018.49526750642,2031.38683959507,2026.7689292597,2032.04340473984,2021.99450868536,2012.76239425236,2007.19310885276,2029.38698583278,2010.3751221905,2032.36267632783,2005.66989457993,2017.51585105835,2008.05330925387,2004.58659027348,2009.17254575833,2025.66942782411,2035.57041765677,2022.56661094651,2010.22753275802,2007.07376945205,2023.18857620616,2030.41427438025,2007.90933922437,2022.99511760605,1998.11604342053,2011.10480137358,1996.78696129435,2015.19408892344,2001.82733692364,2006.13284296242,2002.41239363495,2003.38339369238,2005.35121550242,2015.07289230114,1996.06730953066,2005.61058373459,1996.96082107958,2002.91217823046,2002.74322221895,2003.09956794786,2006.39730864704,2001.28587993731,1999.58113732412,2009.21815881754,2018.4995496087,2007.08273694446,2008.95962704851,1999.42176621338,1988.7752151472,2012.98779669154,2010.97559503455,2011.98796771942,1997.38212689854,2004.44169300215,1991.90107020191,2012.5545447668,2006.88111690863,1999.0594998767,1996.75187953515,2012.31697976549,2002.08962186942,2007.69358396886,1988.07521350678,2002.72464730169,2000.47979139996,2000.11610560896,2019.09218807924,2007.64122935958,1979.79827279061,1989.83368481314,1973.39526915842,1986.63912478976,1974.19060229035,1999.13358918611,1954.84102709244,1938.24509079466
,93.5,2055.20496627554,2051.18366754244,2044.98032499253,2052.40226674195,2043.30497567233,2016.38076039163,2042.32755792816,2049.84035155331,2038.04417572367,2037.95632122163,2040.12384103271,2032.15001772786,2055.57173618722,2030.9397611361,2027.80738206803,2037.98720296794,2021.61389571697,2030.21665796516,2026.56934609797,2021.60031638384,2018.4474445964,2031.32200435951,2026.59824081288,2032.15625746874,2021.15581863933,2012.05316238933,2007.30469835429,2029.22389430606,2009.95292908491,2032.30666974659,2005.02695009635,2017.33709858059,2008.07839832736,2004.83996470405,2009.23355170359,2025.4610675355,2034.64713577907,2022.03036892687,2009.89123868823,2006.94257147047,2023.14700351093,2029.68501824761,2007.39225437356,2022.27190392474,1998.18360307279,2010.79736252988,1996.53540238047,2014.61839229141,2001.11416765491,2005.38058620524,2002.50521795964,2003.2239777962,2005.04017654799,2015.2313709554,1995.56186551008,2004.80172999204,1997.01900235032,2002.92003861285,2002.82248146782,2002.92168001293,2005.93352620818,2001.33302582032,1999.29098523252,2008.87942144927,2018.83264763076,2007.00072676882,2008.19166850741,1999.52604479585,1988.33210133609,2013.00654452919,2010.81796467365,2011.88870769111,1996.57711174015,2004.54276680103,1991.6156455066,2012.49289123128,2007.14228776839,1999.04439129073,1996.18810923228,2012.3397312439,2001.82795146468,2007.20854681142,1987.75048409228,2002.55210304487,1999.73361190247,2000.18665174093,2019.19906935322,2007.51901980404,1979.6287158815,1989.11344485632,1972.8455979957,1986.74962667968,1974.08880244998,1999.15586873091,1954.70118044478,1937.68368902256
,94,2054.91340611257,2050.43707267812,2045.18479432076,2053.10951289102,2044.04465934785,2016.44289956232,2042.24730443433,2049.30087472004,2038.10752443868,2038.63345172543,2040.36666375513,2032.54769567314,2054.61361513772,2029.41164031655,2027.44529066093,2036.93219331767,2020.67685144681,2029.6577204801,2026.41421410209,2020.15135186087,2017.780514542,2030.75963305838,2026.15643277033,2031.37125407581,2020.47293309171,2011.60111130734,2007.83814135233,2028.95824490498,2009.21055046396,2032.24722004347,2004.30398589782,2016.54078865502,2007.71382264394,2004.82122447756,2009.19160430376,2024.87712440392,2034.12718248328,2021.33350875199,2009.62421220734,2006.98658865287,2023.13756481516,2028.8011648802,2006.62125503272,2021.47330885342,1998.25041222998,2010.26566545752,1996.22253870454,2013.65213724521,2000.50860827344,2004.61262291149,2002.35599551543,2002.56025343207,2004.95600067417,2015.54824864254,1995.48641022088,2003.93852118334,1997.21250289237,2002.8387384368,2003.2522207218,2002.8971917726,2005.94584832907,2001.38184201844,1998.76824829562,2008.57841698352,2019.40192555061,2007.3390934092,2007.40578808722,1999.50203833782,1987.87414736509,2013.32859299031,2010.97023539853,2011.40300249059,1996.31700572851,2004.52597869074,1991.42480663465,2012.49441684357,2007.29085373954,1998.61874180115,1996.02101632393,2011.99388061197,2001.68628655425,2006.84072075519,1987.8162711249,2002.2610474484,1999.39480444541,2000.49263163012,2019.34715835271,2007.35522498131,1978.84722953027,1988.10134625944,1973.04945754976,1987.03294663038,1974.60256142415,1999.14927846895,1954.67890719788,1937.22612542128
,94.5,2054.804154547,2049.83807856015,2045.78512455344,2054.19671936655,2044.95578030361,2016.84921986383,2042.27801542204,2049.03169178707,2038.46434947688,2039.51696393907,2040.76601387714,2033.01439107127,2053.45602465388,2027.9155823664,2026.97816059496,2035.69117710025,2019.56134235099,2029.07870239134,2026.21208760645,2018.60867157392,2017.01468898085,2030.05220191865,2025.6587685104,2030.56883184706,2019.81355139683,2011.18833090531,2008.56385904914,2028.81710952717,2008.54111478316,2032.15187968568,2003.60284697897,2015.63157332138,2007.1993725536,2004.71350733416,2008.9462149824,2024.16146514637,2033.37831633689,2020.78687909289,2009.43969082472,2006.95558176027,2023.34332030071,2027.82590923915,2006.01860122539,2020.53269947637,1998.46944485604,2009.99479786999,1996.03085045306,2012.84459326429,1999.95199972574,2003.89977272016,2002.36443340684,2002.00944336978,2004.74265245487,2015.81392721009,1995.34209515598,2003.08785072002,1997.44713550241,2002.78583774597,2003.85502371003,2002.81121028819,2006.06183289673,2001.5565837035,1998.14054314388,2008.10930704528,2020.03620346725,2007.44707797984,2006.73979090919,1999.76394154662,1987.35931511073,2013.62984585147,2011.12465466443,2010.98846173434,1996.03445144391,2004.42221412575,1991.17911718824,2012.45282261995,2007.37264062949,1998.1302285697,1995.91338096793,2011.65464009088,2001.57247703538,2006.34683068493,1987.69017354619,2001.88704168378,1999.04865812405,2000.61470820655,2019.66103810264,2007.00351996511,1977.9324189445,1987.02732989084,1973.38255387212,1987.32039568458,1975.00154232453,1999.03229705063,1954.36126828733,1936.71833734746
,95,2055.33256831668,2049.4585943706,2047.17892680544,2055.64932479911,2047.5534329758,2017.23454494222,2043.51008348499,2049.1301349301,2039.16394873456,2042.58820688576,2041.79912347865,2035.02167815341,2052.76310627911,2023.87718205287,2025.32791893524,2032.20622505626,2017.26025768054,2027.11877333436,2026.04351030816,2014.17799346871,2015.27848304331,2028.32063970584,2024.79529130971,2028.16012139958,2019.28155394766,2010.90734249201,2009.85897269262,2028.29509530886,2007.21231377614,2032.18099703477,2002.85200938365,2013.45098494099,2005.70243500304,2004.1648510566,2008.79092768864,2022.72403782446,2033.83772091668,2020.19512507706,2009.65251224209,2007.31640643913,2023.79315998438,2026.47549504152,2004.54393822795,2019.65999178959,1998.68924113835,2009.2335508841,1996.13050980505,2010.96557244944,1999.68063990946,2002.88769808943,2001.68807710763,2000.19676147209,2005.38824274038,2016.63882090835,1996.15817004628,2001.84834198155,1998.09004287502,2002.72480051117,2005.27525484385,2003.46904480803,2006.95973412463,2001.21665170638,1997.00503787547,2007.91323079573,2020.92627972034,2008.28229142719,2005.75598397948,1999.33746583252,1986.76295827308,2014.82769202611,2012.14284345215,2009.88017947245,1996.6415956742,2003.94709961929,1991.00386695032,2012.65024632362,2006.9306536988,1996.73140278648,1996.70805917827,2010.71146161601,2002.00990201574,2006.31655700673,1988.65654370528,2001.36683662401,1999.24771307037,2001.50010390035,2019.75725232735,2006.22849887633,1975.49111246042,1985.21554281837,1975.15354225296,1988.2395154469,1976.63725843568,1999.38441932193,1954.91010197968,1936.46301992674
