,Temperature,A13,A14,A15,A16,A17,A18,B13,B14,B15,B16,B17,B18,C13,C14,C15,C16,C17,C18,D13,D14,D15,D16,D17,D18,E13,E14,E15,E16,E17,E18,F13,F14,F15,F16,F17,F18,G13,G14,G15,G16,G17,G18,H13,H14,H15,H16,H17,H18,I13,I14,I15,I16,I17,I18,J13,J14,J15,J16,J17,J18,K13,K14,K15,K16,K17,K18,L13,L14,L15,L16,L17,L18,M13,M14,M15,M16,M17,M18,N13,N14,N15,N16,N17,N18,O13,O14,O15,O16,O17,O18,P13,P14,P15,P16,P17,P18
,65,4698.34612809238,4628.38690909735,2010.11984197052,1998.87057283636,2029.93983063141,2043.92053781408,4698.34612809238,4295.78196448983,2004.55024853138,2000.88370483711,2016.48713335212,2035.78780742231,4467.98817040484,4628.38690909735,2005.88447409378,1999.31936233573,2015.82913305902,2026.06979834329,4467.98817040484,4295.78196448983,1987.64419255535,1985.24891649928,2007.33176715312,2014.34733788403,4467.98817040484,4124.66035476034,2018.62146793002,2015.67939276151,2005.66635486269,2007.87749144124,4526.93670554409,4339.34487788696,1981.01527064358,1982.83590646505,2007.05073593378,2013.94553232481,4204.51448917748,4628.38690909735,1995.07505594507,1991.18310341245,1994.08829469701,2105.85933900605,4438.13579432348,4295.78196448983,1979.860414594,1973.39476903689,1994.4771240715,3301.63221173643,4494.40708789432,4441.04203649979,1977.85965895576,2001.41783827725,1992.9399165884,2603.77747235664,4204.51448917748,4494.40708789432,1975.4679746484,1969.48432463242,1976.80962578779,2085.26516385113,3901.21823784788,1995.46755940351,1990.01212884465,1977.58742345085,1991.51482863498,4175.4983593201,3346.5063219337,1987.17105545488,1998.55030099393,1978.32357783378,1990.68568364702,4305.33332556801,3537.27170238269,2013.0657915153,1989.71531738251,1995.62490378755,2000.62521010696,4681.42197320282,2834.92462764005,2005.05205413295,1997.81698491799,1995.46547740246,1987.83310175575,4558.62982315986,4204.51448917748,2015.40559987652,2008.48146401474,2016.3321873173,1998.38366089229,4755.25855469053,4494.40708789432,2043.92981209203,1991.52894424932,2001.73577157825,1993.04809147471,4689.5874831963
,65.5,4684.79490280669,4607.23551050338,2010.46761253069,1998.75847137262,2029.64214686209,2044.10658280998,4684.79490280669,4271.19112513887,2004.91601310337,2000.68714984611,2016.66104885736,2035.65828830951,4457.06784905655,4607.23551050338,2005.8217588638,1999.60591252909,2015.85108936876,2025.7945785213,4457.06784905655,4271.19112513887,1988.15171670021,1985.43058392129,2007.09709952934,2014.01614998888,4457.06784905655,4108.87103321923,2018.78842159623,2015.47147873587,2005.60238131752,2007.90635966016,4508.93214825866,4316.63994203482,1981.14736820543,1982.95959439858,2007.05208081306,2013.67573832774,4184.09256430028,4607.23551050338,1994.89091023061,1991.11340028579,1994.62935754363,2104.44635499163,4409.32527523539,4271.19112513887,1979.85296524484,1973.42061968538,1994.57575679377,3280.19055980939,4476.04203519481,4424.03801717963,1977.91518400099,2001.56687177062,1992.68912105103,2592.75334242614,4184.09256430028,4476.04203519481,1975.56503700038,1969.66400083242,1976.85696280186,2083.61531817491,3882.10221334096,1995.00342649132,1989.76546333883,1977.70362548515,1991.72533072176,4156.99168280641,3327.90177356601,1987.28678421596,1998.81862302503,1978.54588234611,1990.9569342332,4290.83638435304,3517.62758114013,2013.05645723264,1989.84407574333,1995.64379269778,2000.60642361321,4669.88916432806,2820.28372165711,2005.01183375056,1997.56468291561,1995.64905172961,1988.23854787851,4547.96901362413,4184.09256430028,2015.35866802396,2008.59767341331,2016.39439956309,1998.53829434899,4741.33462158324,4476.04203519481,2044.20110226395,1991.3424874454,2002.16896760793,1993.18788752471,4671.08496817429
,66,4671.24367752099,4586.08411190941,2010.81538309085,1998.64636990888,2029.34446309276,2044.29262780587,4671.24367752099,4246.6002857879,2005.28177767535,2000.4905948551,2016.83496436259,2035.5287691967,4446.14752770825,4586.08411190941,2005.75904363382,1999.89246272244,2015.8730456785,2025.51935869931,4446.14752770825,4246.6002857879,1988.65924084508,1985.61225134329,2006.86243190556,2013.68496209373,4446.14752770825,4093.08171167813,2018.95537526245,2015.26356471023,2005.53840777235,2007.93522787909,4490.92759097323,4293.93500618267,1981.27946576729,1983.0832823321,2007.05342569234,2013.40594433067,4163.67063942307,4586.08411190941,1994.70676451614,1991.04369715914,1995.17042039025,2103.03337097721,4380.5147561473,4246.6002857879,1979.84551589568,1973.44647033387,1994.67438951603,3258.74890788234,4457.6769824953,4407.03399785947,1977.97070904623,2001.715905264,1992.43832551367,2581.72921249564,4163.67063942307,4457.6769824953,1975.66209935235,1969.84367703242,1976.90429981593,2081.96547249868,3862.98618883405,1994.53929357914,1989.51879783301,1977.81982751945,1991.93583280855,4138.48500629272,3309.29722519832,1987.40251297703,1999.08694505612,1978.76818685844,1991.22818481938,4276.33944313808,3497.98345989757,2013.04712294998,1989.97283410415,1995.66268160801,2000.58763711945,4658.3563554533,2805.64281567417,2004.97161336818,1997.31238091322,1995.83262605677,1988.64399400127,4537.30820408839,4163.67063942307,2015.3117361714,2008.71388281188,2016.45661180888,1998.6929278057,4727.41068847594,4457.6769824953,2044.47239243587,1991.15603064148,2002.60216363762,1993.3276835747,4652.58245315228
,66.5,4657.69245223529,4564.93271331545,2011.16315365102,1998.53426844513,2029.04677932343,2044.47867280177,4657.69245223529,4222.00944643694,2005.64754224734,2000.2940398641,2017.00887986782,2035.39925008389,4435.22720635996,4564.93271331545,2005.69632840383,2000.17901291579,2015.89500198825,2025.24413887732,4435.22720635996,4222.00944643694,1989.16676498994,1985.7939187653,2006.62776428178,2013.35377419858,4435.22720635996,4077.29239013702,2019.12232892866,2015.05565068459,2005.47443422718,2007.96409609801,4472.9230336878,4271.23007033052,1981.41156332914,1983.20697026563,2007.05477057162,2013.13615033359,4143.24871454586,4564.93271331545,1994.52261880168,1990.97399403249,1995.71148323687,2101.62038696279,4351.70423705921,4222.00944643694,1979.83806654652,1973.47232098237,1994.7730222383,3237.3072559553,4439.31192979579,4390.02997853931,1978.02623409146,2001.86493875737,1992.1875299763,2570.70508256513,4143.24871454586,4439.31192979579,1975.75916170433,1970.02335323242,1976.95163683,2080.31562682246,3843.87016432713,1994.07516066695,1989.2721323272,1977.93602955375,1992.14633489533,4119.97832977903,3290.69267683064,1987.51824173811,1999.35526708722,1978.99049137076,1991.49943540556,4261.84250192311,3478.339338655,2013.03778866732,1990.10159246497,1995.68157051824,2000.5688506257,4646.82354657854,2791.00190969123,2004.9313929858,1997.06007891083,1996.01620038392,1989.04944012404,4526.64739455266,4143.24871454586,2015.26480431884,2008.83009221045,2016.51882405467,1998.8475612624,4713.48675536864,4439.31192979579,2044.74368260779,1990.96957383756,2003.0353596673,1993.4674796247,4634.07993813027
,67,4644.14122694959,4543.78131472148,2011.51092421119,1998.42216698139,2028.74909555411,2044.66471779766,4644.14122694959,4197.41860708598,2006.01330681932,2000.09748487309,2017.18279537306,2035.26973097109,4424.30688501166,4543.78131472148,2005.63361317385,2000.46556310915,2015.91695829799,2024.96891905533,4424.30688501166,4197.41860708598,1989.67428913481,1985.97558618731,2006.393096658,2013.02258630343,4424.30688501166,4061.50306859591,2019.28928259487,2014.84773665895,2005.410460682,2007.99296431693,4454.91847640237,4248.52513447837,1981.54366089099,1983.33065819916,2007.0561154509,2012.86635633652,4122.82678966866,4543.78131472148,1994.33847308722,1990.90429090584,1996.25254608349,2100.20740294837,4322.89371797112,4197.41860708598,1979.83061719736,1973.49817163086,1994.87165496057,3215.86560402826,4420.94687709628,4373.02595921915,1978.08175913669,2002.01397225075,1991.93673443894,2559.68095263463,4122.82678966866,4420.94687709628,1975.85622405631,1970.20302943241,1976.99897384407,2078.66578114624,3824.75413982022,1993.61102775477,1989.02546682138,1978.05223158805,1992.35683698212,4101.47165326534,3272.08812846295,1987.63397049919,1999.62358911832,1979.21279588309,1991.77068599174,4247.34556070815,3458.69521741244,2013.02845438466,1990.23035082578,1995.70045942846,2000.55006413195,4635.29073770378,2776.3610037083,2004.89117260342,1996.80777690844,1996.19977471108,1989.4548862468,4515.98658501692,4122.82678966866,2015.21787246628,2008.94630160902,2016.58103630046,1999.00219471911,4699.56282226135,4420.94687709628,2045.01497277971,1990.78311703364,2003.46855569698,1993.60727567469,4615.57742310826
,67.5,4630.59000166388,4522.62991612749,2011.85869477136,1998.31006551765,2028.4514117848,2044.85076279361,4630.59000166388,4172.82776773506,2006.37907139127,1999.90092988204,2017.35671087831,2035.14021185827,4413.38656366331,4522.62991612749,2005.57089794388,2000.75211330247,2015.93891460774,2024.69369923331,4413.38656366331,4172.82776773506,1990.18181327964,1986.15725360931,2006.1584290342,2012.69139840825,4413.38656366331,4045.71374705483,2019.45623626108,2014.63982263332,2005.3464871368,2008.02183253584,4436.91391911686,4225.82019862627,1981.67575845285,1983.45434613269,2007.05746033018,2012.59656233949,4102.40486479136,4522.62991612749,1994.15432737276,1990.83458777913,1996.79360893017,2098.79441893391,4294.08319888308,4172.82776773506,1979.82316784815,1973.52402227936,1994.97028768282,3194.42395210123,4402.58182439684,4356.02193989895,1978.13728418193,2002.16300574409,1991.68593890157,2548.65682270408,4102.40486479136,4402.58182439684,1975.95328640828,1970.38270563242,1977.04631085814,2077.01593547002,3805.63811531331,1993.14689484256,1988.77880131558,1978.16843362237,1992.56733906894,4082.96497675155,3253.48358009525,1987.74969926031,1999.89191114942,1979.4351003954,1992.04193657788,4232.84861949315,3439.05109616988,2013.01912010197,1990.35910918658,1995.71934833866,2000.53127763823,4623.75792882903,2761.72009772535,2004.850952221,1996.55547490607,1996.38334903824,1989.86033236957,4505.32577548116,4102.40486479136,2015.17094061373,2009.06251100762,2016.64324854625,1999.15682817579,4685.63888915403,4402.58182439684,2045.28626295164,1990.59666022967,2003.90175172664,1993.74707172469,4597.07490808621
,68,4617.03877637818,4501.47851753352,2012.20646533153,1998.19796405391,2028.15372801548,2045.03680778951,4617.03877637818,4148.2369283841,2006.74483596325,1999.70437489103,2017.53062638354,2035.01069274547,4402.46624231502,4501.47851753352,2005.50818271389,2001.03866349583,2015.96087091749,2024.41847941132,4402.46624231502,4148.2369283841,1990.68933742451,1986.33892103132,2005.92376141042,2012.3602105131,4402.46624231502,4029.92442551372,2019.62318992729,2014.43190860768,2005.28251359162,2008.05070075476,4418.90936183143,4203.11526277413,1981.8078560147,1983.57803406622,2007.05880520946,2012.32676834241,4081.98293991416,4501.47851753352,1993.9701816583,1990.76488465248,1997.33467177679,2097.38143491949,4265.27267979498,4148.2369283841,1979.81571849899,1973.54987292786,1995.06892040509,3172.98230017419,4384.21677169733,4339.01792057879,1978.19280922716,2002.31203923747,1991.4351433642,2537.63269277357,4081.98293991416,4384.21677169733,1976.05034876026,1970.56238183242,1977.09364787221,2075.3660897938,3786.52209080639,1992.68276193037,1988.53213580977,1978.28463565667,1992.77784115572,4064.45830023787,3234.87903172756,1987.86542802139,2000.16023318052,1979.65740490773,1992.31318716406,4218.35167827819,3419.40697492732,2013.00978581931,1990.48786754739,1995.73823724889,2000.51249114448,4612.22511995428,2747.07919174241,2004.81073183861,1996.30317290368,1996.56692336539,1990.26577849233,4494.66496594542,4081.98293991416,2015.12400876117,2009.17872040619,2016.70546079204,1999.3114616325,4671.71495604673,4384.21677169733,2045.55755312356,1990.41020342575,2004.33494775632,1993.88686777468,4578.5723930642
,68.5,4596.72003499258,4474.50491416103,2012.34685155751,1997.99358316991,2027.96405961849,2045.22936180505,4596.72003499258,4118.3929125304,2006.99383823812,1999.67441788976,2017.76003001214,2034.95159822554,4384.76263421985,4474.50491416103,2005.27683775159,2001.16331537422,2015.73988918787,2024.02362182918,4384.76263421985,4118.3929125304,1990.99920550349,1986.30075038088,2005.56742299919,2011.89885084572,4384.76263421985,4008.99753333871,2019.73586844535,2014.30123799651,2005.23091736777,2008.03482762933,4393.11659543144,4174.95942734487,1981.7951382063,1983.43164108869,2006.81577724092,2012.05656004182,4056.51895474482,4474.50491416103,1993.85245217719,1990.61848129835,1997.74403127646,2095.57749931496,4232.74468978614,4118.3929125304,1979.62343132777,1973.45386539866,1995.1122256014,3148.93935465624,4360.20149868886,4316.03550721497,1978.1088795601,2002.31862633416,1991.36967058591,2525.23586896152,4056.51895474482,4360.20149868886,1975.99249016909,1970.56821604161,1977.21218651619,2073.32765101889,3762.19230537832,1992.12520779639,1988.23078646743,1978.44731061408,1992.85420655239,4042.07932667346,3213.35998739537,1987.77698553074,2000.43593612405,1979.61038353525,1992.50745336951,4198.92247836605,3396.08471153782,2013.08637814874,1990.6751012768,1995.69916064881,2000.49893017824,4595.02844671972,2730.65743784595,2004.83252870413,1995.95958965174,1996.87030937892,1990.33425146416,4478.66417632997,4056.51895474482,2015.24691119273,2009.29143557727,2016.91627640609,1999.42868829446,4652.74205564373,4360.20149868886,2045.83015433257,1990.31474741401,2004.72132234508,1993.92544669174,4556.38623688548
,69,4570.33902046185,4443.11946931424,2012.59848242602,1997.67656143205,2027.71872602389,2045.45462127257,4570.33902046185,4085.10466737976,2007.20815255184,1999.53819256001,2018.03486034254,2034.92753354673,4360.91530665059,4443.11946931424,2005.04235560429,2001.0756143168,2015.42034106029,2023.83394169093,4360.91530665059,4085.10466737976,1991.22222828449,1986.32579362538,2005.33117834644,2011.56211012625,4360.91530665059,3983.26681658065,2019.73845759956,2014.26575414113,2005.18811947411,2007.8600184881,4361.06910401866,4142.91846894773,1981.65758122438,1983.5164029753,2006.48240466127,2011.74644515508,4026.82600913205,4443.11946931424,1993.62222229701,1990.67037901345,1998.25843490716,2093.71908991966,4198.00165498136,4085.10466737976,1979.31173790312,1973.41549122116,1995.04843545165,3122.84707240025,4331.39193806109,4288.27799793424,1978.17648395102,2002.25992120552,1991.5326231374,2511.87890009704,4026.82600913205,4331.39193806109,1975.83684604238,1970.40156039125,1977.25130930317,2071.36040577516,3733.84431774502,1991.50081838359,1987.89759165882,1978.77531414025,1992.81822367609,4016.05738853609,3189.65136900283,1987.66807865164,2000.66170516707,1979.42698514689,1992.66396181744,4175.57582627323,3369.65208858114,2012.9363285316,1991.05552473384,1996.01105160053,2000.33138720652,4572.48823094516,2713.12561132858,2005.01442015455,1995.8222429222,1997.38233503933,1990.52808294783,4457.72340985682,4026.82600913205,2015.24363144556,2009.06680143248,2016.99063631296,1999.54071103745,4629.098572707,4331.39193806109,2045.9778652303,1990.17255043662,2005.14445657425,1993.94730909219,4530.84458292438
,69.5,4538.21054309322,4408.29061293185,2012.86056848078,1997.68502545025,2027.55246370941,2045.41065667793,4538.21054309322,4049.46857626238,2007.21337762554,1999.54607412214,2018.12839058185,2034.72179992019,4331.8807950537,4408.29061293185,2004.81224324728,2001.15600778724,2014.93939679375,2023.49231628017,4331.8807950537,4049.46857626238,1991.43189188635,1986.10644451436,2005.33298950612,2011.11805829235,4331.8807950537,3953.44052978943,2019.70345481014,2014.52326856525,2005.16843530021,2007.9131244127,4324.14772221405,4108.11232629139,1981.67094516651,1983.80215194353,2006.64298976818,2011.73909018824,3993.89723500564,4408.29061293185,1993.43016782196,1990.63635386341,1998.25184795906,2091.50315593033,4162.18241435549,4049.46857626238,1979.19058250094,1973.14844612711,1995.02905587358,3095.41262080912,4298.47169095171,4256.57289199957,1978.23287151829,2002.14483096618,1991.68650636911,2497.99214424979,3993.89723500564,4298.47169095171,1975.72096325199,1970.12069123069,1977.04928958147,2069.35659042093,3702.25553280278,1991.02220446667,1987.68212402776,1979.01368686603,1992.69709789106,3987.07952407267,3164.38102234315,1987.49343522901,2000.81528869859,1979.26021081855,1992.72066524849,4148.76500991151,3340.7837482179,2012.79436049112,1991.44177185977,1996.31137273569,2000.06987487479,4545.31715147714,2694.61581120277,2004.89186717318,1995.81493893651,1997.90682870556,1990.71195404374,4432.80828423204,3993.89723500564,2015.3223781267,2008.99188010001,2017.08956837098,1999.62811965348,4601.59281148612,4298.47169095171,2046.03445011568,1990.10310459271,2005.36467243497,1993.80592354221,4502.54599172774
,70,4501.98441652243,4370.74632578705,2012.79023728671,1997.6386085639,2027.47774879932,2045.34736478999,4501.98441652243,4012.32561777262,2007.22368069189,1999.36320557093,2018.26725594289,2034.53952504033,4298.47908132312,4370.74632578705,2004.77701988915,2000.80890550897,2014.62343679974,2023.01856362949,4298.47908132312,4012.32561777262,1991.40937672836,1985.87101216115,2005.47720925936,2010.90305135178,4298.47908132312,3920.45111628897,2019.71476030594,2014.77034632973,2004.98569764017,2008.01131865659,4283.99564110598,4071.50000656826,1981.55271397061,1983.9140060182,2006.62052965586,2011.48286800107,3958.67561827911,4370.74632578705,1993.3940033526,1990.6863134781,1998.26488466675,2089.34779489156,4126.23447118044,4012.32561777262,1978.92197974235,1973.0383310102,1994.95462844066,3067.09291613079,4262.81709813238,4222.04320067283,1978.26737408684,2001.72079576268,1991.86993571671,2483.69874481967,3958.67561827911,4262.81709813238,1975.82536479228,1970.07470763724,1976.93441327472,2067.21119694319,3668.53204753457,1990.88553193636,1987.65440357745,1979.1576944232,1992.72430661894,3955.7890640009,3137.92180998094,1987.35731462901,2000.752430654,1979.00957303813,1992.53736147407,4119.19226660037,3310.35032455922,2012.47672484402,1992.05954078858,1996.77329819884,1999.93732363759,4514.27106673927,2675.51272383901,2004.77220052454,1995.86051724925,1998.27267654389,1990.61028821198,4404.54636224542,3958.67561827911,2015.2434176224,2008.8862496682,2017.18831148362,1999.62073314054,4571.18445504062,4262.81709813238,2045.83578655916,1990.16067252448,2005.38463965635,1993.8137443442,4472.00007115564
,70.5,4462.50676289302,4330.97166989515,2012.5905421493,1997.75433491866,2027.44251424797,2045.21819229882,4462.50676289302,3974.63572902908,2007.07354967472,1999.42899802535,2018.52764660055,2034.5249717552,4261.6714882923,4330.97166989515,2004.78789456787,2000.52013085693,2014.26255265983,2022.72984722257,4261.6714882923,3974.63572902908,1991.17138514726,1985.5247209785,2005.63593458265,2010.686027929,4261.6714882923,3884.92949332864,2019.79887534946,2014.93905008052,2004.88428907711,2007.99254063221,4242.03078140114,4033.80656675389,1981.22075896227,1983.68262951745,2006.25711111993,2011.22401478877,3921.86834894549,4330.97166989515,1993.42484350409,1990.79349374173,1998.17051035811,2086.88518564141,4090.186864621,3974.63572902908,1978.75733590798,1972.74040357248,1994.75940694543,3038.18894399912,4225.49852605537,4185.35798156266,1978.2570018247,2001.30186125087,1992.07656612242,2468.92864696592,3921.86834894549,4225.49852605537,1975.8887040241,1970.14050359262,1976.96556172855,2065.15509576368,3633.34541352762,1990.87157491462,1987.7583173323,1979.31794580041,1992.63190974051,3923.00913863639,3110.29685149521,1987.13433422127,2000.64518824591,1978.60554197401,1992.31863627218,4087.44589424203,3278.74282937569,2012.28901232739,1992.29971416604,1997.18204561212,1999.78034076501,4480.07252798385,2656.3183390312,2004.63653816531,1996.07786158319,1998.51378183114,1990.20939161544,4373.57037360943,3921.86834894549,2015.18311406297,2008.64370714323,2017.17087725495,1999.51847627397,4537.95404965466,4225.49852605537,2045.40161284298,1990.39729663388,2005.07867355809,1993.44213629193,4439.46414806051
,71,4420.88476121683,4289.71226239155,2012.48909124233,1997.69586006127,2027.41486310235,2045.11874634596,4420.88476121683,3936.82212062292,2006.76707777082,1999.52826378175,2018.49885383774,2034.5224492004,4222.26390490395,4289.71226239155,2004.92111528463,2000.19127214311,2013.95767527429,2022.4010741118,4222.26390490395,3936.82212062292,1990.91927348299,1985.25708889673,2005.89944647534,2010.32025366349,4222.26390490395,3847.45362017279,2019.73990493198,2015.09358023744,2004.62715400467,2007.93103940309,4198.95566138797,3995.88972668903,1981.02864133879,1983.532764627,2006.0490451097,2011.04078854459,3884.09595992186,4289.71226239155,1993.50745441261,1991.0445923007,1997.97091202046,2084.35708397188,4054.10888379482,3936.82212062292,1978.74615858251,1972.53728115236,1994.43988438217,3009.00941388289,4187.10295720468,4146.81049678814,1978.19152326817,2001.12225807863,1992.05922307048,2454.24888942207,3884.09595992186,4187.10295720468,1975.90552316169,1970.32870645894,1976.87490384516,2063.01347036714,3597.20482833862,1990.84198556119,1988.17506251425,1979.28349073891,1992.35720974365,3888.36816541064,3082.01157480613,1986.99102959015,2000.2693163845,1978.32503388477,1992.03162688392,4053.56218284791,3246.04379701337,2012.08673283199,1992.54140434063,1997.47025588805,1999.57900555554,4443.32067901688,2636.92184414345,2004.2892343922,1996.1434206797,1998.61024013214,1989.79457187939,4340.53405885275,3884.09595992186,2014.96310386013,2008.52188602996,2017.18203771959,1999.3529016383,4502.52865410822,4187.10295720468,2044.98862548907,1990.67265658413,2004.79393274002,1993.3412138987,4405.12699275862
,71.5,4377.83444024711,4247.15045490353,2012.29812997345,1997.78418619673,2027.5356461439,2045.09220707873,4377.83444024711,3898.83574475261,2006.43049080225,1999.62109038585,2018.16927006262,2034.47640923774,4181.10425976466,4247.15045490353,2005.05418541511,2000.25153414829,2013.85891669097,2022.09796813031,4181.10425976466,3898.83574475261,1990.53128481469,1985.08356760199,2006.04057758498,2010.10036874109,4181.10425976466,3808.78966222884,2019.56978035677,2015.00231864401,2004.32340487622,2007.88136388619,4155.35504316459,3957.84403664375,1981.00047169075,1983.16419884807,2005.78226600023,2010.88088345202,3846.24509257822,4247.15045490353,1993.55363776614,1991.08119808431,1997.65410390987,2081.60160366447,4018.12359052946,3898.83574475261,1978.78148681002,1972.40513620719,1994.09722162651,2979.55786131502,4148.19054254027,4107.1320018722,1977.99134211079,2000.9497121778,1991.83886345376,2439.32818802292,3846.24509257822,4148.19054254027,1975.97563548547,1970.6837405348,1976.86598971955,2060.73786682292,3560.3981725415,1990.83052165078,1988.56951515281,1978.99594785568,1992.2479781622,3852.2479189222,3053.35534943548,1986.91981225949,1999.84725237679,1978.10943071721,1991.69941449716,4017.77944661801,3212.51485464889,2012.12998834569,1992.44378942774,1997.41978156219,1999.40414134681,4404.4096876566,2617.50422995663,2003.88022842913,1996.24463079357,1998.55725584271,1989.3794092125,4305.63216499962,3846.24509257822,2014.95657148508,2008.68851428957,2017.34810730533,1999.22880936697,4465.14059061603,4148.19054254027,2044.61820913371,1991.15749354604,2004.38375024158,1993.24952609006,4369.08406717521
,72,4334.11767491147,4203.72137349892,2012.02877695697,1997.69548351753,2027.64041357378,2045.22106557079,4334.11767491147,3860.87727350717,2005.99793643439,1999.65629129394,2017.75048331821,2034.3537396722,4138.89018487403,4203.72137349892,2005.25068790014,2000.30116784438,2013.83950201417,2021.94195264994,4138.89018487403,3860.87727350717,1990.25317036375,1984.99256836097,2005.9338030903,2009.87159716884,4138.89018487403,3769.46383227845,2019.46108552719,2014.60475703874,2004.04635380973,2007.559212417,4111.60306384466,3919.76224510498,1980.74602041113,1982.60753743199,2005.07932791973,2010.68011243381,3808.39915028133,4203.72137349892,1993.43725612841,1991.2141694345,1997.40896786954,2078.87288480306,3982.19007535467,3860.87727350717,1978.76847351656,1972.34068876845,1993.71040109053,2949.82272692912,4109.73712236773,4067.28234665258,1977.70082912536,2000.91631707962,1991.7007782626,2424.33179137076,3808.39915028133,4109.73712236773,1975.76062630899,1970.76048373563,1976.7710286938,2058.17090436465,3523.167461445,1990.79002577445,1988.79512410642,1978.70827185878,1992.03574575453,3815.12197052259,3024.59722327838,1986.93527050924,1999.49787467371,1977.86525577332,1991.35942260452,3980.10241385859,3178.34876054408,2012.01174034744,1992.18031332821,1997.20550787993,1999.26918292364,4363.39857594277,2598.17056188029,2003.7246731376,1996.48416167627,1998.34615781482,1988.67217684206,4268.41340278327,3808.39915028133,2014.66236197237,2008.54669317392,2017.22549694272,1999.03661178623,4425.57498973542,4109.73712236773,2044.053744125,1991.54891682893,2003.78728561087,1993.10470609089,4331.11094974
,72.5,4290.25245436561,4160.18012298857,2011.97970407735,1997.63062180548,2027.65898321983,2045.47094506978,4290.25245436561,3823.24955155611,2005.71363028746,1999.6775481446,2017.36707410724,2034.10823312352,4096.29385374919,4160.18012298857,2005.17450583857,2000.42001455886,2013.56083191022,2021.58606220992,4096.29385374919,3823.24955155611,1989.89983108376,1984.93311129155,2005.73850444506,2009.41411681589,4096.29385374919,3729.91440475511,2019.22251796326,2014.37803012348,2003.80833855515,2007.15015657613,4067.84907033343,3881.79659580415,1980.45487974221,1982.10910586945,2004.68001543272,2010.73690289575,3770.64684720318,4160.18012298857,1993.30636059825,1991.406236852,1997.23451062544,2076.05606685001,3946.17275679655,3823.24955155611,1978.86700447622,1972.30901032066,1993.26310634244,2919.91491940438,4071.54152787106,4027.28191695614,1977.41934580595,2001.25612176922,1991.64981333412,2409.46292192478,3770.64684720318,4071.54152787106,1975.35510166332,1970.77241920647,1976.65539705856,2055.71487433283,3485.88529752957,1990.64715228155,1988.73639726812,1978.39165908257,1991.54825657248,3777.22406711312,2996.10742956322,1987.10033466832,1999.25220769601,1977.85171739442,1991.05330443644,3941.45747920482,3143.83828434515,2012.33765262874,1991.77135049812,1996.9079776574,1998.95656074774,4321.07958663872,2579.13558403452,2003.52580284167,1996.66931464936,1998.16106523309,1988.22866801727,4229.71371195,3770.64684720318,2014.56773300748,2008.42565702329,2017.0020621173,1998.8458872148,4384.21232731053,4071.54152787106,2043.55474651413,1991.77752534351,2003.4163471925,1992.89262790814,4292.09303877315
,73,4246.32681619136,4116.72891389935,2011.83984986987,1997.43605648384,2027.7327316768,2045.5723259015,4246.32681619136,3785.70627553588,2005.37268895704,1999.63442669372,2016.78803757704,2033.56065566213,4053.67973747806,4116.72891389935,2004.98972369298,2000.27182452396,2013.5925377408,2021.25728946056,4053.67973747806,3785.70627553588,1989.75283647042,1984.92275514442,2005.64461723915,2009.10793109801,4053.67973747806,3690.45908359809,2018.96542752889,2014.10604579963,2003.58730935588,2006.70524339346,4024.05003708511,3843.70885845506,1980.42750003475,1981.96820276888,2004.60716058929,2010.76134017093,3732.94332087456,4116.72891389935,1993.07874841527,1991.43089191783,1997.0121052244,2073.4513833172,3910.24187363348,3785.70627553588,1978.81740426278,1972.61158001951,1992.92636670447,2889.7375934293,4033.37952563427,3987.28778254337,1977.1267766862,2001.44761528188,1991.55480945254,2394.89016629618,3732.94332087456,4033.37952563427,1974.95149119532,1970.4683686126,1976.45845393598,2053.14564427337,3448.7374326214,1990.45383425347,1988.44520520801,1977.92938407544,1991.10195217441,3738.70200823537,2968.09327180183,1987.14309332865,1998.96253549577,1977.9397761623,1990.63913753839,3901.5463364519,3108.90738128577,2012.45810955221,1991.48071214106,1996.51516664997,1998.66819411097,4277.41960054908,2560.27643626887,2003.28523983356,1996.61513354237,1997.86083275019,1987.84738777023,4189.73647855842,3732.94332087456,2014.41365141931,2008.36529292475,2016.60680849886,1998.52727911457,4341.81580714176,4033.37952563427,2043.0121811268,1991.78006958271,2003.1359063853,1992.64339207571,4252.36875133927
,73.5,4202.6298876708,4073.42910091377,2011.56993115902,1997.44420264927,2027.68829670108,2045.63802369574,4202.6298876708,3748.39113660306,2005.12505693119,1999.54028010598,2016.56198816576,2033.03511124481,4011.33455447034,4073.42910091377,2004.7522186827,2000.12271909537,2013.64733900654,2021.04155886353,4011.33455447034,3748.39113660306,1989.58122958189,1985.01312735254,2005.39843773233,2009.03772719108,4011.33455447034,3651.14536932887,2018.93899527403,2013.84965970362,2003.51358769575,2006.43882748207,3980.34108856257,3805.43023471036,1980.26554145136,1981.81176841264,2004.50232591796,2010.80576538004,3695.46670733873,4073.42910091377,1992.74646631273,1991.2150432606,1996.83267237122,2071.01137848939,3874.57627205714,3748.39113660306,1978.70905306795,1972.93755067951,1992.86883027752,2859.42326023027,3995.34666940202,3947.63427507915,1976.85996828429,2001.45697106918,1991.53403676088,2380.18170960341,3695.46670733873,3995.34666940202,1974.62955778111,1969.93577509545,1976.19179643776,2050.72500190113,3411.9221652321,1990.41419825418,1987.67042044093,1977.66551935638,1990.89201563691,3700.17354658501,2940.37628811972,1987.06807269221,1998.8604082553,1977.88176459628,1990.11114853233,3860.72596496785,3073.55829832189,2012.52103846421,1991.00455910377,1996.07524340019,1998.29697306323,4232.97718837003,2541.6811454514,2003.2141225152,1996.58791534741,1997.58406217836,1987.42521498779,4148.75917522792,3695.46670733873,2014.20482403271,2008.14895439677,2016.14595134488,1998.56125257314,4298.6834344874,3995.34666940202,2042.54390731836,1991.73755138145,2002.75454525271,1992.08779353123,4211.96395577675
,74,4159.0818649846,4030.42132086812,2011.31610157836,1997.4326029678,2027.61952413978,2045.48222177756,4159.0818649846,3711.26157334918,2004.91899274841,1999.44566071174,2016.65970437481,2032.59099335826,3969.27950271414,4030.42132086812,2004.55944565397,1999.6175083655,2013.52925349887,2020.75399433838,3969.27950271414,3711.26157334918,1989.67757533885,1985.0997147796,2005.21421092298,2008.66365083901,3969.27950271414,3612.12664676706,2019.04082672774,2013.76692524383,2003.34399755084,2006.41170868526,3936.80489445565,3767.02830771244,1980.03775633834,1981.74695962324,2004.57733968237,2010.91391816144,3657.76605910055,4030.42132086812,1992.4085513205,1990.97637343242,1996.6216357666,2068.73277881453,3839.13333866842,3711.26157334918,1978.5611483701,1973.18638256086,1992.80159617153,2828.90924814671,3957.51372947852,3908.07929313868,1976.6199906933,2001.55082141559,1991.45676345298,2365.69933032363,3657.76605910055,3957.51372947852,1974.34991908734,1969.18482226815,1975.91049302547,2048.34808612935,3375.30949891647,1990.57583679512,1986.96471675006,1977.71254385415,1990.66432257752,3662.12148622333,2912.97496009611,1986.86842135229,1998.77290235812,1977.82052293515,1989.65729094748,3819.47029405688,3037.72506151226,2012.47929149803,1990.83306881729,1995.84436244951,1998.14278132221,4188.2890919309,2523.38618890992,2003.15453999651,1996.53279525915,1997.28260231055,1987.05659692029,4107.51759457567,3657.76605910055,2013.86150538342,2007.98492784792,2015.4840761902,1998.52035632049,4255.06161510495,3957.51372947852,2042.17220364329,1991.47823313652,2002.55748247938,1991.46541852968,4171.43511211378
,74.5,4115.92220983992,3987.66801753268,2011.13427991581,1997.44211681728,2027.29366640942,2045.13656604564,4115.92220983992,3674.40323665112,2004.67318823908,1999.28891552539,2016.89749555305,2032.09505026756,3927.54671823197,3987.66801753268,2004.30123354297,1999.02927380831,2013.48152414361,2020.54179904451,3927.54671823197,3674.40323665112,1989.55051748632,1984.96705994199,2004.98719967234,2008.34132673647,3927.54671823197,3573.32122596221,2019.05486095562,2014.02702117477,2003.05893209187,2006.59509099136,3893.66749923741,3728.63125513126,1980.07827360045,1981.71970721606,2004.983851161,2010.88496211082,3620.19698387053,3987.66801753268,1992.11539175615,1990.53696047884,1996.54826837642,2066.48996032378,3803.89370894444,3674.40323665112,1978.37709835258,1973.46504423565,1992.60803407074,2798.02973437772,3919.52764354367,3868.32483666387,1976.49890071987,2001.49422699278,1991.21094532522,2351.07068584356,3620.19698387053,3919.52764354367,1974.22457988905,1968.90855386625,1975.63163093905,2046.21297115676,3338.97254670449,1990.65930127754,1986.34774043387,1977.67631799547,1990.56483305275,3624.1094698806,2885.93760654935,1986.58066665076,1998.82629863568,1977.69979840953,1989.20341525277,3778.04568685844,3001.28170308542,2012.57675364152,1990.70396060699,1995.58998081717,1997.90718810557,4143.58777323282,2505.32316352507,2003.04503503704,1996.18486158628,1996.80768484642,1986.9962064618,4066.6827081646,3620.19698387053,2013.70077999558,2007.89744002393,2014.94723390786,1998.48126944639,4211.39668539603,3919.52764354367,2041.95374757022,1991.246301835,2002.5980671022,1990.97977919301,4131.07562111216
,75,4072.94343602372,3944.97086367952,2010.86023030847,1997.35682039345,2027.10178444083,2044.65367888608,4072.94343602372,3637.67957811694,2004.23896140045,1999.24206996722,2017.14884786199,2031.66781947083,3885.94592506548,3944.97086367952,2004.11568135518,1998.4437622813,2013.72274201378,2020.62527279227,3885.94592506548,3637.67957811694,1989.53198333984,1984.68247813141,2004.69978272314,2008.07881449571,3885.94592506548,3534.48566944072,2019.19645371098,2014.10884018141,2003.00800101876,2006.87730044207,3850.50165192391,3690.1435327712,1980.11488424789,1981.58541808075,2005.25180217866,2010.52700644613,3582.58243053367,3944.97086367952,1991.60871044627,1989.94090445183,1996.34219011167,2064.18617091724,3768.74272910641,3637.67957811694,1978.08674260454,1973.55063360465,1992.56443015938,2766.2915483419,3881.34734332137,3828.44647732299,1976.22289477609,2001.19372350955,1990.90456325716,2336.46780779329,3582.58243053367,3881.34734332137,1974.23782149818,1968.53058534357,1975.34350879369,2043.99158034669,3302.45585634177,1990.55745130886,1985.97375085421,1977.59513488421,1990.69583504727,3586.14448691608,2859.17015162507,1986.15850664557,1998.89399138496,1977.53458551771,1988.93606613212,3735.6467610953,2963.93807040846,2012.11622609197,1990.33545030341,1995.2177815479,1997.58971716547,4098.45654435131,2487.35442549445,2002.93870035566,1995.80102385552,1996.40494264201,1986.84632752622,4025.95905837802,3582.58243053367,2013.4692589287,2007.70032729084,2014.57391272966,1998.42714193398,4167.84402087586,3881.34734332137,2041.70121042416,1991.10854511437,2002.39656422761,1990.36212267412,4090.38229583181
,75.5,4030.56451209741,3902.47207390846,2010.57636206111,1997.44303223445,2026.97379820493,2044.22323194563,4030.56451209741,3601.1433076064,2004.05757614156,1998.98557084395,2017.41070781618,2031.33767367999,3844.36061443972,3902.47207390846,2003.94715680764,1998.10713091669,2013.70551400444,2020.81293912029,3844.36061443972,3601.1433076064,1989.39689205927,1984.52320779515,2004.37719862198,2007.76383844051,3844.36061443972,3495.67429642953,2019.18229293452,2014.09264918748,2002.93095670207,2007.19744718806,3807.63425500455,3651.98331556626,1979.90346484938,1981.2803094417,2005.41510707959,2010.30049069072,3545.16914915159,3902.47207390846,1991.23384570685,1989.5289054137,1996.06896247153,2061.91110185709,3733.56689975253,3601.1433076064,1977.83332979303,1973.3506750263,1992.42720005613,2733.45855225367,3843.18193024933,3788.48512057945,1976.11977206496,2000.89933929854,1990.55342646464,2321.33827481689,3545.16914915159,3843.18193024933,1974.35404705051,1968.37502573591,1975.052777787,2041.94349500863,3265.95990423925,1990.41590287616,1985.77015490071,1977.69961263124,1990.79981910533,3548.14849510683,2832.89699473188,1985.89173264069,1998.87258429459,1977.23152196895,1988.77316386063,3692.40984110614,2926.35456630852,2011.80818087378,1990.06920678847,1994.96678631411,1997.13383399747,4053.24253892204,2469.88964587262,2003.01895819706,1995.72303204052,1996.06630340676,1986.72196572176,3985.36792316802,3545.16914915159,2013.34908418456,2007.35367695397,2014.28620888678,1998.45635319831,4124.28204144294,3843.18193024933,2041.46772201636,1990.92818783306,2002.31089765545,1990.13649338251,4049.66024600323
,76,3988.36176178911,3860.24366910591,2010.29790519329,1997.40229615195,2026.7434953745,2043.62599073689,3988.36176178911,3564.72043755455,2003.96359999377,1998.64874830555,2017.4365394231,2030.84146051818,3802.53947547825,3860.24366910591,2003.71412188843,1998.08959727932,2013.70200034617,2021.10645032126,3802.53947547825,3564.72043755455,1989.3584074841,1984.22699093739,2004.14749848194,2007.29092062328,3802.53947547825,3457.2059421674,2018.92336588069,2014.09886665377,2002.78520088425,2007.34703387885,3764.99666127557,3613.93136411522,1979.5820197533,1981.0942550092,2005.60883863819,2010.02182218499,3507.69752342471,3860.24366910591,1990.86541099339,1989.32572967584,1995.96982988452,2059.75035024499,3698.22083787743,3564.72043755455,1977.5242886429,1973.0659102404,1992.11306998219,2698.35561202457,3804.83618563493,3748.50660980175,1976.11055005175,2000.66275288902,1990.20413731792,2305.75137253922,3507.69752342471,3804.83618563493,1974.40490980141,1968.40606640773,1974.86301447883,2039.9535914039,3229.35076288336,1990.2586172608,1985.89256742461,1977.8156180966,1990.80276558915,3510.08113014776,2807.26964556868,1985.71401202461,1998.84500210921,1977.14539375972,1988.78505391866,3647.85676869962,2889.21995784556,2011.6089508075,1989.88023879883,1994.93094956153,1996.82430636372,4007.44699309651,2452.78515079172,2003.22404900836,1995.86262060004,1995.83132187128,1986.81280320537,3944.81339907047,3507.69752342471,2013.53264440899,2007.14245937655,2013.99651522659,1998.21649647024,4080.60555444039,3804.83618563493,2041.17795885595,1990.8257274556,2002.52891272501,1990.11099908369,4008.89320356088
,76.5,3946.25218965935,3817.8882318213,2009.93776114836,1997.28715010361,2026.30854369263,2042.95151293321,3946.25218965935,3528.26628090469,2003.9687837927,1998.30885055879,2017.33766982337,2030.30933572425,3760.11274359599,3817.8882318213,2003.49687608351,1998.27218944573,2013.88148015006,2021.43189904967,3760.11274359599,3528.26628090469,1989.15664202305,1983.82781082471,2003.85704297388,2006.98290101898,3760.11274359599,3418.71776271337,2018.71460160968,2014.16198796653,2002.95973782834,2007.09713337352,3722.26426475327,3575.87337542239,1979.4967908766,1980.95422421071,2005.68791981631,2009.69390434889,3470.31627101096,3817.8882318213,1990.64694757762,1989.18618808807,1995.99580824665,2057.71277753995,3662.19912386054,3528.26628090469,1977.21503361467,1972.82437088729,1991.72233459023,2660.07916427856,3765.96861845159,3708.43135031171,1976.11195262212,2000.30220525463,1990.01492348489,2289.11609952131,3470.31627101096,3765.96861845159,1974.60947575855,1968.57186859376,1974.72626817443,2038.06279585347,3192.79621695803,1989.97478574453,1986.0194531048,1977.65085362139,1990.85157699588,3471.30177808227,2782.39375637974,1985.55294246595,1998.915407394,1977.15434821733,1988.67648218032,3600.2634138629,2852.95832991602,2011.30067716167,1989.56543675777,1994.77342718334,1996.35951044613,3959.85021617447,2435.62737184,2003.18591642575,1995.83627689769,1995.6945138699,1986.62084827485,3903.12025659803,3470.31627101096,2013.78700169582,2006.56509521294,2014.00108000466,1998.11183117076,4036.09429723949,3765.96861845159,2040.70969354945,1990.77056195032,2002.59494384334,1990.15727914349,3966.73878907451
,77,3903.11023890146,3774.90736360863,2009.56738112483,1997.12722927565,2026.21976420596,2042.43617166255,3903.11023890146,3491.03762933425,2004.3652419045,1997.99490215507,2017.22835822653,2029.90344462927,3716.53790304515,3774.90736360863,2003.28371161353,1998.38270459565,2014.12644090429,2021.8555307559,3716.53790304515,3491.03762933425,1989.13751559268,1983.73555424492,2003.8170181337,2006.58216068627,3716.53790304515,3380.02999835303,2018.48530155194,2014.03544989663,2003.38585318267,2006.87316973523,3678.82681024269,3537.48116285415,1979.21211121412,1980.88974892652,2005.68753291089,2009.34447670828,3432.36862523614,3774.90736360863,1990.45489638007,1989.29018182486,1995.91820723545,2055.72598813475,3624.57915959971,3491.03762933425,1976.93111166029,1972.57344858816,1991.46226164299,2617.16685076977,3725.666733813,3667.48529127279,1976.14659553351,1999.92726511624,1989.96130412662,2271.04732063955,3432.36862523614,3725.666733813,1974.68936817974,1968.50038284982,1974.75712521082,2036.10214317583,3156.23518859434,1989.83556926692,1986.19096379093,1977.5863750658,1990.79755864028,3431.89598671115,2758.0558375396,1985.43717702396,1998.6763607619,1977.31003978645,1988.50799093633,3548.54082763618,2817.82487459984,2010.98520921743,1989.25510031343,1994.688777355,1995.96305052991,3908.85152777415,2418.24777879152,2003.14059116869,1995.96742110829,1995.79206540784,1986.28472645107,3858.57854824142,3432.36862523614,2014.13986141504,2006.15663103809,2014.3394431158,1998.10813846844,3988.85945006019,3725.666733813,2040.3383201628,1990.83875317811,2002.62422735151,1990.13551504757,3922.07324228295
,77.5,3857.55055294254,3729.93548862975,2009.29884645071,1996.994533568,2026.15506495721,2042.0258706114,3857.55055294254,3451.59377597564,2004.78290099751,1997.46402357627,2016.93456902541,2029.37369796241,3670.17718072474,3729.93548862975,2002.97349909865,1998.66763736485,2014.04173016803,2022.14214553303,3670.17718072474,3451.59377597564,1989.22089641005,1983.62723024999,2004.00322120898,2006.07206784626,3670.17718072474,3340.40158231585,2017.9877590345,2013.78192048619,2003.38740089537,2006.47469807537,3633.83439820734,3497.43533120286,1979.08999798966,1980.9056245376,2005.61158220033,2009.09110277423,3392.75579875893,3729.93548862975,1990.38771108818,1989.33885302223,1996.02785974262,2053.88610305457,3583.45932747046,3451.59377597564,1976.80790671487,1972.51269573903,1991.19841581866,2568.07328126818,3681.9887595934,3624.53036316447,1976.29648380908,1999.7238525537,1989.84953086628,2250.36143676368,3392.75579875893,3681.9887595934,1974.63846151485,1968.45241503774,1974.78619224537,2034.18437078406,3120.06371582919,1990.08120672111,1986.19417220699,1977.69528853041,1990.77140148013,3390.93040355402,2734.2323863954,1985.25474688744,1998.37356116219,1977.22260210296,1988.07651720516,3491.09597720559,2783.96643895911,2010.97402387499,1989.20295316524,1994.535960019,1995.61484784698,3851.91486440043,2400.31111648005,2003.25335850182,1995.88992915702,1995.71695218031,1986.03522672907,3808.22665072292,3392.75579875893,2014.49985169994,2005.93809140317,2014.63598507304,1998.03319561114,3935.64530454976,3681.9887595934,2039.96914095844,1990.87127053332,2002.88560582035,1990.30744939208,3871.90714605713
,78,3807.04233894801,3679.50867436138,2009.17840205158,1996.78007529219,2025.90411977868,2041.79162117377,3807.04233894801,3407.21571301959,2004.96170512178,1997.17107297362,2016.78174021319,2028.85523528814,3617.95628139434,3679.50867436138,2002.82661633225,1998.85411236444,2013.9595148951,2022.2169327712,3617.95628139434,3407.21571301959,1989.2368556405,1983.2967500282,2004.00292637648,2005.39373350344,3617.95628139434,3297.80368415,2017.70332619892,2013.56564097638,2003.49084958537,2006.01215930547,3584.4839890928,3452.81601039255,1979.0109733342,1981.04468667766,2005.57001936106,2008.60375130347,3348.72054790623,3679.50867436138,1990.27321755589,1989.30204682888,1996.276805529,2052.04902126871,3534.71282695959,3407.21571301959,1976.68953376797,1972.47485167785,1990.82248737378,2511.06068170353,3630.34130370489,3576.62520047596,1976.11123848079,1999.62183314393,1989.69567464085,2226.93653823603,3348.72054790623,3630.34130370489,1974.44543432048,1968.40215022353,1974.85059087617,2032.1421812273,3084.0694787216,1990.22398063305,1986.10186738269,1977.58841548075,1990.74664571232,3345.92246577509,2710.67284931426,1985.2354096927,1998.14103137949,1977.45936906501,1987.58027060072,3425.56934374427,2750.89955735974,2010.88509681186,1988.98003849588,1994.26754024547,1995.34213714383,3784.51834710167,2381.33206280483,2003.24386219473,1995.68900973499,1995.60938927463,1985.85008872769,3747.50528663258,3348.72054790623,2014.61478229302,2005.97350780596,2014.85461072785,1997.7727315065,3871.29020602843,3630.34130370489,2039.60654632694,1990.98128753881,2003.088510164,1990.15524744254,3811.11019253066
,78.5,3747.41601649983,3616.32790839575,2009.29964169667,1996.64818311364,2025.88624791371,2041.72004875026,3747.41601649983,3351.99708432443,2005.11938759619,1996.98641575119,2016.87485364572,2028.57835599293,3553.36122747512,3616.32790839575,2002.8608118236,1998.62682444828,2013.80250763306,2022.14758015451,3553.36122747512,3351.99708432443,1989.08449518074,1983.05833847249,2003.95218269665,2004.76055479644,3553.36122747512,3247.31553172157,2017.64196314099,2013.17789784053,2003.67807396723,2005.59805995677,3525.32419478282,3397.92322254961,1979.19162219042,1981.1718378928,2005.39290592371,2008.19539558467,3295.15275959076,3616.32790839575,1990.29485607088,1989.33780879098,1996.24275906612,2050.07268081594,3470.8676769092,3351.99708432443,1976.56705021893,1972.38702977252,1990.35123012053,2446.35517211898,3563.38164107156,3517.07199330277,1975.85914903121,1999.50503972461,1989.49585301878,2200.69159072761,3295.15275959076,3563.38164107156,1974.24574563445,1968.29327212487,1974.87209562044,2029.94299258382,3048.39403734501,1990.35296335288,1985.9235863953,1977.40873125102,1990.75219245743,3292.29355929481,2686.3919359291,1985.32154189054,1997.87222683591,1977.43672108531,1986.86573846384,3349.03673774884,2718.44898135416,2010.76391061122,1988.94312780881,1993.84041540385,1995.13717642644,3700.17267148232,2361.4724077492,2003.02701097002,1995.24403351533,1995.37521558967,1985.38856694433,3668.69238221997,3295.15275959076,2014.45270394464,2006.05219564417,2015.15256407726,1997.52312355823,3788.13737936699,3563.38164107156,2039.12661026927,1990.83459243661,2002.93404759323,1989.84583530947,3732.3552848976
,79,3671.47716488759,3529.68999600379,2009.60204126896,1996.44332363802,2026.07705278997,2041.81962218498,3671.47716488759,3276.79584250932,2005.12945943127,1997.00240351466,2016.86107022202,2028.32068057502,3466.71260084428,3529.68999600379,2002.76662956205,1998.18908127937,2013.4057581855,2021.84625051545,3466.71260084428,3276.79584250932,1988.93868300095,1982.76150043686,2003.93126827149,2004.05788120915,3466.71260084428,3181.00098442142,2017.49280511121,2012.67806242878,2003.51510551922,2005.50122397977,3447.54802927377,3323.7900532677,1979.08918665205,1981.18074191008,2005.21514164364,2007.56008400066,3223.34899771102,3529.68999600379,1990.26019106264,1989.52377755173,1996.15472888915,2047.97074448185,3382.93878897461,3276.79584250932,1976.57726904304,1972.2529651719,1989.91326583062,2375.43056567402,3471.63306791016,3436.41680902117,1975.61252016476,1999.40794582866,1989.22456036793,2172.49759297318,3223.34899771102,3471.63306791016,1973.86073229815,1968.23159724502,1974.87145672595,2027.64192113517,3012.13801959053,1990.51479894712,1985.83264063942,1977.49089191925,1990.64918768628,3222.1529197218,2661.22407853312,1985.31536787876,1997.33896013309,1977.35080134261,1986.14688591984,3257.96255202947,2686.58115146021,2010.82751894434,1988.96831276189,1993.65868582238,1995.02244128005,3591.38092328669,2341.34306323289,2003.02318460182,1994.96994884819,1994.97842177365,1984.97125565275,3563.57106474845,3223.34899771102,2014.24124302398,2006.36377506564,2015.19213616033,1997.03657549871,3677.67227599909,3471.63306791016,2038.78122529468,1990.64086530329,2002.905793069,1989.39224491195,3628.18671881317
,79.5,3570.93580094699,3408.62836011226,2009.77273012618,1996.25158965672,2025.99490419324,2041.93628633826,3570.93580094699,3172.87207847235,2004.74036407209,1997.03090761925,2016.85102265325,2028.09891537342,3348.52537151459,3408.62836011226,2002.81616268246,1997.84487258808,2012.93999679126,2021.26160967148,3348.52537151459,3172.87207847235,1988.49677813104,1982.21493222099,2003.63870850513,2003.30533105747,3348.52537151459,3090.07949722087,2017.30225254948,2012.27348362831,2003.11726159206,2005.29735994804,3343.40127996465,3221.77345097493,1978.95418613843,1981.17278581624,2004.89533602248,2006.98211612237,3125.27542810286,3408.62836011226,1990.3607494311,1989.63650560502,1996.14602849282,2045.98246223968,3263.27539765177,3172.87207847235,1976.64935401649,1972.0416732166,1989.42023533138,2302.29265330202,3346.93974583102,3326.62319093804,1975.18235639316,1999.32777202496,1988.90275411129,2143.73368090456,3125.27542810286,3346.93974583102,1973.6239916037,1968.15555991405,1974.8868128274,2025.39116889609,2975.14492269747,1990.42957494558,1985.68583160307,1977.55573479514,1990.47309035338,3126.36656036884,2635.20299485749,1985.30113886975,1997.09598456306,1977.07622204918,1985.29192426935,3148.69347171852,2655.73144001054,2010.74922825396,1989.03123439331,1993.54279602715,1994.91588354447,3452.377617711,2321.38420640138,2003.08927689068,1994.74271796198,1994.64467082587,1984.47256142482,3425.56719279329,3125.27542810286,2013.85035487294,2006.58141351195,2014.81110119805,1996.3862562384,3533.31881069208,3346.93974583102,2038.39446645393,1990.17842816005,2002.83882449511,1988.87594469716,3491.4301371616
,80,3438.43935429067,3246.44771911083,2009.81753529365,1995.96882827155,2025.66598951116,2042.01544815549,3438.43935429067,3034.79843944215,2004.41571751875,1997.19871799001,2016.89054717934,2027.92116534883,3195.20176531095,3246.44771911083,2003.15959376889,1997.28173544553,2012.70758987266,2020.70432978355,3195.20176531095,3034.79843944215,1987.86190218009,1982.01319169455,2003.32876999368,2002.70225328871,3195.20176531095,2968.61924955414,2017.22296388495,2012.07356221085,2002.92845905364,2005.19207148191,3211.06688376188,3088.15826697863,1978.62748687961,1981.19770790654,2004.61588304789,2006.50111188021,2998.06198180803,3246.44771911083,1990.51979311933,1989.91622657363,1995.95969649658,2044.00555849817,3107.88928886969,3034.79843944215,1976.53344410114,1971.70946156307,1988.79278207387,2231.94658112608,3186.33981571612,3184.37289551046,1974.77450293987,1998.97260083783,1988.61365992684,2116.70411242178,2998.06198180803,3186.33981571612,1973.41055257199,1968.05723461472,1974.76074991436,2023.1327265388,2935.71891249338,1990.11147687968,1985.59736126693,1977.53935251948,1990.32972076249,2999.0737502812,2608.42216578194,1985.33738276547,1996.76784598328,1976.9243814515,1984.47496690266,3021.03139758648,2626.39498905955,2010.61040255913,1988.99358085762,1993.66238098373,1994.92483837755,3281.95891279488,2302.089179199,2002.98880284347,1994.77426742974,1994.45751548558,1983.63200613534,3251.65059484279,2998.06198180803,2013.39541492628,2006.80129505835,2014.48695655893,1995.86671582993,3352.01656383581,3186.33981571612,2038.05909128817,1989.59449010245,2002.68046486242,1988.23864016724,3319.32760857697
,80.5,3270.56373556563,3045.52729113012,2009.80305424615,1995.58865300683,2025.42297894225,2041.78425314294,3270.56373556563,2864.27708034718,2004.36353204675,1997.35297821209,2016.85358092033,2027.72628376823,3011.13039990187,3045.52729113012,2003.39465725969,1996.73433672185,2012.49964752019,2020.22139813133,3011.13039990187,2864.27708034718,1987.34253946652,1982.0306683351,2003.26397071426,2002.36626264566,3011.13039990187,2817.70510295988,2017.02047288803,2011.95721554564,2002.57803814239,2005.05887909883,3055.70372488989,2926.59870734506,1978.5071881408,1981.12721691565,2004.56018784146,2006.01155226119,2845.79328969896,3045.52729113012,1990.66374225222,1990.06138720669,1995.68352977118,2041.9825372785,2921.51373674911,2864.27708034718,1976.52374160986,1971.57793552053,1988.52920270317,2169.87333226965,2996.03539075967,3014.51095338297,1974.6246529592,1998.62174219895,1988.42957217789,2093.03652578421,2845.79328969896,2996.03539075967,1973.22389608126,1967.97784935513,1974.45107957998,2020.94836488593,2893.13953910422,1989.97394643582,1985.55418573154,1977.65521392433,1990.16717728165,2841.62319473296,2581.04095783757,1984.94700538407,1996.43966622348,1976.60175739491,1983.68154208962,2877.45612335897,2598.71571172761,2010.47494392495,1989.14310619508,1993.82253042581,1995.16798880182,3084.83928067679,2283.54135025595,2002.86657428393,1994.86843051615,1994.38871388792,1982.45740181736,3046.00168792116,2845.79328969896,2013.18982480273,2006.85162763359,2014.39754747576,1995.50561001559,3137.97986290437,2996.03539075967,2037.71650939642,1989.16542004973,2002.56235480999,1987.60523984867,3115.97677076526
,81,3071.08394551318,2820.62021182712,2009.61916784522,1995.2516422065,2024.98426854044,2041.3646050821,3071.08394551318,2673.37092587648,2004.27870859682,1997.25515768751,2016.49491922092,2027.08588456524,2810.55954979473,2820.62021182712,2003.63820124419,1996.45898971513,2012.37492640441,2019.84219829195,2810.55954979473,2673.37092587648,1986.96546072953,1982.02072753067,2003.19617289539,2001.98793888489,2810.55954979473,2647.3657063675,2016.68023899654,2011.96304149851,2002.13294875436,2005.04717718272,2888.8570938756,2749.69762003275,1978.28520481966,1980.9318899594,2004.56639954504,2005.11925059466,2679.73046525396,2820.62021182712,1990.62592078785,1989.92190156363,1995.68157022737,2040.00827175628,2719.16320342468,2673.37092587648,1976.56059414887,1971.63633228027,1988.46254626341,2119.94166443887,2791.18580477115,2830.9749720139,1974.47748738893,1998.47181969849,1988.434373338,2073.85999579466,2679.73046525396,2791.18580477115,1973.0400156692,1967.99100491292,1974.16935764765,2018.96282366728,2847.57695064147,1989.68129682374,1985.46607021146,1977.69444848801,1989.95496356384,2663.96624361842,2554.82627676322,1984.32415269263,1996.13446650881,1976.47357365173,1983.00227377348,2723.87963889975,2572.43779361611,2010.29976088425,1989.17711135679,1993.99278745067,1995.37250663598,2872.86230822134,2265.56766362622,2002.8048607991,1994.90951912159,1994.49036984628,1981.29429566886,2823.71633372035,2679.73046525396,2013.01188760195,2006.76211006427,2014.12129927412,1995.08801542524,2905.50691481498,2791.18580477115,2037.40658323339,1988.76676571249,2002.59384901728,1986.85888871654,2894.16302387373
,81.5,2854.28738127856,2595.29924521458,2009.29890293041,1995.03607343277,2024.43530287658,2041.02350033035,2854.28738127856,2482.13072621165,2004.20218368509,1996.7799062915,2016.30483160214,2026.17653688995,2615.13500354926,2595.29924521458,2003.76485250839,1996.29935974082,2012.30980400778,2019.64642403534,2615.13500354926,2482.13072621165,1986.51389935857,1982.09822989796,2003.25299642995,2001.58095166308,2615.13500354926,2475.28911643373,2016.35207480206,2012.00935400918,2001.8542007041,2005.06771293425,2728.90160603928,2576.96043692796,1978.17001318638,1980.85098934618,2004.4574551265,2004.33663760655,2518.07904857072,2595.29924521458,1990.52997881802,1989.55444183363,1995.48802062078,2037.98583761766,2521.25356198526,2482.13072621165,1976.42810593272,1971.7371259903,1988.56170367214,2083.71189995551,2592.65871803252,2653.97596027965,1974.18994039329,1998.37438911614,1988.49622663575,2058.90341142254,2518.07904857072,2592.65871803252,1972.79348799664,1967.90995771228,1973.8677433737,2017.02302935837,2800.87170354473,1989.1725455816,1985.29067716976,1977.47836973587,1989.69535058987,2483.99736866676,2529.96921688095,1983.85587324565,1996.11606100881,1976.23138607189,1982.32096736837,2570.58429349747,2547.20064755184,2009.93251443578,1989.12687624561,1993.93175899156,1995.48382989545,2663.6097578617,2247.7513063995,2002.78780747641,1994.85104017008,1994.80104655751,1980.24803238938,2604.53118825269,2518.07904857072,2012.87432475209,2006.74364019911,2014.07761713287,1994.83434800363,2674.3144670898,2592.65871803252,2037.11267980608,1988.51305827783,2002.58368279546,1986.08478262221,2672.27080236644
,82,2640.3733533169,2394.59950397917,2009.09343555457,1994.84739844874,2024.00343568106,2040.51569294167,2640.3733533169,2311.2898974916,2004.25121256337,1996.30446642933,2016.00187158785,2025.25720439557,2446.2813590605,2394.59950397917,2003.78916328736,1996.17045499305,2012.24013005875,2019.58270329558,2446.2813590605,2311.2898974916,1986.35958767443,1982.3172804787,2003.39294940122,2001.07379727408,2446.2813590605,2321.11434234635,2016.13966842069,2011.87021132904,2001.77010024259,2004.94114679302,2593.27541596193,2427.44551973293,1978.091134685,1980.55878343817,2004.33543716573,2003.40688028079,2379.20588805701,2394.59950397917,1990.24983983951,1989.0814203906,1995.2631580739,2035.91820999331,2347.44373680453,2311.2898974916,1976.23550116657,1971.88710799269,1988.65869305741,2059.50777440448,2420.41458340494,2502.78957907356,1974.21251393332,1998.4127432953,1988.60779817076,2047.66484034884,2379.20588805701,2420.41458340494,1972.4325937068,1967.9135484162,1973.42147094192,2015.1851265013,2753.1841357784,1988.7692934526,1985.16789316027,1977.2183608158,1989.46643507885,2322.24578041388,2506.63100210692,1983.42270482412,1995.79401845299,1976.14037449557,1981.90483671681,2428.7729434509,2521.8950164469,2009.81625676877,1989.1721761585,1993.8968649533,1995.55963286116,2474.74898241595,2230.18554844555,2002.63685440343,1994.71362136347,1995.00199510794,1979.17942025408,2408.02025742752,2379.20588805701,2012.90111750524,2006.68003743127,2014.15635402871,1994.60351083343,2464.7818627388,2420.41458340494,2036.73592399581,1988.36570255985,2002.49246877798,1985.16750860522,2469.74484928232
,82.5,2449.68786497896,2237.54833200837,2008.99980545554,1994.9400525798,2023.8621211073,2040.03417590913,2449.68786497896,2177.14268220145,2004.35475178631,1996.05588136576,2015.85447964609,2024.39617445448,2317.57491530447,2237.54833200837,2003.58082159648,1996.10846853167,2012.01274321357,2019.50837940872,2317.57491530447,2177.14268220145,1986.45273942658,1982.34504099482,2003.38817576467,2000.5720101144,2317.57491530447,2200.5141087056,2015.98548689853,2011.74904005188,2001.74539193948,2004.90706975203,2490.04645966306,2313.95530672618,1978.2433568292,1980.2600791811,2004.34556705426,2002.44619123496,2273.42898098586,2237.54833200837,1989.98779305587,1988.5996231631,1995.21754754047,2033.94581735214,2213.0283030047,2177.14268220145,1976.10952270146,1972.01581456539,1988.82043297857,2044.84391109569,2287.35227014292,2388.95848843081,1974.28975747954,1998.68358309082,1988.8249391919,2038.87314292471,2273.42898098586,2287.35227014292,1972.13971902182,1968.02056731091,1973.23187594323,2013.59088534373,2707.08240599445,1988.3288610463,1985.17384528781,1976.83359468034,1989.18532985569,2194.89080881506,2484.54982655932,1983.05116099372,1995.74461350335,1976.23662360205,1981.61008040086,2305.99304619687,2493.28155020882,2009.79999282969,1989.28477150971,1993.7622746289,1995.69395424784,2318.77208528276,2212.51488582483,2002.58687914984,1994.57706174997,1995.25495523809,1978.33737844034,2250.89723031028,2273.42898098586,2012.95103673859,2006.47515801282,2014.04922895815,1994.33598311402,2294.17888230876,2287.35227014292,2036.25382388948,1988.45761279954,2002.24675718067,1984.14423536351,2303.0096852583
,83,2297.5981686621,2131.13370106218,2008.80013429658,1995.09800740377,2023.7905699808,2039.65549746799,2297.5981686621,2086.03129100354,2004.1790881435,1995.67115179773,2015.63003806629,2023.50144531953,2230.84517855216,2131.13370106218,2003.45002052013,1996.18219295643,2011.75848617811,2019.53664896451,2230.84517855216,2086.03129100354,1986.46912025812,1982.27020667831,2003.31654136281,1999.94557813761,2230.84517855216,2118.50575678319,2015.7761225973,2011.57013590435,2001.80152923374,2005.12508475264,2417.12619776672,2238.42762759119,1978.19202248206,1980.00398375747,2003.86668293498,2001.51855628621,2201.39440647135,2131.13370106218,1989.7838048789,1988.41985681531,1995.18923965943,2032.17132197986,2122.20164181644,2086.03129100354,1975.94072815383,1971.90502893858,1988.6062517797,2036.61819567777,2195.64910761246,2312.85383737251,1974.38328585401,1999.01962189274,1989.0906393238,2031.94102000357,2201.39440647135,2195.64910761246,1971.89115579078,1967.91613519129,1973.15008596628,2012.07907003526,2662.89846678995,1987.88513612335,1985.26879802895,1976.54057789062,1988.95174670904,2107.99184257377,2463.4954797043,1983.05398703264,1995.59914856233,1976.23264740003,1981.36223079384,2207.30520628362,2459.5831003892,2009.8181839716,1989.27483751796,1993.63538686596,1995.6309010291,2201.61982649336,2195.10776138143,2002.60375827836,1994.20318913793,1995.2836100621,1977.88241661257,2140.72139948546,2201.39440647135,2012.90384821969,2006.33758862837,2013.715068031,1994.00558610073,2171.25414376144,2195.64910761246,2035.72831859925,1988.26336580562,2001.90606194006,1983.07906481433,2180.31252554929
,83.5,2191.48108682599,2068.8382232846,2008.72743874061,1995.16791743158,2023.80661970922,2039.37555440965,2191.48108682599,2033.02261463605,2003.95107773623,1995.45247396837,2015.47458129381,2023.04432885723,2178.81645812133,2068.8382232846,2003.03966793608,1996.22844720719,2011.38774516499,2019.53172606718,2178.81645812133,2033.02261463605,1986.53505160568,1982.09238358202,2003.19917972762,1999.38665284372,2178.81645812133,2070.39091535196,2015.47713075097,2011.37534705706,2001.94360057896,2005.08143756051,2367.85004963851,2194.47235322559,1978.1755629346,1979.89462348879,2003.46688468025,2001.06720937448,2157.68879350637,2068.8382232846,1989.76655768945,1988.37888082173,1994.83923233032,2030.54341358276,2068.82024273856,2033.02261463605,1975.81662243501,1971.57090906366,1988.15519664977,2031.93660357292,2138.91217738392,2267.2646518396,1974.54221672263,1999.09561099954,1989.09878207841,2026.02757977109,2157.68879350637,2138.91217738392,1971.79282681603,1967.74941052454,1973.10367905002,2010.59730134512,2619.61826097616,1987.56762753052,1985.37631645016,1976.2991404256,1988.74457867904,2057.30736925511,2442.83677244331,1983.25438946259,1995.39581353697,1976.19167460782,1981.10963547066,2133.82847361105,2420.18528458645,2009.72341916192,1989.22285375017,1993.57368888201,1995.43037766727,2122.62210387592,2178.41052274241,2002.62823086174,1994.07956446517,1995.18617311461,1977.49289817289,2072.73282642374,2157.68879350637,2012.79807576968,2006.41877169432,2013.45558243317,1993.78025272247,2092.97362874462,2138.91217738392,2035.43125804795,1988.21495456104,2001.48495317633,1982.14790834334,2100.36907926947
,84,2126.37799420617,2038.21675556592,2008.64437328151,1995.1701113036,2024.02685572512,2039.03781695806,2126.37799420617,2007.42948304051,2003.79791230144,1995.50862131915,2015.21972898061,2023.03905655883,2150.09403385822,2038.21675556592,2003.05396113182,1996.42640177154,2011.19870665423,2019.59304228055,2150.09403385822,2007.42948304051,1986.82259635283,1981.97166430383,2002.71330457269,1998.84648544658,2150.09403385822,2046.59550009347,2015.02548576691,2011.20007850902,2002.12242939966,2004.84553013787,2330.23143416902,2171.66263673282,1978.2326330379,1979.81969665855,2003.30355996739,2000.88692248042,2133.40066489313,2038.21675556592,1989.71822132702,1988.38651301495,1994.67622529859,2029.29118313086,2042.02824066982,2007.42948304051,1975.83373201752,1971.17101697821,1987.55474495397,2028.69975572045,2106.34240127017,2241.70085672096,1974.88972330341,1999.13100366363,1988.89764552381,2021.19609401452,2133.40066489313,2106.34240127017,1971.82441765489,1967.54131644274,1973.03776255632,2009.35400801944,2575.78693569102,1987.43435682525,1985.49997674312,1976.20934296861,1988.54181961037,2033.1749172267,2422.51005548891,1983.5177677984,1995.18010438456,1976.37294662748,1981.03176762074,2082.82211188172,2375.25497635296,2009.8539326684,1989.33824032837,1993.53839064781,1995.19469969375,2074.66466994446,2162.89551947882,2002.52587825679,1993.95309097254,1995.04142082259,1977.09502954429,2036.77827533626,2133.40066489313,2012.69988994444,2006.40389909519,2013.03830365337,1993.6620592202,2050.07415969188,2106.34240127017,2035.0246380258,1988.2428923249,2001.09212003566,1981.39384402732,2054.64208212195
,84.5,2091.85017291775,2025.94196299385,2008.59084766752,1995.19060389086,2024.30378507555,2038.74241514977,2091.85017291775,1997.94940221269,2003.61664453202,1995.50819228697,2015.07273108835,2022.80967043476,2133.34684998611,2025.94196299385,2003.00110053302,1996.68509569417,2011.02063574675,2019.57312410966,2133.34684998611,1997.94940221269,1987.06284644539,1981.83873646752,2002.56648391142,1998.779774642,2133.34684998611,2036.72641270672,2014.52760471527,2011.11785360003,2002.06655659302,2004.8808058068,2294.37825311253,2160.15253030312,1978.50687783251,1979.89962282604,2003.21021312191,2000.8430931383,2118.97822505807,2025.94196299385,1989.67625121588,1988.46140863764,1994.55339443842,2028.13688086662,2030.92254090035,1997.94940221269,1975.79968358474,1970.81807165925,1987.07875845246,2026.55920857533,2087.14924371181,2225.8572710782,1974.9837027868,1999.14486315358,1988.67793175107,2017.35331766832,2118.97822505807,2087.14924371181,1971.91446197539,1967.20097180184,1972.93860791223,2008.06099809146,2532.22598061746,1987.45554565473,1985.43825375415,1976.0834511617,1988.41971222621,2024.39482619923,2402.53890872522,1983.86428894903,1995.18976622999,1976.60621774147,1980.93054790818,2049.73008545864,2325.21254600948,2009.66829620974,1989.20642599303,1993.41975562819,1994.8823065733,2048.19110908045,2148.32586879252,2002.45479294082,1993.76366183349,1994.82891404394,1976.74489672938,2021.59470278336,2118.97822505807,2012.46289347103,2006.41278274935,2012.66007649089,1993.6095782204,2030.56436710333,2087.14924371181,2034.6729273398,1988.28692606872,2000.94237318459,1980.90315965198,2032.55020045265
,85,2076.49996683976,2020.97327158206,2008.40115577142,1995.08713370134,2024.47743292535,2038.52187261803,2076.49996683976,1995.06916296889,2003.21801758213,1995.03787130069,2014.79769328044,2022.8062597423,2119.99578936303,2020.97327158206,2002.90463646437,1997.14018939519,2010.87556021219,2019.53681875859,2119.99578936303,1995.06916296889,1987.0109931167,1981.58793012171,2002.36205065772,1998.59190270198,2119.99578936303,2031.92398658023,2014.22950933259,2011.03278364237,2002.10915225577,2004.91456073317,2255.78491170241,2151.94782128315,1978.63193089273,1980.05899404064,2002.97068339412,2000.88126738803,2108.507018687,2020.97327158206,1989.49049157257,1988.46387187974,1994.00788457405,2027.0631712525,2026.10822407528,1995.06916296889,1975.77518875775,1970.3374376578,1986.65434962699,2024.88525492766,2073.82956235734,2212.63634212189,1974.8416257637,1999.15036355759,1988.354199532,2014.59877791497,2108.507018687,2073.82956235734,1971.99067190287,1966.77842648967,1972.70853444966,2006.75241362257,2488.77786045462,1987.5950993936,1985.30563785239,1976.15876556937,1988.2124244243,2021.71049966707,2383.28448974281,1984.12412867862,1995.04387983406,1976.57082259226,1980.91644338055,2030.02042839436,2274.00410663202,2009.24181428072,1989.10695297995,1993.30586247975,1994.38982152677,2034.9978126304,2135.44427933486,2002.29793895694,1993.451262799,1994.54778963963,1976.47370836836,2016.50378026877,2108.507018687,2012.08886165001,2006.53454134579,2012.6341667431,1993.53926857028,2023.5130114946,2073.82956235734,2034.29701602542,1988.28001034442,2000.99786664146,1980.71799787423,2023.44481267861
,85.5,2070.76412884766,2017.6865157179,2008.40678558607,1994.84292158543,2024.50749921934,2038.50134124112,2070.76412884766,1993.58837049329,2002.82704647548,1994.87662418623,2014.66410060714,2022.90170971573,2107.43019741569,2017.6865157179,2002.42328691225,1997.22314216558,2010.82939470379,2019.32066045904,2107.43019741569,1993.58837049329,1987.00940632843,1981.40544612062,2002.12352548995,1998.42075891038,2107.43019741569,2028.15161813943,2013.97913454039,2010.99126701047,2002.0450055101,2004.58136734889,2214.81613370546,2144.2004270277,1978.80923290888,1980.11981468329,2003.02498125231,2001.0565365301,2099.99436753148,2017.6865157179,1989.39095682615,1988.24195476666,1993.5847116291,2025.96546029017,2022.70221649125,1993.58837049329,1975.67290481667,1970.0095407787,1986.54775024559,2023.32134397865,2062.39009922422,2199.99487970638,1974.58585455206,1998.95251274212,1987.93946742308,2012.4590670258,2099.99436753148,2062.39009922422,1972.07227410402,1966.65784084735,1972.55629394575,2005.57974530929,2447.43873636022,1987.68328825618,1985.09524105193,1975.94140794908,1987.92350406056,2020.36889818889,2364.96267579234,1984.22731028169,1994.89649451783,1976.55572105586,1980.87756166656,2018.8804799368,2225.10344869735,2008.7454476464,1989.07748100498,1993.25591134943,1993.93275663442,2028.97815563653,2124.50443128555,2002.16371131807,1993.35547060488,1994.48495849042,1976.15644950362,2014.39446306507,2099.99436753148,2011.81208714253,2006.49341730973,2012.76446466519,1993.7479975987,2021.0900561494,2062.39009922422,2033.9455646405,1988.38494762901,2001.02065669904,1980.75626417476,2020.02616048168
,86,2067.81766203472,2015.00358769168,2008.19762224815,1994.68168150591,2024.61573265718,2038.58233652919,2067.81766203472,1992.22978468114,2002.42781362822,1994.87863576795,2014.60539794823,2022.84971348202,2095.67027964705,2015.00358769168,2002.12774858243,1997.05829770138,2010.79458796179,2018.93209199236,2095.67027964705,1992.22978468114,1986.88695650619,1981.36397251059,2001.84474062671,1998.14832167145,2095.67027964705,2024.8798689759,2013.85792657014,2011.07013298169,2001.96151900351,2004.44413530071,2173.52509576441,2136.58265733169,1978.89404453816,1979.98991967151,2002.88973505827,2000.92760422189,2092.91350318785,2015.00358769168,1989.00545638348,1988.03536578063,1993.47085484523,2024.99661455118,2019.48885691024,1992.22978468114,1975.5873050274,1969.72055473635,1986.76402153071,2021.85036347689,2051.69307593665,2187.87130359692,1974.21890994123,1998.76739536921,1987.73330723912,2010.98002859997,2092.91350318785,2051.69307593665,1972.1146212644,1966.52370772439,1972.39704511962,2004.35664453025,2409.97003279527,1987.79543054809,1985.00029874977,1975.82339030517,1987.71791366325,2019.20857642975,2347.21668276021,1984.24665167014,1994.77257490969,1976.49897244097,1980.82177810685,2013.0779468434,2180.54956077687,2008.46572583811,1988.94144031546,1993.30209550319,1993.65419131686,2025.94945809316,2115.09954479012,2001.97347955888,1993.14027979529,1994.42474834735,1975.79813742394,2012.9026365483,2092.91350318785,2011.73740973025,2006.24264747222,2012.92496705146,1994.15166711308,2020.02929756384,2051.69307593665,2033.41084354584,1988.53342344548,2001.29907100779,1980.87830351003,2018.41900330954
,86.5,2065.70097695353,2012.85655137654,2007.98991891124,1994.51285139594,2024.43880044905,2038.49489368332,2065.70097695353,1990.88940491368,2002.02588435806,1994.6225751005,2014.47919780265,2022.38296082377,2084.49048095667,2012.85655137654,2001.62949951808,1996.68597976029,2010.64277341781,2018.56366186931,2084.49048095667,1990.88940491368,1986.59475332422,1981.32030037005,2001.80312521018,1997.91862166493,2084.49048095667,2022.20774459038,2014.18458492927,2011.22049887885,2001.80848710314,2004.27966893109,2138.20703323793,2129.13543773343,1978.84455528513,1979.74340942314,2002.55427330199,2000.59603896209,2086.55130010097,2012.85655137654,1988.72652993963,1987.83927039353,1993.48802413222,2023.86078162148,2016.3568646502,1990.88940491368,1975.30124787729,1969.42163294025,1987.08112764819,2020.70953061602,2041.73997861927,2176.12690717903,1973.83756710761,1998.57883314109,1987.84644493339,2009.91928090441,2086.55130010097,2041.73997861927,1972.02538787693,1966.5180479224,1972.30227277512,2003.13611302004,2377.47982689856,1987.83501614546,1984.85242109972,1975.77429618477,1987.6222058207,2018.27633746145,2329.80125665879,1984.11661295947,1994.34862179263,1976.26890240424,1980.59214958138,2010.05383498651,2140.85467232098,2008.06734364438,1988.57156267813,1993.28044955773,1993.51856201193,2023.97905717556,2106.91592029996,2001.79610494685,1992.97018375176,1994.22019184165,1975.48510794962,2011.52724464876,2086.55130010097,2011.61231348049,2006.1247606188,2013.17316437752,1994.38293079913,2018.86656282875,2041.73997861927,2032.93844872251,1988.54405832786,2001.38601232721,1980.97021066371,2017.16457383241
,87,2063.86768566746,2011.09593923319,2007.63914856046,1994.2118626,2024.09470528117,2038.60747997641,2063.86768566746,1989.59732476117,2001.72682288117,1994.58645526422,2014.30054775476,2022.18011401364,2073.94039296373,2011.09593923319,2001.16629678869,1996.15507375487,2010.44563668758,2018.32987081641,2073.94039296373,1989.59732476117,1986.22742229081,1981.37213767885,2001.13656322564,1997.37793728787,2073.94039296373,2019.85483227272,2014.55103400861,2011.28123989804,2001.83227991116,2003.82784916684,2110.99516264665,2121.42973824739,1978.62891755116,1979.53746684891,2002.38773130698,2000.383252626,2080.86201361562,2011.09593923319,1988.41190866137,1987.644152754,1993.44128836385,2022.83220085888,2013.17206256824,1989.59732476117,1975.09828638551,1968.94625941485,1987.29826078113,2019.35997768546,2032.6702297782,2164.45644041871,1973.57813684714,1998.23542907121,1987.88586737417,2009.07355170504,2080.86201361562,2032.6702297782,1972.00248954071,1966.59615258848,1972.29015527431,2002.2119261076,2348.58440250424,1987.82265621513,1984.99131966505,1975.94174673871,1987.544658883,2017.62741200276,2311.58688753316,1983.8009487562,1993.87667249778,1975.9495356974,1980.23855678738,2008.1079326982,2107.58101666696,2007.98257087178,1988.5139536914,1993.4271148779,1993.60907593644,2022.54786998656,2099.89646329915,2001.7099219877,1992.9914730374,1994.11477422765,1975.31628566968,2010.20134342107,2080.86201361562,2011.44517918921,2006.13230523026,2013.42922219866,1994.62665017301,2017.80940562698,2032.6702297782,2032.52072733277,1988.54407767392,2001.33301222614,1981.09137664246,2015.89631856021
,87.5,2061.7312819686,2009.85725584653,2007.41839604904,1993.81384954853,2023.57730170007,2038.54721444579,2061.7312819686,1988.43889445363,2001.59240444098,1994.87290632484,2014.10560885167,2021.67600838267,2064.30672791948,2009.85725584653,2000.83408219824,1995.4073281625,2010.32659902808,2018.15471720016,2064.30672791948,1988.43889445363,1986.03144503599,1981.60104491613,2000.74530575044,1997.07893240581,2064.30672791948,2017.76916302311,2014.62788871497,2011.21121671798,2001.69185505191,2003.20790461215,2090.11795576865,2111.76310189586,1978.39446824735,1979.24608231245,2002.20941520091,2000.1413423384,2074.10388568998,2009.85725584653,1988.25452465342,1987.55997387818,1993.90812747765,2021.82923439882,2009.87029280839,1988.43889445363,1974.88527586213,1968.8646315195,1987.53551355872,2017.92117354437,2024.14913364371,2150.04337863654,1973.51921307854,1998.00278068302,1987.90917961145,2008.41321632459,2074.10388568998,2024.14913364371,1971.89199190135,1966.60459980946,1972.35420475358,2001.28281304213,2315.71411394585,1987.70990986382,1985.08844426634,1975.89759679044,1987.4733557889,2016.83411130205,2286.19489402934,1983.52860188505,1993.28046333222,1975.69893006904,1979.70989826573,2006.4393356485,2080.67857520878,2008.16840102698,1988.22867122216,1993.52331640644,1993.68746240452,2021.08887347642,2091.63123277407,2001.63753410887,1993.15344846133,1993.99647035661,1975.27698771936,2008.87425212697,2074.10388568998,2011.41514831591,2005.983104823,2013.33897034759,1994.7793090629,2016.58201489308,2024.14913364371,2032.26562262486,1988.48023898071,2001.33977518675,1981.13123474717,2014.65351529879
,88,2059.62854151701,2008.56048261283,2006.9282942248,1993.83293894133,2023.12957376245,2038.52112961646,2059.62854151701,1987.19693582604,2001.67097098167,1994.76231039398,2013.83932270661,2021.02218482297,2054.88110962018,2008.56048261283,2000.77474643702,1995.02049191431,2010.1975931965,2018.04788240885,2054.88110962018,1987.19693582604,1985.75796727148,1981.79312141128,2000.46646733957,1996.79511988292,2054.88110962018,2015.90287458761,2014.75296267886,2011.1652012854,2001.61091540589,2002.83079608823,2073.95594956757,2099.35581305067,1978.22042892095,1979.07171116161,2002.07270075235,2000.02377648929,2065.81231872321,2008.56048261283,1987.81945684326,1987.59584011233,1994.2436048163,2020.87107165454,2006.2826749853,1987.19693582604,1974.6885967241,1968.71701616298,1987.59400788796,2016.69720026881,2016.57283370975,2131.23864222082,1973.49017208901,1997.87487926518,1987.88460074473,2007.70278842673,2065.81231872321,2016.57283370975,1971.83043742422,1966.44843369714,1972.43275659118,2000.3058134557,2275.74877575892,1987.41871775395,1985.12722311565,1975.99427053976,1987.42308915778,2015.76005231095,2252.11013285857,1983.4100947694,1993.10042983366,1975.57135598287,1979.35573310482,2005.21631936671,2058.87165310365,2008.4984560834,1987.91897643012,1993.54856690578,1993.79645984281,2019.69136483312,2081.19172589977,2001.63000663785,1993.3104809459,1993.89771286548,1975.25772766942,2007.64354963508,2065.81231872321,2011.33085159984,2006.07282723944,2013.17957385098,1994.57512550562,2015.32914094508,2016.57283370975,2032.20141076108,1988.52043230441,2001.60152057034,1981.21461961987,2013.50362055797
,88.5,2057.5265941517,2007.42300671287,2006.72743154682,1993.75853533858,2022.54317329314,2038.51334395547,2057.5265941517,1985.85939058267,2001.88409195464,1994.46370694035,2013.62726730404,2020.44901358407,2045.22255774436,2007.42300671287,2000.66760332104,1994.89982199335,2010.11846344113,2018.01755356251,2045.22255774436,1985.85939058267,1985.64363338247,1981.89738054376,2000.36647962612,1996.58275969414,2045.22255774436,2014.12704595016,2014.94024170846,2010.98233787487,2001.49066396179,2002.34245710469,2061.31457854928,2084.41383571386,1977.87532445632,1979.00281973461,2002.17283057469,2000.06200938139,2055.92424063014,2007.42300671287,1987.84310161385,1987.69970811353,1994.57485340353,2019.77287183698,2002.34442732682,1985.85939058267,1974.38509255049,1968.88776004939,1987.47496052283,2015.48393836524,2009.94705924884,2108.48278761627,1973.46687495213,1997.83273623874,1987.71975448339,2006.6398400034,2055.92424063014,2009.94705924884,1971.5936257408,1966.37902700565,1972.54036343559,1999.46331360298,2228.51342580269,1987.09364538781,1984.98885757215,1976.06261912553,1987.28221273551,2014.55455324621,2210.14239400698,1983.29320469607,1992.95586351688,1975.36086261244,1979.16339679446,2003.99892853725,2040.88492719626,2008.58133491575,1987.71571889346,1993.28252412726,1993.78069361126,2018.2688387211,2068.80405404792,2001.75224166683,1993.51981626763,1993.9118647689,1975.49164936092,2006.48290060092,2055.92424063014,2010.96805067412,2006.07792059979,2013.05552141877,1994.03611626134,2013.9607940895,2009.94705924884,2032.08245237568,1988.55254410237,2001.5428595743,1981.47950333965,2012.0359019412
,89,2055.27087151395,2006.35013023167,2006.64606966029,1993.59581820114,2022.26642869791,2038.69093312865,2055.27087151395,1984.47435946165,2001.99020710964,1994.50112366923,2013.57525257883,2020.22278990963,2035.58166083454,2006.35013023167,2000.40159923797,1994.79379335055,2009.98252807952,2017.78657497803,2035.58166083454,1984.47435946165,1985.5979274305,1981.67692672079,2000.442806637,1996.50993932111,2035.58166083454,2012.38704730749,2014.69655321149,2010.69230733941,2001.42485526995,2001.99301724735,2048.57979041879,2067.01980339993,1977.57980387329,1978.8670776465,2002.26784456581,2000.19792444443,2045.03090892339,2006.35013023167,1987.74051585293,1987.78151365302,1994.62141111388,2018.64269892676,1998.03422904623,1984.47435946165,1974.19157609277,1969.19710452868,1987.23272123996,2013.97317565699,2004.03083667773,2082.11033303685,1973.2770447118,1997.69308013012,1987.36627198732,2005.49199371253,2045.03090892339,2004.03083667773,1971.5843720597,1966.25188049408,1972.64956471903,1998.58837789457,2174.24867933441,1986.79155815232,1984.86647708782,1975.81462316528,1987.14890679041,2013.12567553286,2161.00480886767,1983.1977850971,1992.96948500864,1975.08409052789,1979.12624750257,2002.75829317805,2026.45454462124,2008.6468478569,1987.63084865807,1993.0158379862,1993.57490406368,2016.90428848542,2054.62209582763,2002.00806308764,1993.67128000101,1993.96152040046,1975.85075306544,2005.23478632076,2045.03090892339,2010.62412523508,2005.87533447742,2012.86653080865,1993.56380681075,2012.79172073934,2004.03083667773,2031.85544258637,1988.42303068015,2001.61435613984,1981.69823594908,2010.60995453443
,89.5,2052.96320834458,2005.07360548185,2006.77178325298,1993.61397861447,2022.06698998437,2038.67492420478,2052.96320834458,1982.86744029054,2002.04855208957,1994.27918783803,2013.6364804711,2020.02255657231,2025.84729496784,2005.07360548185,2000.19361194083,1994.73011193033,2009.83582980727,2017.40871681503,2025.84729496784,1982.86744029054,1985.4515780939,1981.28886140529,2000.99718893928,1996.57325312671,2025.84729496784,2010.67364552642,2014.37802092141,2010.47437134061,2001.2690397888,2001.97416551133,2034.53390725562,2047.70226225773,1977.29515744306,1978.56684016596,2002.18844222765,2000.24293450544,2032.88043855136,2005.07360548185,1987.74733808891,1987.89978106406,1994.65480700704,2017.39250145913,1993.41328639856,1982.86744029054,1973.92521241464,1969.78328502895,1987.01165498117,2012.63988874296,1998.71731982872,2052.77632862228,1972.95394256321,1997.67020626248,1987.12501668577,2004.25366617693,2032.88043855136,1998.71731982872,1971.44446422476,1965.99075381707,1972.90452736491,1997.42619678071,2115.0538981557,1986.31759846832,1984.63324314228,1975.32439796889,1987.02290858576,2011.38627173095,2107.24423064708,1983.26714180353,1992.93542588902,1974.90601357264,1979.2220242229,2001.44275120976,2014.46985772829,2008.51590258112,1987.17595687026,1992.48014536729,1993.19693242684,2015.27855887577,2038.84656723685,2002.07907113957,1993.72657667984,1993.88827793582,1976.18641295159,2003.85758678545,2032.88043855136,2010.45506864437,2005.44985849111,2012.84432698748,1993.1499321512,2011.59111583245,1998.71731982872,2031.57102159873,1988.299158424,2001.52979044815,1981.82258289753,2009.11219072776
,90,2051.16142179247,2003.47491105877,2006.81842063739,1993.8218191443,2022.11284646974,2038.86518096383,2051.16142179247,1981.17611454628,2002.02039465013,1994.12038562967,2013.86637896971,2019.95188738458,2016.89153012637,2003.47491105877,2000.0226143674,1994.60751006682,2009.63661575537,2016.84510468994,2016.89153012637,1981.17611454628,1985.36757310223,1980.79921580514,2001.36028316338,1996.50832835133,2016.89153012637,2009.00313842686,2014.16361812951,2010.38269151917,2001.17070496446,2001.93610435355,2021.69846621348,2030.76100405042,1977.05016384769,1978.28523752919,2002.2850387614,2000.26972644833,2022.25489458394,2003.47491105877,1987.73489639649,1987.86561382675,1994.48155881119,2016.07747406,1989.00661956868,1981.17611454628,1973.7690440356,1970.26691805873,1986.7057431948,2011.40530232444,1994.30970519149,2026.84877845417,1972.64485439547,1997.41142166617,1986.97460946987,2002.79731714234,2022.25489458394,1994.30970519149,1971.40577783051,1965.98413699973,1972.99977683615,1996.24016214936,2065.13908480786,1985.76198520214,1984.41909948179,1975.05029230741,1986.92079193713,2009.82137341324,2061.91318459042,1983.47874333527,1992.99424287392,1974.77331646542,1979.50934190446,2000.12829052411,2004.8369215669,2008.18816154844,1986.91039159731,1991.96375601305,1992.92196344531,2013.81117363472,2025.27317796532,2002.20854666431,1993.66848580183,1993.76011079407,1976.36552426714,2002.4599896715,2022.25489458394,2010.15340677809,2005.08028797104,2012.88132587153,1992.76801606796,2010.21387189005,1994.30970519149,2031.13979582036,1988.05672214711,2001.21297004325,1981.78574135057,2007.49280655466
,90.5,2049.31447486133,2001.97555909733,2007.11030626763,1993.50452070497,2022.03854929904,2038.69159225948,2049.31447486133,1979.45571394521,2001.85632101246,1994.15957839002,2013.97223080677,2020.2932033435,2009.64762329394,2001.97555909733,1999.9857819229,1994.5401067976,2009.38239823088,2016.36251175581,2009.64762329394,1979.45571394521,1985.56021478288,1980.31204893035,2001.74999640102,1996.47428379476,2009.64762329394,2007.51905853373,2013.92595063458,2010.25069894638,2001.32813178098,2001.84770950734,2012.10892037495,2018.04557682994,1976.74329507613,1978.03582728256,2002.27794434393,2000.14836056418,2014.05705018444,2001.97555909733,1987.9998410712,1987.74070020574,1994.23598307715,2014.74943394014,1985.37829693361,1979.45571394521,1973.54460320932,1970.69163341383,1986.37312419011,2009.92589581676,1990.68633697267,2007.48077480038,1972.3280805806,1997.12488733864,1986.90627639051,2001.24264644359,2014.05705018444,1990.68633697267,1971.24995788404,1966.0190807173,1973.09553374466,1995.07921576783,2028.28630424182,1985.45428542683,1984.38781281202,1974.92424690884,1986.94408412213,2008.38866554552,2028.45819818319,1983.45134126451,1992.46692342023,1974.54700324713,1979.50492757747,1998.51048886119,1997.66150818627,2007.73002532946,1986.70080318385,1991.34712051999,1992.62302060309,2012.44568537127,2014.92225502768,2002.02452751622,1993.53117584333,1993.43729574287,1976.35522558834,2001.02971341916,2014.05705018444,2009.73212496018,2004.53673398171,2012.84975702452,1992.66473375463,2008.85026319785,1990.68633697267,2030.48336371713,1987.70511221623,2000.56845146495,1981.56770114072,2005.72660782943
,91,2047.60947990419,2000.38902612558,2007.06909782337,1993.13292058768,2022.06993125021,2038.31697453209,2047.60947990419,1977.99618263227,2001.61188608226,1994.20613234516,2013.93186386762,2020.63228575787,2004.3649105233,2000.38902612558,2000.03435841968,1994.33828334967,2009.2258772882,2016.07034769732,2004.3649105233,1977.99618263227,1985.57666133275,1980.03848162318,2002.12713464584,1996.60369054376,2004.3649105233,2006.19623262137,2013.44766997883,2010.05190359317,2001.3291889534,2001.84556289683,2005.16784627341,2009.16755860815,1976.73256183392,1977.748546211,2002.1370941021,2000.00419685048,2008.39418180313,2000.38902612558,1987.80816236217,1987.64444195334,1993.80171587699,2013.44480638065,1982.45461997718,1977.99618263227,1973.40291939207,1970.87804177398,1986.08863638024,2008.44102464533,1987.79782412911,1994.12303367414,1972.03574313552,1996.8965698569,1987.02549041931,2000.13490225971,2008.39418180313,1987.79782412911,1971.20154373318,1965.80726636095,1973.06957755641,1993.82328879014,2003.70641550619,1985.22024144553,1984.57965303751,1974.57278146488,1986.97209295261,2006.84781061563,2005.99452652642,1983.51150419277,1991.92094729068,1974.47590793045,1979.40756051163,1997.01567346369,1992.74989222109,2007.51825896922,1986.52663097852,1990.91337598859,1992.37175465264,2011.15384943819,2007.55883798421,2001.53986688345,1993.22748358279,1992.96007495443,1976.26909613339,1999.55749339613,2008.39418180313,2009.46307269371,2004.14315087497,2012.78228708458,1992.608340592,2007.28542927459,1987.79782412911,2029.83584240831,1987.21752452643,1999.97747456037,1981.09301282614,2004.26791930112
,91.5,2046.24902535734,1998.70276022134,2006.77980076082,1992.92354442425,2021.77383892797,2037.91298112438,2046.24902535734,1976.71254362336,2001.43360982574,1994.01262388388,2013.75472945504,2020.84012695386,2000.71629145057,1998.70276022134,2000.28649117306,1994.33977924185,2009.16367218428,2016.00915276433,2000.71629145057,1976.71254362336,1985.73096077357,1980.17551896138,2002.32884532859,1996.69919211496,2000.71629145057,2005.07020748633,2013.12531672913,2009.81619681196,2001.26007533491,2001.84211162172,2000.85948913273,2004.06297729039,1976.71135698913,1977.78731891441,2002.22964080191,1999.97984288417,2004.73739359564,1998.70276022134,1987.6942950726,1987.48973635333,1993.42842602225,2012.25184793638,1980.33387555117,1976.71254362336,1973.27620378846,1970.91086988679,1985.90124560812,2007.20156602804,1985.65531675312,1986.43682212622,1971.90338763328,1996.90082007727,1987.21918602464,1999.05894483237,2004.73739359564,1985.65531675312,1971.01217133035,1965.55004639919,1972.98360655452,1992.47654862,1990.46590366609,1985.00776351341,1984.77239289394,1974.60253018346,1986.98309427228,2005.51006604848,1994.0932417066,1983.65459539423,1991.6568658501,1974.67374507545,1979.21301130798,1995.78446218198,1989.76096469052,2007.33583330374,1986.32479013585,1990.70830572973,1992.36801309156,2009.79941001778,2003.04204008079,2000.86895263067,1993.052790108,1992.66148939174,1976.02271829411,1998.35308952128,2004.73739359564,2009.20690891555,2003.73203208041,2012.57790569449,1992.39737760323,2005.60409952533,1985.65531675312,2029.31922895168,1986.96163063509,1999.47693635703,1980.69361920383,2002.90895779356
,92,2045.03176713185,1997.4687079867,2006.21961146404,1992.61642804869,2021.49761907472,2037.50700955264,2045.03176713185,1975.75625754254,2001.09332392646,1993.97525628319,2013.28103844451,2020.90019803167,1998.69354388686,1997.4687079867,2000.46222327303,1994.47611597084,2009.26072349414,2016.11725544927,1998.69354388686,1975.75625754254,1986.16737602929,1980.44661428953,2002.50538589954,1996.59218719984,1998.69354388686,2004.20079849752,2012.7973993735,2009.70223671325,2001.19762014989,2001.60635533739,1998.93176004977,2002.37767711725,1976.73688662508,1978.10302700183,2002.41483620518,2000.04402362527,2003.0637952039,1997.4687079867,1987.56398400809,1987.23396187906,1993.11689990019,2011.0877269871,1978.8932737129,1975.75625754254,1973.23806457354,1970.78593475219,1985.72366422175,2006.09741792886,1984.23307566933,1984.06470404865,1971.99478060093,1996.92245539629,1987.42120123237,1998.13314006271,2003.0637952039,1984.23307566933,1970.97935727016,1965.55513500599,1972.85955347347,1991.39202160465,1987.03975466237,1984.95004459598,1984.90722033429,1974.73875587804,1986.95010704382,2004.47988351735,1991.21435096405,1983.65421927371,1991.52812497233,1974.70321115292,1979.05512741881,1994.82056693698,1988.28619540846,2007.07274512925,1986.40269036437,1990.60431734873,1992.28920756671,2008.69116331671,2001.22419036559,2000.34303792386,1992.84647537426,1992.55735762154,1975.62291961588,1997.21349934093,2003.0637952039,2008.87663175191,2003.38854986209,2012.07068041182,1992.05594824916,2003.89459210243,1984.23307566933,2028.78292608253,1986.64895912559,1999.10865104846,1980.22966863284,2001.6272348772
,92.5,2043.79457455506,1996.61532750311,2005.61136682671,1992.03707691339,2021.04593203042,2036.82317023993,2043.79457455506,1974.79300006263,2000.98091580722,1993.81382702151,2012.63308750254,2020.908499633,1997.47852977937,1996.61532750311,2000.44611839501,1994.84656104813,2009.52984648503,2016.48793827517,1997.47852977937,1974.79300006263,1986.41637331996,1980.67764724921,2002.53305036878,1996.54140339878,1997.47852977937,2003.55114312123,2012.41294494463,2009.58125277376,2001.05044104293,2001.54325584916,1998.27836259882,2001.55472554428,1976.79293474085,1978.36722010122,2002.44048538606,2000.09559148663,2002.21630791836,1996.61532750311,1987.36576621462,1986.91220675404,1992.67659500561,2009.96223447915,1977.87373615571,1974.79300006263,1973.05650764665,1970.38641259883,1985.59714150005,2005.11954083803,1983.25913005085,1983.4106568519,1971.97551031569,1997.00724046139,1987.44974009329,1997.18558648128,2002.21630791836,1983.25913005085,1970.8735653473,1965.38245591461,1972.86850441501,1990.37191528871,1986.07310876482,1985.12897806349,1984.97889864587,1974.92942108154,1987.0781441276,2003.68730672511,1990.32281076176,1983.41718970717,1991.46697021535,1974.81664788217,1978.764730867,1994.07073638463,1987.41833638899,2006.89529088138,1986.32405136769,1990.5474601975,1992.19237065344,2007.62987836386,2000.11336590373,1999.64287535856,1992.61528167871,1992.60011531087,1975.24308510581,1996.33257302528,2002.21630791836,2008.78559492489,2003.11662366344,2011.53614386058,1991.78917792434,2002.60923022546,1983.25913005085,2028.13905700932,1986.45998636273,1999.0235623954,1979.92424610297,2000.67239319882
,93,2042.96727386951,1995.87274590764,2004.82558803775,1991.81204646431,2020.86746627522,2036.32634141754,2042.96727386951,1974.03091880116,2000.82654799762,1993.64748972635,2012.20595418662,2020.56290097673,1996.58576053894,1995.87274590764,2000.36235392416,1994.91836762391,2009.73486490395,2016.74734401937,1996.58576053894,1974.03091880116,1986.31567014168,1980.94557285531,2002.23196115756,1996.46261814987,1996.58576053894,2002.93638039214,2012.15292513672,2009.46823914823,2000.68630253843,2001.52265687223,1997.35197630504,2000.57265838547,1976.88651148029,1978.49576071608,2002.38674073566,1999.98153138421,2001.50726915058,1995.87274590764,1986.96583238016,1986.65195366697,1992.28043602347,2008.93179122696,1976.8935966973,1974.03091880116,1973.04875526574,1970.31147755199,1985.51739372905,2004.41872659031,1982.48678528598,1982.63081839466,1972.03319152113,1997.00639009593,1987.48823057527,1996.5556776063,2001.50726915058,1982.48678528598,1970.75710615366,1965.09429984756,1972.76340530809,1989.45839518978,1985.2438762509,1985.25920399527,1984.83448432651,1975.07034442326,1987.21283169281,2003.0557512586,1989.43660928436,1983.1928511656,1991.72474493987,1974.97502223572,1978.82942033081,1993.69584846115,1986.60047113364,2006.76251267462,1986.18210358384,1990.74235416546,1992.04776758108,2006.60653435751,1999.24211949676,1999.26973750005,1992.52012857507,1992.76806973211,1975.14985559906,1995.70433278462,2001.50726915058,2008.80167007028,2002.99208611661,2011.1301008444,1991.42362882433,2001.5050796889,1982.48678528598,2027.60426185032,1986.53576146014,1999.25600392494,1979.744891738,2000.07732254399
,93.5,2042.32755792816,1995.43873257308,2004.22099499039,1991.77498690613,2020.68107320731,2035.84385837996,2042.32755792816,1973.22580855327,2000.77473989115,1993.74959261108,2012.01586622941,2020.19735217856,1995.83185828308,1995.43873257308,2000.14150570815,1995.0573950494,2009.84639512024,2016.82313411569,1995.83185828308,1973.22580855327,1986.23243187342,1980.9746769269,2001.68701656314,1996.09594982185,1995.83185828308,2002.43352546537,2012.14042923416,2009.50661818365,2000.61382411503,2001.3709248985,1996.70277213378,1999.75490482417,1977.0409384377,1978.56204092476,2002.31201419057,1999.85801491619,2000.84951275772,1995.43873257308,1986.84127774247,1986.30686746071,1991.87372383511,2008.01838526364,1976.07217034039,1973.22580855327,1972.98144920862,1970.24012264783,1985.39020451894,2004.03966960651,1981.87311672012,1981.96445953325,1972.15155125429,1996.81610075367,1987.21198694116,1995.81035413717,2000.84951275772,1981.87311672012,1970.57140251074,1965.08041756051,1972.8308150409,1988.93667726242,1984.46395172048,1985.29405232192,1984.47720232518,1975.63434307856,1987.47425328039,2002.98361675275,1988.70127006551,1982.82060320243,1991.9520477442,1975.09203986152,1979.04708689696,1993.43689866219,1985.85819292848,2006.49194581363,1986.10691553611,1991.03348680868,1991.72938753878,2005.7681848619,1998.69814586634,1999.16857946895,1992.52350282277,1993.07077709288,1974.99391854057,1995.19775658759,2000.84951275772,2008.89011101051,2003.0129116854,2010.89244388725,1991.32569233026,2000.86420727034,1981.87311672012,2027.18485293706,1986.78231494728,1999.76358398122,1979.63657005662,1999.57622544852
,94,2042.24730443433,1994.89320511347,2003.81826908206,1991.6700891684,2020.94092626701,2035.61994564038,2042.24730443433,1972.30411992478,2000.77684211121,1993.89485128568,2011.93245508522,2019.94697850821,1995.65001140025,1994.89320511347,2000.27623619069,1995.0246990665,2009.59324428357,2016.58103083793,1995.65001140025,1972.30411992478,1985.83126227844,1980.94361630396,2001.03723650696,1995.79900246837,1995.65001140025,2002.22933076819,2012.56655083169,2009.56675418922,2000.81022654472,2001.34458360175,1995.93090386396,1999.12796778857,1977.22257892809,1978.14118565618,2001.82803399161,1999.59816465735,2000.40605292334,1994.89320511347,1986.66228752791,1986.41487815611,1991.29551687881,2007.29821973798,1975.00901595392,1972.30411992478,1972.73632848503,1970.49809008018,1984.78056612439,2003.37740357506,1981.2142727121,1980.65167281548,1972.14112833889,1995.78237236403,1986.71048163181,1994.79539307018,2000.40605292334,1981.2142727121,1970.26554539381,1964.70812572522,1972.69799178287,1988.6878997365,1983.73724513203,1985.40766228912,1984.12281969509,1976.24528944455,1987.83686372161,2002.96734915126,1987.94830511108,1981.96967963398,1992.01513030319,1974.77085734357,1979.26137988228,1992.96143271373,1985.38394187843,2006.41791158294,1986.48834656012,1991.24745808128,1991.25574255134,2005.23878125023,1998.36584604708,1999.64876917807,1992.87749509322,1992.95348896429,1975.12006550942,1994.76748522427,2000.40605292334,2008.94284997483,2003.46188965699,2010.74853841647,1991.48418146114,2000.68553470852,1981.2142727121,2027.15992833338,1987.59718258196,2000.41762914335,1979.98613971612,1999.94968130481
,94.5,2042.27801542204,1994.31247144308,2003.47894823177,1991.72314462051,2021.26188308513,2035.31338748792,2042.27801542204,1971.42344736462,2000.86893350575,1994.10083026405,2012.17760157484,2019.65548241129,1995.49149424345,1994.31247144308,2000.33492961722,1994.77763948293,2009.24991343755,2016.25010484322,1995.49149424345,1971.42344736462,1985.16845365156,1980.83600964596,2000.029742476,1995.53305695214,1995.49149424345,2001.9372697068,2013.0380035422,2009.56334685912,2000.99655820211,2001.34134292148,1995.19208587562,1998.35174846572,1977.42594472704,1977.54921016394,2001.25955864784,1999.09327872827,2000.06186663851,1994.31247144308,1986.42926952749,1986.49427404267,1990.6797589597,2006.64531824342,1974.09260837877,1971.42344736462,1972.57083475546,1970.92236289524,1984.2737394514,2002.8626123739,1980.60077737746,1979.31420187004,1972.09379034615,1994.79069275954,1986.16878278763,1993.91981480878,2000.06186663851,1980.60077737746,1969.83518255648,1964.26714160846,1972.52391578018,1988.4752266991,1983.12687302188,1985.48129761485,1983.6816296177,1976.92637729588,1988.28390682256,2003.03393260919,1987.13470073391,1981.19437331673,1992.00352039404,1974.63308855821,1979.64058347691,1992.61399077063,1985.04655095696,2006.38998515399,1986.66765935116,1991.62730605789,1990.80618094914,2004.68297779279,1998.16590595851,2000.07340065968,1993.20577650796,1992.87919250251,1975.43936499775,1994.51211465243,2000.06186663851,2009.02733876009,2003.98427907327,2010.84161740006,1991.74348473136,2000.66134457809,1980.60077737746,2027.06501188201,1988.51610372641,2001.23545286778,1980.31889991734,2000.35973520048
,95,2043.51008348499,1992.99227065873,2003.51956702219,1991.69703365157,2022.14824742602,2035.92151988222,2043.51008348499,1970.22223137846,2001.10107856659,1994.22516905702,2012.42057026313,2019.85408630309,1996.38237927671,1992.99227065873,2001.52874181221,1994.59451826712,2008.05781117463,2015.31549778646,1996.38237927671,1970.22223137846,1984.43183524908,1980.91402712325,1999.29700131596,1995.55745446147,1996.38237927671,2002.42913065365,2014.54635771659,2009.44298956993,2001.9178599745,2001.6207918277,1994.07681792028,1998.42546372425,1977.64151210365,1976.40377700561,2000.20471373269,1998.96189956215,1999.92097354205,1992.99227065873,1986.29490429975,1987.60943344519,1989.64869790839,2006.42334781483,1972.59140837213,1970.22223137846,1971.82930582435,1971.74044843318,1982.58750416426,2001.45727375717,1979.56284035587,1976.48866259638,1971.78823985532,1992.08814880382,1985.15447607793,1992.17283346269,1999.92097354205,1979.56284035587,1969.19676615472,1963.0124382054,1971.85213595094,1988.59792313402,1982.34915396888,1985.56596748349,1983.43087773872,1977.96081593866,1988.78654589405,2003.05868835025,1986.39867967764,1979.5811133639,1992.01130176871,1973.6223900756,1979.62866276632,1991.60178125412,1985.21488829647,2006.899919527,1988.16086581935,1991.93910197064,1990.32798943835,2004.68088912966,1998.15879057549,2001.7282634532,1994.5345271908,1991.89619942765,1976.07646523623,1994.36888695721,1999.92097354205,2008.94197218536,2005.22713199059,2010.81630102789,1992.31313942876,2001.34358900544,1979.56284035587,2028.20941957184,1990.71722674455,2002.23359979286,1981.79988134794,2002.60065174747
