,Temperature,A7,A8,A9,A10,A11,A12,B7,B8,B9,B10,B11,B12,C7,C8,C9,C10,C11,C12,D7,D8,D9,D10,D11,D12,E7,E8,E9,E10,E11,E12,F7,F8,F9,F10,F11,F12,G7,G8,G9,G10,G11,G12,H7,H8,H9,H10,H11,H12,I7,I8,I9,I10,I11,I12,J7,J8,J9,J10,J11,J12,K7,K8,K9,K10,K11,K12,L7,L8,L9,L10,L11,L12,M7,M8,M9,M10,M11,M12,N7,N8,N9,N10,N11,N12,O7,O8,O9,O10,O11,O12,P7,P8,P9,P10,P11,P12
,65,5133.40991745876,4681.31691130663,2012.89189368287,2002.16670158359,2014.88856842547,2009.51910177227,5164.63862586999,4779.9773488753,1994.33787082904,2001.52401469595,2000.92955716414,2011.94238640811,4522.50864379256,5166.66134079983,1988.20644803552,1997.31577067419,1990.39058348509,2000.72621865746,4522.50864379256,5145.67514489936,1987.12636537391,1981.67789784518,1986.68205147232,1991.78898038901,5166.66134079983,5032.29229257477,1988.24059296033,1999.64739976188,1988.24680090381,1985.64911412405,5166.66134079983,4857.72709619616,1982.49996438799,1977.22686483555,1982.43843995849,1982.93878993239,5214.24665487538,4681.31691130663,1989.85439823417,1982.81107751353,1980.75614936577,3957.11270257603,4627.75224546478,4779.9773488753,1987.48109815051,1984.24843296303,1967.65293281543,2077.5474782152,5227.89985292405,5145.67514489936,1999.6352907632,1986.69280333939,1968.75849912848,2095.02923888309,4967.78383417272,5227.89985292405,1983.1302349518,1984.98687332048,1969.83566283933,1982.50946354913,5022.11990180278,2001.75185732874,2001.2033196651,2003.91207215124,1971.50927270411,1988.21097227616,4946.55916668677,1992.10295820303,2007.44964028602,1998.81259039828,1999.6023865699,1981.41371658107,4996.58675530324,2010.73409117408,2022.22780439483,2012.32268320687,1999.15032928147,2001.14100633448,5038.92577309897,2008.14532184603,2005.50265147869,2007.85417172773,2008.14916820709,2003.92802936324,5145.67514489936,2020.66031448695,2018.47931002842,2005.48859586291,2008.06622679494,2001.73808965121,5227.89985292405,2010.49715907037,1999.52503635076,1996.63159389212,1993.10292506966,2001.89750294003
,65.5,5116.95299748974,4660.44353267836,2012.82824620364,2002.19966461542,2015.0845803986,2009.45493298103,5150.80544159396,4752.9983792242,1994.46272986227,2001.57732344483,2001.08941518132,2012.01762140118,4511.1292004073,5151.95432197596,1988.1289704021,1997.35526233508,1990.54414432546,2000.86591607883,4511.1292004073,5126.02519934465,1987.39502531107,1981.878722785,1986.71590302636,1991.71079138212,5151.95432197596,5025.12127866501,1988.37481420979,1999.7505654185,1988.30362571542,1985.98512878394,5151.95432197596,4853.17725182715,1982.70976614074,1977.53959432061,1982.74445459135,1982.86689915707,5200.02054002821,4660.44353267836,1990.15424129132,1982.91791246229,1980.94501801981,3937.17513824395,4610.90229051395,4752.9983792242,1987.44186458206,1984.34273659969,1967.760285314,2075.39710622687,5195.35884454566,5126.02519934465,1999.478166407,1986.69963042431,1968.83072150798,2095.0470913512,4951.01480275239,5195.35884454566,1983.03706116892,1984.93644630857,1969.95585386915,1982.62713745431,5011.36113216057,2001.83033042193,2001.02675574181,2004.27679803122,1971.81087689014,1987.98792169314,4935.43231095251,1992.15634362389,2006.70649230922,1998.83357865407,1999.943059344,1981.11355305954,4983.19866843304,2010.92601489606,2022.14151851523,2012.56064969401,1999.16735374787,2000.96436859589,5020.46988950049,2008.08215608142,2005.71672635375,2007.94915710565,2008.05435480894,2003.86089686789,5126.02519934465,2020.74383487402,2018.20263193449,2005.45226687831,2008.21033754026,2001.80523126463,5195.35884454566,2010.73369367204,1999.64092875915,1996.6987691991,1992.60109560768,2002.16256071735
,66,5100.49607752072,4639.57015405008,2012.76459872441,2002.23262764726,2015.28059237172,2009.39076418979,5136.97225731793,4726.01940957311,1994.58758889549,2001.63063219371,2001.2492731985,2012.09285639424,4499.74975702204,5137.2473031521,1988.05149276868,1997.39475399597,1990.69770516583,2001.0056135002,4499.74975702204,5106.37525378994,1987.66368524823,1982.07954772482,1986.74975458039,1991.63260237523,5137.2473031521,5017.95026475525,1988.50903545925,1999.85373107512,1988.36045052703,1986.32114344384,5137.2473031521,4848.62740745814,1982.91956789348,1977.85232380567,1983.0504692242,1982.79500838175,5185.79442518103,4639.57015405008,1990.45408434846,1983.02474741106,1981.13388667385,3917.23757391187,4594.05233556311,4726.01940957311,1987.40263101361,1984.43704023635,1967.86763781256,2073.24673423854,5162.81783616726,5106.37525378994,1999.32104205079,1986.70645750923,1968.90294388748,2095.06494381931,4934.24577133206,5162.81783616726,1982.94388738604,1984.88601929665,1970.07604489897,1982.74481135949,5000.60236251836,2001.90880351511,2000.85019181853,2004.6415239112,1972.11248107616,1987.76487111012,4924.30545521825,1992.20972904475,2005.96334433243,1998.85456690986,2000.28373211811,1980.81338953801,4969.81058156285,2011.11793861804,2022.05523263563,2012.79861618115,1999.18437821427,2000.78773085729,5002.01400590201,2008.01899031681,2005.93080122882,2008.04414248356,2007.9595414108,2003.79376437253,5106.37525378994,2020.82735526108,2017.92595384056,2005.41593789372,2008.35444828558,2001.87237287804,5162.81783616726,2010.97022827371,1999.75682116754,1996.76594450607,1992.0992661457,2002.42761849467
,66.5,5084.03915755169,4618.69677542181,2012.70095124519,2002.26559067909,2015.47660434484,2009.32659539856,5123.1390730419,4699.04043992202,1994.71244792871,2001.68394094259,2001.40913121568,2012.16809138731,4488.37031363678,5122.54028432823,1987.97401513526,1997.43424565686,1990.8512660062,2001.14531092157,4488.37031363678,5086.72530823523,1987.9323451854,1982.28037266464,1986.78360613443,1991.55441336835,5122.54028432823,5010.7792508455,1988.64325670871,1999.95689673174,1988.41727533864,1986.65715810374,5122.54028432823,4844.07756308913,1983.12936964623,1978.16505329073,1983.35648385706,1982.72311760643,5171.56831033386,4618.69677542181,1990.75392740561,1983.13158235983,1981.3227553279,3897.30000957979,4577.20238061228,4699.04043992202,1987.36339744515,1984.53134387301,1967.97499031113,2071.09636225021,5130.27682778887,5086.72530823523,1999.16391769458,1986.71328459415,1968.97516626697,2095.08279628741,4917.47673991173,5130.27682778887,1982.85071360315,1984.83559228473,1970.19623592879,1982.86248526467,4989.84359287615,2001.98727660829,2000.67362789524,2005.00624979117,1972.41408526218,1987.5418205271,4913.17859948399,1992.2631144656,2005.22019635563,1998.87555516565,2000.62440489221,1980.51322601649,4956.42249469265,2011.30986234001,2021.96894675603,2013.0365826683,1999.20140268068,2000.61109311869,4983.55812230353,2007.9558245522,2006.14487610388,2008.13912786147,2007.86472801266,2003.72663187718,5086.72530823523,2020.91087564815,2017.64927574664,2005.37960890912,2008.49855903091,2001.93951449146,5130.27682778887,2011.20676287538,1999.87271357593,1996.83311981304,1991.59743668371,2002.692676272
,67,5067.58223758267,4597.82339679353,2012.63730376596,2002.29855371092,2015.67261631796,2009.26242660732,5109.30588876587,4672.06147027092,1994.83730696193,2001.73724969146,2001.56898923286,2012.24332638038,4476.99087025152,5107.83326550436,1987.89653750184,1997.47373731775,1991.00482684657,2001.28500834294,4476.99087025152,5067.07536268052,1988.20100512256,1982.48119760446,1986.81745768846,1991.47622436146,5107.83326550436,5003.60823693574,1988.77747795817,2000.06006238836,1988.47410015025,1986.99317276364,5107.83326550436,4839.52771872012,1983.33917139898,1978.47778277578,1983.66249848991,1982.65122683111,5157.34219548669,4597.82339679353,1991.05377046275,1983.2384173086,1981.51162398194,3877.36244524771,4560.35242566144,4672.06147027092,1987.3241638767,1984.62564750966,1968.0823428097,2068.94599026188,5097.73581941047,5067.07536268052,1999.00679333837,1986.72011167907,1969.04738864647,2095.10064875552,4900.70770849141,5097.73581941047,1982.75753982027,1984.78516527282,1970.31642695861,1982.98015916985,4979.08482323394,2002.06574970147,2000.49706397196,2005.37097567115,1972.71568944821,1987.31876994408,4902.05174374973,1992.31649988646,2004.47704837883,1998.89654342145,2000.96507766631,1980.21306249496,4943.03440782246,2011.50178606199,2021.88266087643,2013.27454915544,1999.21842714708,2000.43445538009,4965.10223870505,2007.89265878759,2006.35895097894,2008.23411323939,2007.76991461451,2003.65949938182,5067.07536268052,2020.99439603521,2017.37259765271,2005.34327992452,2008.64266977623,2002.00665610488,5097.73581941047,2011.44329747705,1999.98860598432,1996.90029512002,1991.09560722173,2002.95773404932
,67.5,5051.12531761363,4576.95001816532,2012.57365628676,2002.33151674278,2015.86862829105,2009.1982578161,5095.47270448983,4645.08250061991,1994.96216599513,2001.79055844035,2001.72884725007,2012.31856137343,4465.61142686628,5093.12624668056,1987.81905986845,1997.51322897865,1991.15838768691,2001.42470576426,4465.61142686628,5047.42541712589,1988.46966505973,1982.68202254428,1986.85130924248,1991.39803535458,5093.12624668056,4996.43722302601,1988.91169920765,2000.16322804496,1988.53092496184,1987.32918742354,5093.12624668056,4834.97787435111,1983.54897315173,1978.79051226083,1983.9685131228,1982.57933605578,5143.11608063956,4576.95001816532,1991.35361351989,1983.34525225738,1981.70049263598,3857.4248809157,4543.50247071054,4645.08250061991,1987.28493030827,1984.71995114631,1968.18969530826,2066.79561827355,5065.19481103208,5047.42541712589,1998.84966898219,1986.72693876397,1969.11961102598,2095.11850122363,4883.93867707116,5065.19481103208,1982.66436603738,1984.73473826092,1970.43661798846,1983.09783307507,4968.32605359177,2002.14422279463,2000.32050004869,2005.73570155111,1973.01729363427,1987.09571936104,4890.92488801549,1992.36988530733,2003.73390040203,1998.9175316772,2001.30575044041,1979.91289897344,4929.64632095228,2011.69370978395,2021.79637499683,2013.51251564261,1999.23545161347,2000.25781764146,4946.64635510655,2007.829493023,2006.57302585399,2008.32909861729,2007.67510121639,2003.59236688647,5047.42541712589,2021.07791642227,2017.09591955881,2005.30695093994,2008.78678052153,2002.07379771825,5065.19481103208,2011.67983207873,2000.10449839269,1996.96747042702,1990.59377775972,2003.22279182665
,68,5034.66839764461,4556.07663953705,2012.51000880753,2002.36447977461,2016.06464026417,2009.13408902486,5081.6395202138,4618.10353096881,1995.08702502835,2001.84386718922,2001.88870526725,2012.3937963665,4454.23198348102,5078.41922785669,1987.74158223503,1997.55272063955,1991.31194852727,2001.56440318563,4454.23198348102,5027.77547157118,1988.73832499689,1982.8828474841,1986.88516079652,1991.3198463477,5078.41922785669,4989.26620911625,1989.04592045711,2000.26639370158,1988.58774977345,1987.66520208343,5078.41922785669,4830.4280299821,1983.75877490448,1979.10324174588,1984.27452775566,1982.50744528046,5128.88996579238,4556.07663953705,1991.65345657703,1983.45208720615,1981.88936129002,3837.48731658362,4526.65251575971,4618.10353096881,1987.24569673982,1984.81425478297,1968.29704780683,2064.64524628522,5032.65380265369,5027.77547157118,1998.69254462598,1986.73376584889,1969.19183340548,2095.13635369173,4867.16964565084,5032.65380265369,1982.5711922545,1984.684311249,1970.55680901828,1983.21550698025,4957.56728394956,2002.22269588781,2000.14393612541,2006.10042743109,1973.31889782029,1986.87266877802,4879.79803228123,1992.42327072819,2002.99075242524,1998.93851993299,2001.64642321452,1979.61273545191,4916.25823408209,2011.88563350593,2021.71008911723,2013.75048212976,1999.25247607987,2000.08117990286,4928.19047150807,2007.76632725839,2006.78710072906,2008.4240839952,2007.58028781825,2003.52523439112,5027.77547157118,2021.16143680934,2016.81924146488,2005.27062195534,2008.93089126685,2002.14093933167,5032.65380265369,2011.9163666804,2000.22039080108,1997.03464573399,1990.09194829774,2003.48784960397
,68.5,5010.18069633665,4527.5179188462,2012.444362121,2002.44983550487,2016.34789172916,2009.24226609138,5059.84868109685,4584.65576545399,1995.06420990185,2001.8111808379,2002.29724075976,2012.37260959309,4435.4380693457,5053.07847693611,1987.890620216,1997.56003861973,1991.18498674289,2001.58903370191,4435.4380693457,5000.09125327907,1988.89573769151,1982.8296647424,1986.89548598055,1991.27160075046,5053.07847693611,4974.83495827955,1989.25091269457,2000.15655190188,1988.50579460433,1987.56231124027,5053.07847693611,4818.1057531758,1983.91874118524,1979.22664783456,1984.25947108599,1982.40443188565,5105.17539574053,4527.5179188462,1991.66736773586,1983.46588040218,1981.89829077195,3811.72913810783,4502.46018399412,4584.65576545399,1987.24198906698,1984.75931531744,1968.34945321761,2062.42944813293,4994.0339712153,5000.09125327907,1998.5702062526,1986.81404543705,1969.12439731539,2094.83685843538,4842.91371384414,4994.0339712153,1982.38549130353,1984.86790501871,1970.81323548228,1983.07387752744,4938.07930345105,2002.40150772613,1999.99779717387,2006.4157785833,1973.71910518117,1986.63302951941,4859.79102237686,1992.42845332852,2002.60691670387,1998.84448936345,2001.84444190909,1979.35371586641,4894.21996473426,2012.2336329228,2021.35255221004,2013.81978566889,1999.38791431494,2000.01889242784,4901.8920189599,2007.67293979928,2006.95948540598,2008.50252025721,2007.6608811632,2003.35751736814,5000.09125327907,2021.25662081466,2016.62258401019,2005.16413024952,2008.990117683,2002.10961919594,4994.0339712153,2012.03725903521,2000.27138862623,1997.14827830004,1989.82001797546,2003.48323850302
,69,4978.50514326916,4493.06222426139,2012.40682534123,2002.45658540053,2016.2127397928,2009.24406179887,5031.13775105402,4546.38862307742,1994.91384318481,2001.81752962418,2002.64851857815,2012.3858557526,4410.53418140464,5019.39176596593,1987.92745245119,1997.45034827094,1990.86519557691,2001.4563586145,4410.53418140464,4965.51342790542,1989.16562248068,1983.02946315072,1986.96054348661,1991.07082766897,5019.39176596593,4953.46844219452,1989.3013135148,2000.13361405415,1988.38615916123,1987.58981380998,5019.39176596593,4798.32035697872,1984.08383497794,1979.16409863364,1984.25556200818,1982.18343414947,5074.01788104774,4493.06222426139,1991.6715914885,1983.48196512049,1981.68116235028,3780.77781758583,4472.71074152034,4546.38862307742,1987.21199578524,1984.55229947629,1968.1786803018,2059.8950121695,4950.69943293202,4965.51342790542,1998.26909961293,1986.75984244444,1969.00536752972,2094.34314457153,4812.38427666496,4950.69943293202,1982.19395491197,1984.9022532064,1971.00225597628,1982.72982175095,4911.38658349113,2002.48325443023,1999.84700644151,2006.92410148293,1974.04070200321,1986.62623528107,4832.50259599721,1992.20731623736,2002.62021832553,1998.58676390202,2002.06772346019,1979.19356325518,4865.11738242456,2012.21968234231,2020.91721667593,2013.91275655409,1999.68206088661,2000.05799836945,4869.14839880791,2007.40676728711,2007.0829522193,2008.69246835716,2007.77803962057,2003.17553061433,4965.51342790542,2021.10566388338,2016.40210418718,2004.91173369379,2008.82920778907,2002.0878673723,4950.69943293202,2012.13228219,2000.30106120626,1997.39816585029,1989.56990077941,2003.27067344067
,69.5,4940.72383028854,4454.15387992129,2012.2792986681,2002.34277411982,2015.96008837394,2009.20163876028,4996.50462883653,4504.86169720979,1994.85495215473,2001.86443264624,2002.96358836213,2012.14896258968,4380.6442954765,4979.65950705852,1987.78723679826,1997.2518734625,1990.25389244095,2001.59611778631,4380.6442954765,4925.54853071691,1989.25737309294,1983.11725646335,1986.95796859998,1990.93908919919,4979.65950705852,4925.9965549962,1989.33216690255,1999.97472543722,1988.17430126126,1987.53861003041,4979.65950705852,4772.15581308207,1984.24986033094,1979.18855679588,1984.22581441093,1982.02027109408,5037.1319564999,4454.15387992129,1991.4117125171,1983.56714808374,1981.57657792561,3745.26756031933,4438.37918230605,4504.86169720979,1987.2331493462,1984.14721000247,1967.96342229259,2057.10033719103,4904.16412333927,4925.54853071691,1998.08943536769,1986.55354849756,1968.78768609374,2093.58077746021,4777.18436568632,4904.16412333927,1982.18210417759,1985.05260776329,1971.08912848247,1982.28560895479,4878.81179802165,2002.61632407931,1999.69007842607,2007.07538206631,1973.92218243379,1986.68592439311,4799.70548068094,1992.07888137586,2002.68385518841,1998.48755410362,2002.1781055628,1978.95722514356,4830.29998759732,2012.12523499649,2020.38763924547,2013.74315324866,1999.93480901291,2000.18547415229,4831.34244647639,2007.22004506573,2007.22822515712,2008.73813708625,2007.87398675402,2002.93952891489,4925.54853071691,2021.12051343248,2016.22400601069,2004.80591515211,2008.65592823945,2002.30670868033,4904.16412333927,2012.2048570777,2000.16674246572,1997.62624284538,1989.54166799355,2003.11339833302
,70,4898.56118392975,4412.07947852764,2012.16105178791,2002.21780537092,2015.59722244945,2009.04988070815,4957.53860807231,4461.22614432564,1994.94984991242,2001.98392040265,2002.79079463429,2012.29714737548,4346.5797361221,4935.93093175845,1987.62262742513,1997.00834742074,1989.7636363114,2001.70934785325,4346.5797361221,4882.17641610982,1989.34480568584,1983.06391422954,1986.93357119029,1990.92821979302,4935.93093175845,4893.44521752851,1989.54120486855,1999.98171627407,1988.04293405274,1987.47712566373,4935.93093175845,4740.70380780202,1984.33827162962,1978.9552839184,1984.24729884707,1981.98820665009,4996.45606141986,4412.07947852764,1991.11388803605,1983.79637614166,1981.38595002153,3705.90665403104,4401.36061148028,4461.22614432564,1987.14752522074,1983.768330374,1967.84407705005,2054.33490649619,4855.76142196933,4882.17641610982,1998.01114511284,1986.26194113054,1968.51254812519,2092.67680477502,4739.32651357278,4855.76142196933,1982.24518221666,1985.34908605696,1971.02956020718,1981.85609058947,4841.8563181557,2002.59276974595,1999.48320738056,2007.19200896831,1973.89744337323,1986.92291908391,4762.79978263369,1991.79290346677,2002.77934669075,1998.50294281513,2002.04353269469,1978.66973350643,4791.17737250552,2011.96852433451,2020.18202456118,2013.78450342577,2000.2779239597,2000.40412664916,4790.18966991924,2006.98071612837,2007.13038114589,2008.80961331869,2007.72495354209,2002.7600476805,4882.17641610982,2021.12346761402,2016.03010913456,2004.96935232322,2008.59619801788,2002.32717375553,4855.76142196933,2012.3008194019,2000.13990214541,1997.70413186962,1989.56780742999,2002.99081200832
,70.5,4853.56028852737,4368.1657438277,2012.03619623276,2002.23480402982,2015.32173605864,2008.80604698274,4915.35322730955,4416.18861701922,1995.2064908536,2002.03961220723,2002.60954287172,2012.59134810005,4309.42759734558,4889.67872522413,1987.19430592675,1996.83893205307,1989.37145820094,2001.73848963657,4309.42759734558,4836.11758908358,1989.25738044612,1982.98595910099,1986.73496343025,1990.76512846251,4889.67872522413,4856.45793767533,1989.6273831809,2000.06254520156,1988.31544970752,1987.40107206563,4889.67872522413,4705.24799843083,1984.14207244229,1978.87567037791,1984.17890689879,1981.5781711749,4953.21980466252,4368.1657438277,1990.49814117197,1983.71385321394,1981.03778066271,3662.78081047106,4362.14292251647,4416.18861701922,1986.98919597923,1983.38830175797,1967.58894376619,2051.39311510515,4806.04057324467,4836.11758908358,1997.86045408992,1986.00202281845,1968.20906078699,2091.76445703124,4699.83952692674,4806.04057324467,1982.20668501639,1985.73509485541,1970.8773735649,1981.40716491466,4802.00362572613,2002.31427578936,1999.58876677571,2007.13003611775,1973.82667219825,1987.086095243,4722.99475919861,1991.37041780533,2002.85611765842,1998.43807085986,2001.83655979409,1978.32975926124,4749.13760394208,2011.80256763584,2019.92270533243,2013.61365185316,2000.36658940117,2000.46566427702,4746.7087854928,2006.71681620819,2006.9946657013,2008.86838984885,2007.40625896954,2002.49434556193,4836.11758908358,2021.15128970584,2016.00902390807,2004.97302103088,2008.30826784056,2002.41380024548,4806.04057324467,2012.04793458931,2000.16540780692,1997.59631656708,1989.69362355923,2002.71694698668
,71,4807.06752779324,4323.38791732636,2011.91205692105,2001.86991810606,2014.94455039466,2008.65931805223,4871.30394011461,4370.39619357666,1995.46995090255,2002.1098576234,2002.3129083214,2012.7030384949,4270.89723162068,4842.03172323261,1986.56773320262,1996.6469188645,1989.20345235359,2001.59431548059,4270.89723162068,4788.16695548673,1989.17095046485,1982.9263599924,1986.8047616294,1990.64011126398,4842.03172323261,4815.87520780979,1989.54948725572,2000.16417113862,1988.52605674584,1987.44790428171,4842.03172323261,4666.63358839294,1984.01057101203,1978.7471460076,1984.20565099512,1981.12722620645,4908.45868137021,4323.38791732636,1990.15750805424,1983.69539588768,1980.88057898509,3616.14865899836,4321.92701165597,4370.39619357666,1986.78630772874,1983.37686116079,1967.50301680798,2048.41215260539,4755.60716913121,4788.16695548673,1997.62718305498,1985.7483694309,1967.98525121309,2091.00014851626,4659.24548153274,4755.60716913121,1982.44082418543,1985.85861617235,1970.67581907194,1981.03938341414,4760.43189541627,2001.67536333085,1999.67784970229,2006.98673764044,1973.62502427502,1987.32099684661,4681.6795553369,1991.11377983641,2002.75332929502,1998.44776083187,2001.86173058696,1977.8846267616,4705.43810495881,2011.419895393,2019.84060263183,2013.41096624066,2000.28262620517,2000.29356597714,4701.82477458891,2006.59329691096,2006.61277936064,2008.85367778986,2006.75417706402,2002.13745269091,4788.16695548673,2021.11671081085,2015.92203151713,2004.81633286117,2008.10580123821,2002.57268142733,4755.60716913121,2012.06508043789,2000.30961214605,1997.48085783953,1989.68620288724,2002.68648996205
,71.5,4759.74315376382,4277.88983828036,2011.73939623368,2001.57779383336,2014.83433176359,2008.69428689407,4826.20941845182,4323.73752285717,1995.58430669459,2002.03179263667,2002.10242831556,2012.81134319678,4231.31258831943,4793.46096931523,1986.00502974569,1996.50771109841,1989.16036613523,2001.46295401957,4231.31258831943,4739.23715792552,1988.93119055485,1982.65099491825,1986.83561667482,1990.66801321014,4793.46096931523,4772.59759807501,1989.25895338527,2000.04619416712,1988.5083701826,1987.29404043445,4793.46096931523,4625.84361962805,1983.73073246803,1978.78968713022,1984.25797646377,1980.85252760033,4862.56076435253,4277.88983828036,1989.90534878482,1983.53044518174,1980.81963797259,3565.13522566567,4281.00640663665,4323.73752285717,1986.5901231109,1983.34795037357,1967.67515821921,2045.7236985124,4705.16280062351,4739.23715792552,1997.51333156056,1985.50802874765,1967.76332074165,2090.2610692048,4618.27944450504,4705.16280062351,1982.57305792033,1985.84334294217,1970.64173631134,1980.80646066694,4717.52409476715,2001.13082956322,1999.86502718601,2006.5839570247,1973.29435892269,1987.33991034304,4639.57686594952,1991.13066657159,2002.48313286005,1998.5420695511,2001.86258598139,1977.3450916008,4660.62114657263,2011.37080943936,2019.84420426179,2013.08772743749,2000.06780177571,2000.01673381236,4656.14983972031,2006.74388087571,2006.32594324441,2008.91874728607,2006.365744803,2001.76821544383,4739.23715792552,2021.17093044393,2015.99839328497,2004.81929489478,2008.05250232815,2002.71498683924,4705.16280062351,2012.08220336224,2000.20968353218,1997.38326787022,1989.65917167663,2002.61625248379
,72,4712.37739241198,4232.2801362106,2011.65181241031,2001.34338193344,2014.77111432946,2008.53128284769,4780.51558479441,4276.23917202083,1995.60135956732,2001.80757758482,2001.66926349815,2012.77438151317,4191.25242368462,4744.49898609588,1985.66632643917,1996.47294036186,1989.34595505802,2000.90887672972,4191.25242368462,4689.92365670865,1988.89116217218,1982.44567308128,1986.88921454231,1990.66658403948,4744.49898609588,4727.47963854142,1988.91074466418,1999.9405162579,1988.40442485033,1987.0779896381,4744.49898609588,4583.45817829069,1983.49822586707,1978.59182553314,1984.24960069279,1980.40164938209,4816.48081139852,4232.2801362106,1989.80042060497,1983.30710861913,1980.73791732771,3508.14284590779,4240.13690270111,4276.23917202083,1986.31483097551,1983.33198316971,1967.81936391837,2043.35182350746,4654.83710773837,4689.92365670865,1997.45057367221,1985.1901903164,1967.60719017456,2089.61077423024,4577.36711499769,4654.83710773837,1982.48934461887,1985.70167630286,1970.74661371603,1980.60469360836,4673.80519704904,2000.58794264997,1999.9470153538,2006.48515278637,1972.93209800249,1987.14145363838,4596.84681625031,1991.15749027908,2002.30185748417,1998.51474089087,2001.74146679268,1976.91366191516,4615.50553121743,2011.32293393506,2020.11174091849,2012.84076389555,1999.78596748687,1999.44630664503,4610.19835825157,2007.00576245009,2006.01434917889,2008.97436329023,2005.90628089611,2001.46522271562,4689.92365670865,2021.13921424081,2016.1833483959,2004.69268571224,2007.9638268232,2002.47545469154,4654.83710773837,2012.03213407877,2000.16847323892,1997.22032152072,1989.42118294473,2002.46625409932
,72.5,4665.11258585823,4186.81518042366,2011.59377840619,2001.06772887427,2014.8795320942,2008.5324879679,4734.52552274088,4227.96869865817,1995.348005439,2001.35453150778,2001.64682194951,2012.49026568521,4151.1866501878,4695.73589172235,1985.53561314445,1996.41201001011,1989.37111519435,2000.13598458789,4151.1866501878,4640.53382622997,1988.79855589494,1982.09918869169,1986.8087356306,1990.51363342987,4695.73589172235,4681.50682621148,1988.66796538511,1999.83980118282,1988.08447574519,1986.81343317852,4695.73589172235,4540.08894030303,1983.12914238789,1978.60241839634,1984.01977372611,1979.93351387281,4770.45585295783,4186.81518042366,1989.90151750168,1983.12938108904,1980.50077665604,3443.07881545384,4199.42985521917,4227.96869865817,1986.4100268234,1983.44708922076,1967.81731002171,2041.08267931,4604.63863913137,4640.53382622997,1997.2354995487,1984.93351679749,1967.52608503327,2089.13704218223,4536.33811740684,4604.63863913137,1982.31667677006,1985.31273656381,1970.90224498091,1980.54321903489,4629.98374706953,2000.18689520735,2000.13656949873,2006.09929445924,1972.6800714403,1986.88826582592,4554.1320025335,1991.57839379796,2002.06212566013,1998.52338508869,2001.70120893938,1976.64159200124,4570.80308135122,2011.18972010271,2020.19689598816,2012.54576351702,1999.3419479207,1999.01388088477,4564.27156991069,2007.40631396037,2005.89216429394,2008.96613328647,2005.6963077591,2001.14868783112,4640.53382622997,2021.0456643772,2016.5342714127,2004.49839505536,2007.85318798201,2002.47361676537,4604.63863913137,2011.93950092629,2000.28781938644,1997.07558632393,1989.28438144179,2002.3040848814
,73,4618.12904730411,4141.11305927062,2011.65309521885,2000.56442138732,2014.78683975406,2008.5905164398,4688.74215551123,4178.97574971141,1994.70926121316,2000.87604082284,2001.43408814832,2011.96129496699,4111.55108497745,4647.29766027069,1985.74574053207,1996.3383702997,1989.50134083569,1999.46021882217,4111.55108497745,4591.32447831999,1988.621820145,1981.83720960801,1986.7373707863,1990.54517235884,4647.29766027069,4635.36079734782,1988.34283585591,1999.57761402033,1987.52475457964,1986.59866385696,4647.29766027069,4496.40758411143,1982.87990025637,1978.46621761806,1983.81213792323,1979.86447066693,4724.68975919354,4141.11305927062,1990.16535778988,1983.1574442431,1980.29996562654,3368.30868548925,4159.22000450874,4178.97574971141,1986.5004376396,1983.55654046883,1967.91009865019,2038.90731948808,4554.73911498703,4591.32447831999,1997.15708987293,1984.8640857519,1967.55293270714,2088.52060363457,4495.34172666113,4554.73911498703,1982.34051690732,1984.89368296195,1971.0951180183,1980.58274155663,4585.81418983182,1999.9778011183,1999.99368700556,2005.72826378846,1972.46460984308,1986.55593240053,4511.67916587552,1992.08892517432,2001.68921743258,1998.34260488599,2001.63793727131,1976.52489416792,4526.54037001638,2011.00914646118,2020.2626754668,2012.43700975147,1998.98475361262,1998.63559306215,4518.47420917288,2007.63859909254,2005.69978758191,2008.75039569594,2005.64235513221,2000.96126664663,4591.32447831999,2020.86853269677,2016.81142587022,2004.33399312086,2007.86925929666,2002.29828747111,4554.73911498703,2011.92703896899,2000.32375791155,1996.86059455111,1989.16707254803,2002.20488356976
,73.5,4571.02679085268,4095.05273713545,2011.73570854814,2000.46562088448,2014.66180420696,2008.58234538668,4643.20129949274,4129.43979727674,1994.02405954099,2000.51537779882,2001.19004201512,2011.64662955399,4071.94670751417,4599.31829807624,1985.98448906738,1996.47893167139,1989.59740275214,1998.97620758267,4071.94670751417,4542.51815952391,1988.2819064392,1981.66057568872,1986.232154117,1990.34095342389,4599.31829807624,4589.40009868901,1988.26305120416,1999.39885297675,1987.10882640821,1986.41804793686,4599.31829807624,4452.40619235744,1982.49638974399,1978.47173590909,1983.6598762544,1979.83924329695,4679.24864129597,4095.05273713545,1990.13945762709,1983.22446179272,1979.91446285027,3282.05925749326,4119.49016175326,4129.43979727674,1986.59406774052,1983.38528157548,1967.94282081127,2036.99599029781,4505.19858534675,4542.51815952391,1997.23702339525,1984.79378046192,1967.64469887029,2087.83959087458,4454.44254452943,4505.19858534675,1982.15996778458,1984.61928646119,1971.21001300266,1980.68869041618,4541.28444697196,2000.10724652562,1999.91578657987,2005.38851205165,1972.35146440282,1986.12580710092,4469.42095539267,1992.31428728842,2001.26669688727,1998.24167416861,2001.23394902074,1976.58118986129,4482.2807584671,2010.96485587638,2020.07020462263,2012.42711131635,1998.63357759701,1998.39089365191,4472.82165806452,2007.71378091028,2005.76558681053,2008.55376042709,2005.86576212249,2000.85712195031,4542.51815952391,2020.6496073663,2017.03214158201,2004.27362596134,2007.64728403614,2001.96241125315,4505.19858534675,2011.54320184744,2000.14621963371,1996.61666328837,1989.1469953962,2001.85013334144
,74,4524.23497161452,4048.94532759929,2011.77441748649,2000.38042730205,2014.56547711505,2008.59922548975,4597.8112196882,4079.9768040273,1993.4972412345,2000.39228689665,2000.8948995711,2011.24651861401,4032.54632370579,4551.71469977526,1986.21830329643,1996.6465626631,1989.5421869254,1998.27267868517,4032.54632370579,4494.00736994536,1988.03265175142,1981.59065954094,1985.8077108156,1990.14088089281,4551.71469977526,4543.63156012366,1988.55134776817,1999.2980138898,1986.80333627558,1986.44656924664,4551.71469977526,4408.2184121881,1982.17191719101,1978.42284436299,1983.45111560629,1979.69337680899,4633.97779013171,4048.94532759929,1989.72149208454,1983.49786945827,1979.37571703498,3184.01163480821,4080.3037726252,4079.9768040273,1986.47191441544,1983.32380236293,1967.8501730473,2034.96471391009,4455.94428350324,4494.00736994536,1997.30582177278,1984.93584021428,1967.66867422779,2087.19137548573,4413.66412990093,4455.94428350324,1982.16098661884,1984.29495126004,1971.15727959971,1980.74367826961,4496.80028287519,2000.14858375836,1999.84285832759,2005.10487764769,1972.53486886667,1985.86757224811,4427.0438656594,1992.32001200922,2000.84897068693,1998.04848717162,2000.89609514134,1976.65687656162,4438.30967177747,2010.72182407124,2019.67843970352,2012.60519116445,1998.49637843541,1998.33370307552,4427.47340011399,2007.69174443555,2005.84040364459,2008.09898799214,2005.95511577033,2000.89443950917,4494.00736994536,2020.44976208075,2017.06649126491,2004.1634324095,2007.52282829658,2001.63628101551,4455.94428350324,2011.10913014699,2000.07582258468,1996.36889600244,1989.0052859123,2001.74909179136
,74.5,4477.55497623082,4002.60560221939,2011.71506933082,2000.06999150622,2014.53334495019,2008.72655639138,4553.06127465381,4031.33107278266,1993.00863019213,2000.40066937551,2000.81772841922,2010.89358077307,3993.43600855889,4504.40779017769,1986.40528146608,1996.93596220179,1989.45955028548,1997.83889083096,3993.43600855889,4446.22374007003,1987.76825728303,1981.46701534238,1985.43088269111,1989.96025758746,4504.40779017769,4498.13460210212,1988.93582615916,1999.07048330845,1986.63154279478,1986.61862065392,4504.40779017769,4363.79625432612,1981.92221138467,1978.50984416233,1983.19087621679,1979.65688551565,4588.73171665432,4002.60560221939,1989.2223601663,1983.51843411901,1978.70072766902,3075.4354763057,4041.62513119434,4031.33107278266,1986.32321971587,1983.39598805087,1967.61665706572,2032.75408800668,4406.91086058583,4446.22374007003,1997.15404750777,1985.29634734139,1967.61875970441,2086.54137597105,4372.99189235185,4406.91086058583,1982.39458027608,1984.04196331059,1971.012871773,1980.63928992407,4452.3343166643,2000.22979174554,1999.66588316647,2004.56795068452,1972.82476372098,1985.87180606258,4385.0186695063,1992.32230910833,2000.43633185156,1997.93404550919,2000.66030685291,1976.74223353751,4394.53895764851,2010.50030597471,2019.07511188567,2012.73356672438,1998.3835354545,1998.54785066142,4382.56475538515,2007.27921701967,2005.76741783633,2007.59562101355,2006.11235179565,2000.98573287561,4446.22374007003,2020.1446922899,2016.93308119021,2004.18123990919,2007.43119497882,2001.41820630948,4406.91086058583,2010.74483866747,1999.78871084714,1995.98654451869,1988.92683348317,2001.67748500853
,75,4431.13484852232,3955.79112138877,2011.52445272398,1999.94446111086,2014.47103287579,2008.77685705948,4508.46279728085,3983.76328486888,1992.83610311126,2000.49298563899,2000.56742988345,2010.63727340582,3954.44614873165,4457.20731313856,1986.55414738952,1997.13438130726,1989.21002530369,1997.83821129822,3954.44614873165,4398.59669274251,1987.45311102193,1981.56224892355,1985.31816785853,1989.78579310168,4457.20731313856,4452.59822875984,1989.01733246805,1998.74196969932,1986.80995676877,1986.93737347491,4457.20731313856,4319.30498351161,1981.94782294295,1978.51073262597,1983.05483413614,1979.60475300309,4543.53247906277,3955.79112138877,1988.53987122248,1983.25789825569,1978.28238505453,2958.94810011714,4003.26859741181,3983.76328486888,1985.81244975708,1983.22247534358,1967.55910447729,2030.39911397879,4358.16588682721,4398.59669274251,1997.03486332346,1985.66743644151,1967.48853479403,2085.76875301368,4332.43168727713,4358.16588682721,1982.53290306783,1983.94515761054,1970.91180564917,1980.24155243191,4407.76563617317,2000.1705489947,1999.37077005177,2004.31864214159,1972.84751869373,1985.76038836613,4343.19931242969,1992.10156302639,2000.0133528629,1997.64902658146,2000.35149001644,1976.64774790404,4350.72637664416,2010.16827774861,2018.52848944417,2012.67080885478,1998.52715124106,1998.58532405754,4338.19306753343,2006.7250310749,2005.52367533226,2007.1478420209,2006.2259443516,2001.03303432077,4398.59669274251,2019.88764136547,2016.56071553777,2004.0082357693,2007.26871981648,2001.10853211397,4358.16588682721,2010.36673740222,1999.33517985945,1995.54535011704,1988.58148281717,2001.56539630825
,75.5,4384.84846855387,3908.56643816092,2011.18169538028,1999.92576206582,2014.26894984978,2008.8434469186,4464.03604919737,3937.69869543476,1992.91132115148,2000.68399993692,2000.4301752974,2010.60208569825,3915.70292039881,4410.0920858795,1986.35935137923,1997.26879621573,1988.75371221768,1997.72990503876,3915.70292039881,4351.62446761415,1987.35558372968,1981.38137854981,1985.43081458906,1989.48980785261,4410.0920858795,4407.14748331533,1989.24208295981,1998.58605429715,1987.05095407439,1987.04376490488,4410.0920858795,4274.41142735095,1981.99002530317,1978.4765632208,1982.80407729286,1979.46008577091,4498.2233973165,3908.56643816092,1988.14323242899,1982.96731273348,1978.00353428146,2838.39563531199,3965.16583985814,3937.69869543476,1985.34720389016,1982.89648498063,1967.51847741354,2028.23368440539,4309.52586426784,4351.62446761415,1996.80794210319,1985.71940267123,1967.27550789706,2085.12221849559,4291.89746743016,4309.52586426784,1982.61968497844,1983.75833313605,1970.76558295458,1979.72347992341,4363.39242181702,1999.99794375467,1999.29037590126,2004.24363785271,1972.86331060557,1985.69461697168,4301.41097926839,1991.70810254362,1999.84419789224,1997.46450088634,2000.03717141073,1976.41508108928,4306.91079004336,2010.10266183726,2017.96903733445,2012.40223614485,1998.78522979481,1998.64681408873,4294.03625027953,2006.30044843441,2005.38212360561,2006.85488985027,2006.28400421739,2000.94041046685,4351.62446761415,2019.63585991144,2016.20833262218,2003.9389625359,2007.04628408931,2000.96731082983,4309.52586426784,2009.93668030418,1998.76986139664,1995.28836604929,1988.0698380614,2001.42076478348
,76,4338.82746831074,3860.27115452751,2010.70806354394,1999.75138458742,2014.17763653326,2008.82513431115,4419.057541275,3892.98236004422,1993.04896069733,2000.84290371767,2000.22552431535,2010.36362430357,3876.87219672727,4362.40800460445,1986.09956907348,1997.14039745854,1988.32969681266,1997.54188557686,3876.87219672727,4304.91169189288,1987.4762711216,1981.11517865362,1985.8047954926,1989.39741343468,4362.40800460445,4361.50772158846,1989.2198423924,1998.36322507259,1987.26523759909,1987.19806837982,4362.40800460445,4229.46640585149,1982.10592403567,1978.46560143474,1982.33096412529,1979.19792737387,4452.45698172675,3860.27115452751,1987.85040194287,1982.67085218878,1977.92641075746,2718.53961604675,3926.84620825421,3892.98236004422,1984.963579311,1982.76998316848,1967.4646174261,2025.98593524198,4260.84522608724,4304.91169189288,1996.57855468979,1985.64310240852,1966.91643135479,2084.60849253874,4250.9910408192,4260.84522608724,1982.59195735198,1983.4114364585,1970.68687610718,1979.28576034009,4319.02611584583,1999.87246935939,1999.35256414025,2004.14947216055,1972.72725530341,1985.72324627189,4259.1652062812,1991.51463115895,1999.59276191701,1997.28203161094,1999.98863602036,1976.06764132329,4263.25427907201,2010.02227760247,2017.63407691403,2012.15411549394,1999.14215896137,1998.90723105047,4249.83002697975,2005.82586593034,2005.331519251,2006.73295519379,2006.34480686898,2000.85771930155,4304.91169189288,2019.62577088395,2015.93040893334,2003.9619380896,2007.13498311979,2001.0724813217,4260.84522608724,2009.88220878808,1998.46051310455,1995.04016117088,1987.5383164932,2001.6577874797
,76.5,4291.43601169944,3810.0487891155,2010.18733168063,1999.5002318163,2013.95048688988,2008.46897290906,4372.80020698862,3849.22434922231,1993.1314756772,2000.69241668347,2000.03483816149,2010.11833980313,3837.77994894096,4313.43947289915,1985.8671217863,1996.85752066219,1988.0670436964,1997.64305359076,3837.77994894096,4257.49367488598,1987.50810414159,1980.79225750324,1986.11770694888,1989.17828780945,4313.43947289915,4314.84043192614,1988.95730382018,1998.11176337442,1987.44094034374,1987.28971134969,4313.43947289915,4183.53836134123,1982.32709050282,1978.47846406901,1981.8868384713,1979.05644466964,4405.36118144467,3810.0487891155,1987.73428473132,1982.14988219627,1978.06971441933,2604.06740315219,3887.49223147359,3849.22434922231,1984.89875723023,1982.45030193448,1967.38990058651,2023.8863856525,4211.20101113616,4257.49367488598,1996.35991474943,1985.3603920677,1966.73870314937,2084.14528472451,4208.72180579276,4211.20101113616,1982.41632753844,1983.3426479929,1970.66200536146,1978.88012046731,4273.68309355208,1999.936868158,1999.22363752218,2004.08011111811,1972.27692138465,1985.55232747712,4215.88645346696,1991.34819766847,1999.27131519205,1997.28093072632,1999.94857218991,1975.68201400165,4218.48742787087,2009.95224469854,2017.66815520049,2011.8713086977,1999.18690901913,1999.00683364327,4204.3231255234,2005.19499908819,2005.17867956715,2006.70912950093,2006.13971369897,2000.59356585457,4257.49367488598,2019.5207895321,2015.81956455899,2003.82731471076,2006.91875254516,2001.05486681485,4211.20101113616,2009.78606528535,1998.14952072967,1994.68554104341,1987.17996735113,2001.65936743288
,77,4240.14811440711,3757.56610990047,2009.67248505781,1999.53790062685,2013.70754568217,2008.26387021214,4322.32466119967,3804.52630732826,1993.38426176676,2000.40349033676,1999.83031495787,2010.11140972543,3797.56648342914,4260.54805832764,1985.57448783811,1996.39786097469,1987.76886343917,1997.70620751176,3797.56648342914,4206.49286303207,1987.26040803577,1980.54921653276,1986.33236301543,1989.01866069829,4260.54805832764,4264.99259494204,1988.6298692065,1998.00544173511,1987.65664871488,1987.2821072052,4260.54805832764,4134.38673340859,1982.24948170417,1978.41917076361,1981.59672107806,1978.97374351272,4354.20628922712,3757.56610990047,1987.66914619723,1981.96187073991,1978.39254776509,2498.97456142067,3845.11364404009,3804.52630732826,1984.86384414256,1981.99361216795,1967.54239686247,2021.8794620965,4158.03809071271,4206.49286303207,1996.23833302937,1984.9310124544,1966.74302699628,2083.67734703819,4162.09668794737,4158.03809071271,1982.00926815579,1983.20640844145,1970.5912813006,1978.71777554954,4224.4333079797,1999.77876009325,1999.32786362437,2004.04751197301,1971.74619711998,1985.19967973718,4168.80686162152,1991.26180000132,1998.95297093777,1997.16468586787,2000.01827192239,1975.28892126334,4170.1651568985,2009.78102245661,2017.70910306727,2011.61400947935,1999.21747446568,1998.97073757538,4154.42728464399,2004.86616598544,2005.23053582835,2006.94048483802,2005.97468451462,2000.11634677405,4206.49286303207,2019.47172855389,2015.80427342321,2003.57867414881,2006.71474981354,2001.25039036859,4158.03809071271,2009.6860902651,1998.15156496582,1994.54843270335,1987.02905652518,2001.65580299652
,77.5,4178.63210826137,3701.03720058884,2009.31653613542,1999.56763392445,2013.37778315386,2008.01033870941,4262.56716185082,3755.37852684643,1993.24644805363,2000.14982551716,1999.58113112827,2009.9232847833,3754.92597164044,4197.55365231262,1985.30458485193,1996.01064082549,1987.64186379864,1997.51779478581,3754.92597164044,4146.57339913881,1987.25317346148,1980.24163225588,1986.30406888644,1988.89201454419,4197.55365231262,4206.74228742918,1988.39826908913,1997.90894768898,1987.42643248084,1987.05082516165,4197.55365231262,4076.05461078819,1982.0272547302,1978.21561892982,1981.32728233564,1978.77981334385,4293.21247707228,3701.03720058884,1987.74331601902,1982.10824725156,1978.61189472534,2406.22616233234,3795.51274639142,3755.37852684643,1985.11139855628,1981.78486353685,1967.47376776036,2020.15426883967,4094.98101351481,4146.57339913881,1996.22099355288,1984.49640925053,1966.7938734949,2083.30318431985,4105.35922049166,4094.98101351481,1981.78089426865,1983.00453090084,1970.38210656912,1978.76358882443,4165.1147367,1999.68316280409,1999.40017761047,2003.87817855835,1971.48791392272,1985.13094441553,4112.15118605921,1991.03931739385,1998.74157809302,1997.16228484608,2000.06750838072,1975.02884781683,4112.78854131708,2009.8356123929,2017.71429354948,2011.46900723739,1999.10210389947,1998.91356631803,4093.93133980554,2004.83649251507,2005.3821115833,2007.33663524491,2005.77548052519,1999.72965601676,4146.57339913881,2019.37677531716,2015.92202957693,2003.5059863466,2006.57043829917,2001.45600805521,4094.98101351481,2009.56727387225,1998.27075442446,1994.6969505569,1987.10205068996,2001.82607457196
,78,4096.07752495877,3634.88962050483,2008.92403612436,1999.62674427025,2013.39122085964,2007.59239470426,4184.03937548636,3693.93490347486,1992.89732095992,1999.77774086302,1999.44803353974,2009.55756684547,3707.09250706263,4113.00132574054,1985.32907396186,1995.69214622728,1987.65316592335,1997.3484264937,3707.09250706263,4066.26556334498,1987.2079275198,1980.12836715351,1986.21602978961,1988.74980103083,4113.00132574054,4130.80720057112,1988.02560397248,1997.61640698661,1987.14009568208,1986.91945492916,4113.00132574054,3999.17410695579,1981.76142003643,1978.25583492146,1981.26692075878,1978.43975084119,4211.91557644276,3634.88962050483,1987.49486018988,1982.17266575816,1978.70522348042,2326.65588292734,3731.32717897604,3693.93490347486,1985.36165874753,1981.75522452195,1967.31199353645,2018.49404088385,4010.89579667156,4066.26556334498,1996.17862477203,1984.14271610428,1966.76634365243,2082.7619556491,4029.80319970682,4010.89579667156,1981.29456429487,1982.90619507252,1970.1458760857,1978.79030692057,4085.14559360223,1999.55480852814,1999.53746679643,2003.48672719113,1970.9927966468,1985.09753664161,4037.51354233396,1991.07119500585,1998.4863859262,1997.21740481934,2000.12129564616,1974.96165793757,4036.91545063414,2009.57871086591,2017.95378180629,2011.66079418082,1998.90493231212,1998.79830102553,4011.927871275,2004.81280380087,2005.46422151454,2007.71406099953,2005.66055911204,1999.56157795167,4066.26556334498,2019.32359404856,2016.08039806666,2003.29673581449,2006.54482754244,2001.51371194385,4010.89579667156,2009.5831406822,1998.39678389974,1994.81706317366,1987.48344188311,2001.9544104384
,78.5,3981.59066624576,3550.18109118238,2008.61408554919,1999.61559959427,2013.3821022343,2007.1533440773,4082.43216587847,3608.73226820952,1992.67364626977,1999.3200476373,1999.45200082682,2009.23450293309,3650.3932823022,3993.66885693385,1985.53292846014,1995.4600765709,1987.63404594643,1997.2896105212,3650.3932823022,3952.84737798356,1986.92041309315,1980.09635279526,1985.90453533658,1988.53462993188,3993.66885693385,4029.28852914385,1987.57846355009,1997.39101749176,1986.7716510867,1986.65645263726,3993.66885693385,3892.46414949358,1981.46172238052,1978.1032158494,1981.50946163858,1978.1476211669,4102.74249031922,3550.18109118238,1987.20145245629,1982.1940205183,1978.70699282947,2260.01184126378,3648.77370956745,3608.73226820952,1985.56198676725,1981.70173457331,1967.26193621434,2016.82643709869,3891.63389753017,3952.84737798356,1995.99259017356,1983.82370612996,1966.74321628674,2082.05946975221,3931.11796506139,3891.63389753017,1980.99174784137,1983.01349845394,1969.75294159883,1978.67609950261,3975.50113105112,1999.26537419161,1999.51233824783,2003.22704288614,1970.66257398331,1984.93263047292,3940.94251530151,1991.13053614037,1998.57326631946,1997.10110246634,2000.06733666476,1974.92726196949,3936.2724877509,2009.24904381942,2018.08869686078,2011.70853443407,1998.66556005698,1998.34520048112,3897.37139984387,2004.962952499,2005.37110361521,2007.8488137129,2005.42065249634,1999.26204515429,3952.84737798356,2019.08292951961,2015.95951071009,2002.87865781435,2006.39404283901,2001.34413039362,3891.63389753017,2009.32680341816,1998.20835654291,1994.8930871235,1987.85372536928,2001.72083293876
,79,3830.94771271614,3436.91817966606,2008.43798360813,1999.69598189908,2013.37746903486,2007.00790718457,3957.85955691948,3487.88530241418,1992.49825472227,1999.07150359232,1999.57415767793,2009.00726855422,3577.80487995838,3829.28950150183,1985.71530068167,1995.37780945748,1987.5969839215,1997.2045836968,3577.80487995838,3799.85766639678,1986.71282779848,1980.2122972466,1985.59789804189,1988.42196178231,3829.28950150183,3900.57472606328,1987.22906431684,1997.33916863601,1986.60793680715,1986.3806186239,3829.28950150183,3748.63043269341,1981.16242427943,1977.71595240043,1981.74654892023,1977.74780449486,3965.30866202051,3436.91817966606,1987.05508853508,1982.42331886846,1978.55712818017,2204.93666937613,3547.94096986728,3487.88530241418,1985.61964504666,1981.78038863678,1967.17178753334,2015.07542924866,3726.72649785046,3799.85766639678,1995.78598002351,1983.56966999037,1966.56470439093,2081.20812363119,3809.92705840176,3726.72649785046,1980.67467047469,1983.11161609265,1969.4285021211,1978.51475236714,3834.69623390395,1998.80361997808,1999.7061824268,2003.08185575466,1970.71603746499,1985.01536110869,3822.98414756956,1991.33531844743,1998.75890268317,1996.90264449431,1999.99041323752,1974.92012354244,3811.38151218067,2008.95423250029,2017.97159360399,2011.54544485596,1998.56871527178,1998.00075230618,3746.62895887279,2005.28779566299,2005.48084466912,2008.06432022094,2005.48421436188,1999.1689384664,3799.85766639678,2018.90443523779,2015.67405649547,2002.54965209584,2006.56122686964,2001.31338347076,3726.72649785046,2009.20241573173,1998.16282249675,1995.10345843014,1988.09270809316,2001.59209857357
,79.5,3646.60734963612,3287.806532453,2008.1804440906,1999.58017656396,2013.34314970771,2006.66985173881,3812.72448231237,3324.36744334206,1992.07644048073,1999.02370242946,1999.72817505015,2008.50345517097,3481.16660247472,3619.27055950413,1985.81564750153,1995.25740136696,1987.60606023711,1997.21108983279,3481.16660247472,3610.84340940353,1986.83011027521,1980.32108073364,1985.32764938222,1988.10169452699,3619.27055950413,3747.56267445395,1986.9580520819,1997.21342998162,1986.22962586523,1986.13696253645,3619.27055950413,3569.07228632528,1981.17391471771,1977.36281807622,1981.83758362559,1977.18757263631,3803.39427860729,3287.806532453,1986.94915233181,1982.49124326601,1978.44931656429,2159.79956082247,3431.18605730575,3324.36744334206,1985.6150777167,1981.89956863445,1966.89219465775,2013.5311379269,3515.95687892308,3610.84340940353,1995.51150723042,1983.33457736006,1966.33580485065,2080.43301278383,3669.47799593858,3515.95687892308,1980.55568473975,1983.21899721797,1969.16098420422,1978.06085239985,3667.76813104126,1998.49866089631,1999.82569431862,2003.11818070546,1970.9206783407,1985.1822526555,3686.27046417331,1991.31257969366,1999.02467340122,1996.88991114974,1999.67580842378,1974.97183234604,3665.73181897604,2008.75964431354,2017.67173263188,2011.3755940127,1998.56745966573,1997.65373534522,3564.06947763681,2005.45288533867,2005.50110120064,2008.14195947589,2005.45577985731,1999.22753546084,3610.84340940353,2018.7965106304,2015.31221631286,2002.32133412405,2006.72281117804,2001.16881753695,3515.95687892308,2009.04651044514,1998.00868981905,1995.36581690956,1988.08947041921,2001.52168390987
,80,3439.28665464782,3105.18393281748,2007.82385554946,1999.24879213027,2013.47792325728,2006.33748014968,3651.80893826335,3121.79770495385,1992.0180437136,1998.9751596703,2000.00939097793,2008.15908099458,3353.8514331551,3375.23663934417,1985.78741844969,1995.25534105247,1987.80082912277,1997.34344059933,3353.8514331551,3396.66457231429,1986.64703767208,1980.45961154513,1985.04629444284,1987.83237481775,3375.23663934417,3577.73456901778,1986.75836402399,1997.20493294291,1986.27583716606,1985.9802908513,3375.23663934417,3365.06713540971,1981.17616317516,1977.17713268614,1981.90870243236,1976.84023057901,3624.03069480177,3105.18393281748,1986.81951292535,1982.33480019676,1978.30561694805,2122.76074109595,3302.48488320812,3121.79770495385,1985.36559517514,1981.90054815167,1966.74054279983,2011.85662834223,3272.1674052623,3396.66457231429,1995.08504521397,1983.03429197306,1965.99833544797,2079.7038246203,3514.62887628833,3272.1674052623,1980.41000973068,1983.30129415341,1969.03166608508,1977.52412284303,3483.56678167451,1998.13890732036,1999.93465903852,2003.29546109892,1970.93009669938,1985.13848546484,3535.26785977576,1991.39536752366,1999.15244938262,1996.80869217917,1999.46394926938,1974.86601124498,3505.23094432863,2008.54061352925,2017.29313114505,2011.16917100837,1998.40429082814,1997.43263571362,3360.3359136501,2005.2032659005,2005.53782500673,2007.95703746893,2005.39124966089,1999.26213910103,3396.66457231429,2018.76178165531,2014.90132207073,2002.0684656599,2006.76775269519,2001.0071797641,3272.1674052623,2009.04444458995,1997.79517541439,1995.42763854439,1988.08656012346,2001.228452226
,80.5,3226.67111368345,2901.89585166327,2007.52071180092,1998.82411959082,2013.47147430481,2006.13018804939,3481.24068689167,2896.22972179034,1992.23103410923,1998.95981488275,2000.16590596848,2007.92307257961,3192.86142403874,3120.26551646825,1985.62847343522,1995.28519741292,1987.83544097794,1997.56806487759,3192.86142403874,3175.59404912202,1986.45790810879,1980.58354215943,1984.51974960839,1987.58995950063,3120.26551646825,3399.35931894517,1986.63290391437,1997.29413370062,1986.32105236579,1985.84918432761,3120.26551646825,3154.05873713366,1981.14383246543,1976.80444611227,1981.93625552116,1976.55853833254,3435.62194580078,2901.89585166327,1986.71143177504,1982.20922666546,1978.31667282953,2093.09495203366,3166.1538879806,2896.22972179034,1985.26814413981,1982.01987294901,1966.65712342161,2010.19412835016,3017.7798733295,3175.59404912202,1994.82299527441,1982.98510369303,1965.76976773572,2079.20741975154,3350.55969730441,3017.7798733295,1980.71793949352,1983.32476070142,1968.98358348696,1976.91735757583,3292.9713152501,1997.89542346554,1999.71114641357,2003.60436679649,1971.14893075591,1984.94358625775,3374.52915298282,1991.2656020459,1999.07986034056,1996.76690522686,1999.22704919685,1974.79418782235,3336.20282799759,2008.59145715897,2016.75496374501,2010.81089018397,1998.18844235484,1997.37859071882,3151.41081374822,2004.91893851279,2005.59371134275,2007.79944421186,2005.14327027869,1999.07907008925,3175.59404912202,2018.59895711103,2014.43796289686,2001.91988473593,2006.78537084906,2000.97584862475,3017.7798733295,2008.90556190803,1997.78127741733,1995.47429022866,1988.09261023186,2000.91005320847
,81,3023.98234105595,2696.68353116236,2007.24069855452,1998.36532065132,2013.35499774642,2006.03828409699,3300.85340481367,2671.16964381008,1992.26898299943,1998.84413738048,2000.28275967189,2007.8105495577,3001.23696147851,2876.99199750792,1985.34311744312,1995.40621694936,1987.71135259974,1997.71130987634,3001.23696147851,2965.93355112681,1986.51378746666,1980.78532838962,1984.1731468155,1987.38665729957,2876.99199750792,3216.21238534451,1986.60545410279,1997.43426069098,1986.27707631112,1985.8119795572,2876.99199750792,2949.88530200617,1981.12812361736,1976.58826831787,1981.77163985462,1976.21415582882,3242.47626987244,2696.68353116236,1986.6740242799,1982.17798182138,1978.24034306438,2069.90148887897,3023.46340995672,2671.16964381008,1985.16448023331,1981.92955787201,1966.36268012526,2008.65284156157,2777.19319834982,2965.93355112681,1994.59812284977,1983.17466756815,1965.87041542425,2078.83016711668,3177.47840635121,2777.19319834982,1980.97942047804,1983.21585110843,1969.1391289136,1976.34271469063,3103.75953611551,1997.6394062411,1999.49182437339,2003.75419043476,1971.14849254278,1984.81738034443,3201.19075719813,1990.7935066378,1998.73286179945,1996.73926534891,1999.0008560469,1974.76845088174,3160.39280583863,2008.62458696048,2016.17984885177,2010.47598284151,1998.00704607611,1997.48993318205,2950.27950709064,2004.58559057215,2005.5717192564,2007.57132657228,2004.90013526521,1999.06416648127,2965.93355112681,2018.40565792147,2014.37150313665,2001.94362183867,2006.85165122488,2001.12068692498,2777.19319834982,2008.65823767792,1997.9080838469,1995.40308815828,1988.03026052125,2000.54350580956
,81.5,2841.59119162843,2508.5449338381,2006.88488671941,1997.89913266686,2013.22313098784,2005.82778624109,3111.0427746254,2470.1061852874,1992.36651677074,1998.68642904212,2000.22559384897,2007.69151531137,2792.5104386033,2666.36910529155,1985.02173756393,1995.47912823772,1987.51477189725,1997.77614942615,2792.5104386033,2781.22430102709,1986.62664593081,1980.85967657569,1983.81049447643,1987.04222512127,2666.36910529155,3026.9680893564,1986.52948709327,1997.344285017,1986.03850518639,1985.78056876913,2666.36910529155,2764.15388275639,1980.92553044854,1976.69939119691,1981.59126680138,1975.76350463874,3046.47385727526,2508.5449338381,1986.60379424117,1981.97521800202,1978.11150040843,2052.44175479547,2875.79711099355,2470.1061852874,1985.02961376649,1981.8087982307,1966.11958538098,2007.22004464247,2573.18270654046,2781.22430102709,1994.31116221353,1983.34101810934,1965.96048509332,2078.65088603553,2995.63855202183,2573.18270654046,1981.24828461308,1982.79711059567,1969.12446858943,1975.67739828509,2919.07736629882,1997.54335846753,1999.14404174559,2003.7615146287,1970.84132160206,1984.40825591627,3013.36473868894,1990.08978801855,1998.40725459902,1996.60469900047,1998.69637340183,1974.66733943739,2977.4677574626,2008.76895309503,2015.77244376181,2010.58735116589,1997.76898827695,1997.43712614918,2765.58487883745,2004.20356100284,2005.30830845084,2007.19847426639,2004.52677736443,1998.8932956709,2781.22430102709,2018.1621572557,2014.45524702325,2001.99280282117,2006.698163272,2001.22364585522,2573.18270654046,2008.24125759603,1997.84800798318,1995.32516558318,1988.09417214696,2000.19467093785
,82,2683.26712369488,2354.84311613435,2006.61330831749,1997.68717811965,2013.09043792498,2005.69867051096,2915.88016140742,2312.07543484821,1992.53131019595,1998.41181244212,2000.14129705564,2007.76973942155,2586.03900353953,2498.50239709652,1984.87961947455,1995.58996314732,1987.33546219194,1997.69621637402,2586.03900353953,2622.80805695999,1986.50241167396,1980.81559529729,1983.399234235,1986.88555656036,2498.50239709652,2832.74781730625,1986.17920581318,1997.27864141201,1985.86610718678,1985.7208855379,2498.50239709652,2602.12767725962,1980.69775446516,1976.71256880688,1981.52780467802,1975.35175904104,2848.74785359838,2354.84311613435,1986.50169380763,1981.78000516039,1977.75303691087,2039.65568337035,2724.77796839904,2312.07543484821,1984.88659055784,1981.66463665763,1965.91216918205,2005.69035725722,2415.28337278406,2622.80805695999,1994.20006456417,1983.59669449232,1965.9541835173,2078.46956502764,2807.80602267442,2415.28337278406,1981.35597288543,1982.70189532331,1969.17648349711,1975.21126656857,2737.76679290086,1997.45309761253,1998.70545626525,2003.59088742291,1970.45180649099,1984.05726629484,2814.20811291773,1989.55971271412,1997.78961686753,1996.26929195152,1998.55192556575,1974.42677592139,2788.95138895474,2008.97117906814,2015.80397718297,2010.92106009696,1997.42690365149,1997.44836017657,2598.65885694201,2004.0194000484,2005.06710198648,2006.75873738995,2004.17600109955,1998.66598347207,2622.80805695999,2017.82369592878,2014.64086083783,2002.11153325616,2006.57424454839,2001.1702618627,2415.28337278406,2007.78472717775,1997.72242221578,1995.10315464633,1988.07096216478,1999.64396499078
,82.5,2546.67804530115,2238.97321936953,2006.39933994543,1997.82260035032,2012.75528721016,2005.74352817493,2722.53307066006,2201.50223264969,1992.54563848777,1998.13323385368,2000.12913862421,2007.76720230445,2400.72503775265,2369.68177653569,1984.64724595495,1995.76623493235,1986.98024679264,1997.51188065897,2400.72503775265,2487.31407197482,1986.6082033378,1980.66599465803,1983.18550056105,1986.62698719544,2369.68177653569,2635.48458585226,1985.73123006274,1997.20507156545,1985.50054709227,1985.6412282619,2369.68177653569,2459.98095648569,1980.48136974398,1976.76096927705,1981.40099048501,1974.76202911224,2653.94009710624,2238.97321936953,1986.26714852826,1981.69538676961,1977.55535861713,2030.70171407078,2575.33237448709,2201.50223264969,1984.78608948973,1981.70947567341,1965.76523842075,2004.3226778795,2298.37543830706,2487.31407197482,1994.11208817662,1984.04118131348,1966.05391316671,2078.16516020976,2622.49768200465,2298.37543830706,1981.51163367977,1982.62252300079,1969.20693445246,1974.78489481572,2561.38162467388,1997.48901011774,1998.25499432385,2003.21804798822,1970.06952778827,1983.77851337646,2613.31539687345,1989.09252307363,1997.32182228825,1996.06941230757,1998.27904816141,1974.39555885516,2600.51418830832,2009.10880540351,2016.12077174033,2011.36132752725,1997.4597258041,1997.47936172647,2448.16353923956,2004.14923436083,2004.72825125846,2006.48099983756,2003.88425101139,1998.41281953956,2487.31407197482,2017.35750666816,2014.85315576699,2002.29449777063,2006.5876622028,2000.99529186682,2298.37543830706,2007.22636191837,1997.63217196133,1994.94722350134,1987.9511456475,1999.38628051855
,83,2429.75246968406,2154.58637816575,2006.20841988304,1998.18870816853,2012.34409512499,2005.74203689981,2546.27859854914,2130.55213731286,1992.450420117,1998.00571299451,2000.08916612205,2007.73738875698,2251.75202914492,2269.47642756636,1984.39143819937,1995.69003296296,1986.60544667015,1997.30201777781,2251.75202914492,2372.92744557928,1986.59337014578,1980.540683207,1983.06897268063,1986.37776565279,2269.47642756636,2447.48796631445,1985.25960513345,1997.15860289029,1985.02978960494,1985.56483789079,2269.47642756636,2333.06977099285,1980.31524048102,1976.80016764629,1981.16999596086,1974.23460271067,2478.20117931995,2154.58637816575,1986.08485956809,1981.50658255802,1977.2656757183,2024.26734313381,2441.32103045097,2130.55213731286,1984.34702023631,1981.57419874597,1965.63889670275,2002.90378480298,2213.21378948897,2372.92744557928,1993.84224866237,1984.10771546256,1966.21907045425,2077.59676180478,2456.77973497543,2213.21378948897,1981.34590156479,1982.60009246941,1969.19260027833,1974.52231316169,2401.13533133265,1997.55167785569,1998.09723270539,2002.81322702024,1969.79593511997,1983.62136352437,2428.76617366502,1988.70966355093,1997.15749693379,1995.77038813098,1997.96834347053,1974.1870226722,2427.63544112603,2009.0169092132,2016.49377355755,2011.66038183467,1997.4977074145,1997.36771350665,2317.20289909915,2004.22454370977,2004.31261072538,2006.17781063016,2003.77188924343,1998.25890103025,2372.92744557928,2017.06217124458,2015.05561834429,2002.49910891798,2006.56013849551,2000.77097935342,2213.21378948897,2006.7701444945,1997.5333535201,1994.74135466495,1987.60144669907,1999.28911461693
,83.5,2335.81612370874,2095.29399259518,2005.98249123562,1998.75141720272,2011.86518153813,2005.53881340912,2403.13358446196,2088.17073613559,1992.33662663835,1998.0106258763,1999.90679423413,2007.54282496946,2146.86488521657,2195.82463894898,1984.15034904394,1995.42528636309,1986.34936104793,1997.09916121538,2146.86488521657,2283.64115881657,1986.57003476371,1980.22805241031,1982.95694125462,1986.16647302263,2195.82463894898,2287.39063664596,1984.90673592527,1996.88206379411,1984.7111421826,1985.33797104581,2195.82463894898,2229.05278913374,1980.23297431052,1976.88618060737,1980.98629047487,1973.94219941196,2337.96820139308,2095.29399259518,1985.83928320785,1981.11005619282,1976.99546301266,2019.43601337378,2333.81621934193,2088.17073613559,1983.84840947584,1981.63428828118,1965.64640268477,2001.55665431054,2155.54524402305,2283.64115881657,1993.50069275395,1983.85349091602,1966.00338969371,2076.90607364347,2325.60653814018,2155.54524402305,1981.18921837922,1982.58177854116,1969.1637103965,1974.22591272747,2270.73712949372,1997.55021955153,1997.81135263766,2002.45073530276,1969.63771348291,1983.39090980724,2280.91359271687,1988.60146825762,1997.0779025645,1995.52424497601,1997.53660214104,1973.86088947828,2287.52439928564,2009.06211182876,2016.89524674083,2012.07124726407,1997.41878317469,1997.20321367122,2215.25505769713,2004.23549686875,2004.01159995282,2006.13383272539,2003.58772472518,1998.07579826237,2283.64115881657,2016.88113262363,2015.08274030551,2002.64803122558,2006.424824855,2000.39744232112,2155.54524402305,2006.50187251054,1997.39844108807,1994.74089451233,1987.21036237815,1999.44345444063
,84,2262.05620126907,2057.69598096586,2005.78653278038,1999.23627246204,2011.40172413042,2005.4394781677,2296.37504440254,2065.16742254775,1991.98625114197,1997.97312049739,1999.7556632463,2007.27640939511,2082.18768029278,2142.39263854909,1983.88773360941,1995.27117795139,1986.12378985396,1996.81723681758,2082.18768029278,2216.93343157817,1986.38300721387,1979.97901124864,1982.78835678067,1986.06356347921,2142.39263854909,2168.04600830111,1984.61494107831,1996.69964890307,1984.38296335777,1985.0300440547,2142.39263854909,2151.20335147552,1980.3919671163,1976.73932025924,1980.79275776603,1973.86609302272,2235.41967096449,2057.69598096586,1985.57277299896,1980.80082679018,1976.77043720146,2015.58135369172,2253.83029157389,2065.16742254775,1983.41564122538,1981.65974726046,1965.62014755082,2000.21800550158,2116.70796952197,2216.93343157817,1993.18845449699,1983.51145803836,1965.97509033545,2076.15419012147,2231.3570394692,2116.70796952197,1980.94397904531,1982.77854672266,1969.29249079629,1973.96315177162,2173.06781337793,1997.41849360031,1997.64737785512,2002.26489933038,1969.72730315711,1983.37601132593,2176.76998320434,1988.65216906164,1996.90572459878,1995.3955931733,1997.23597957826,1973.75285463946,2184.97064988932,2008.96872838057,2017.17135015907,2012.10065093715,1997.45311043329,1997.26352321387,2142.16623204039,2004.24984127226,2003.74945260538,2006.04482822632,2003.5273448397,1998.03547425353,2216.93343157817,2016.69361540362,2015.03030813703,2002.82167039267,2006.3794508945,2000.12553475783,2116.70796952197,2006.51046763092,1997.28512553956,1994.61493543108,1986.69708892325,1999.63028524108
,84.5,2205.18220664991,2032.46110292207,2005.63736659188,1999.27271623202,2011.03735530293,2005.35423688034,2222.19340004013,2051.14791962781,1991.67357173315,1997.93254628674,1999.53759330562,2006.97411759059,2047.5481097874,2102.7034743694,1983.45045719824,1995.22461760233,1985.8608755952,1996.45662530457,2047.5481097874,2170.9353139601,1986.4482067194,1979.87642249241,1982.76708493732,1985.95830350995,2102.7034743694,2088.35185964105,1984.46242114507,1996.52831280337,1984.12649632952,1984.5303873549,2102.7034743694,2095.62461972051,1980.44748133779,1976.62308607186,1980.64161910073,1973.7496596703,2169.01472991662,2032.46110292207,1985.34772127943,1980.58280452857,1976.7031719243,2012.15707121908,2199.75488202892,2051.14791962781,1983.17339827303,1981.7375601199,1965.63304438174,1998.90660018595,2089.96248517676,2170.9353139601,1992.72569924997,1983.16677983561,1965.99734738065,2075.30325463151,2171.67677561594,2089.96248517676,1980.72311916676,1982.37028997065,1969.18125324084,1973.53201649575,2108.86246424167,1997.28794862667,1997.70393552293,2002.21011948421,1969.84793535732,1983.19560859132,2113.5176285843,1988.51871809132,1996.93285180639,1995.39145459235,1996.91121477909,1973.98179679645,2117.51004661126,2008.80162102332,2017.23555340517,2011.91819864907,1997.47808581563,1997.23556893935,2095.22458024158,2004.15442365256,2003.27427571303,2005.87236181102,2003.51831277348,1997.92017999205,2170.9353139601,2016.52404885498,2014.91816309956,2002.7806478298,2006.28831158859,1999.99758693075,2089.96248517676,2006.66130875107,1997.27247286713,1994.46879361325,1986.28466444079,2000.01788842104
,85,2164.28487879851,2016.13432548355,2005.51551788574,1998.99001694547,2010.76448704041,2004.97481158267,2175.27112453525,2041.40592784341,1991.48479346581,1997.78812285034,1999.13500241853,2006.76357620251,2032.39175091876,2075.72069314013,1983.21693497473,1994.81724621803,1985.49228845832,1996.17735865749,2032.39175091876,2144.04194144441,1986.21088130293,1979.8799865569,1982.44137946275,1985.82685753161,2075.72069314013,2044.59362445306,1984.40778696074,1996.09208309639,1984.0474991906,1984.10180795335,2075.72069314013,2060.6956902422,1980.56356678633,1976.3016422994,1980.53188801209,1973.70936032694,2132.93553407856,2016.13432548355,1985.19936238791,1980.26061296247,1976.51855656909,2009.03920531935,2167.27792284278,2041.40592784341,1983.02326763561,1981.56805998227,1965.49173374967,1997.5558556182,2074.01241413408,2144.04194144441,1992.52872525557,1982.60954707214,1965.95880931452,2074.42508342928,2139.11737842951,2074.01241413408,1980.28778002051,1982.16276158155,1968.96721479082,1973.15029966895,2074.12807893544,1997.00746587023,1997.96987548652,2002.2824554236,1970.11925254589,1983.05967411238,2082.72338960586,1988.36555570212,1996.80022664564,1995.17559724032,1996.83113316887,1974.13360155448,2079.71502633229,2008.65727618834,2017.0943822142,2011.71845211671,1997.31736942813,1996.98744074661,2071.08200547586,2003.92784427536,2002.7993453559,2005.6120678021,2003.47642393812,1997.74560115718,2144.04194144441,2016.45911440471,2014.74133859484,2002.73965157793,2006.28723897598,2000.00280878892,2074.01241413408,2006.83875187382,1997.12761366008,1994.2070603421,1985.94170293373,2000.09693296364
,85.5,2135.04099123347,2007.97950017188,2005.39431921449,1998.49939442138,2010.47836531996,2004.63729370115,2145.59941431141,2035.07317059324,1991.16111141206,1997.47154109023,1998.79349565189,2006.52680169243,2027.20256242034,2060.76882177603,1983.04720028868,1994.57233657028,1985.38329382938,1995.74804938882,2027.20256242034,2130.46844672102,1985.99823694705,1979.86030047634,1982.29515234612,1985.82894905728,2060.76882177603,2025.96191681819,1984.31854360765,1995.57584292797,1984.12760908589,1983.69519717816,2060.76882177603,2043.56341083676,1980.6978645038,1975.94962253433,1980.44263652613,1973.75966367785,2113.46295477624,2007.97950017188,1985.14161179382,1980.09254881829,1976.37798287754,2006.23989033,2145.62216166877,2035.07317059324,1983.12790332291,1981.43642681899,1965.34039676128,1996.27487272199,2067.08093772959,2130.46844672102,1992.47062999407,1982.4193911539,1965.77877910327,2073.84841288548,2120.10825757382,2067.08093772959,1979.9752785019,1982.00753476695,1968.54444728787,1972.70421105531,2057.72890492093,1996.70424524914,1998.07110963171,2002.28232399735,1970.28247555171,1983.0207192502,2070.17381231424,1988.31332836328,1996.46934911123,1995.14549180642,1996.92957887087,1974.38738219347,2060.98087175648,2008.54393154321,2016.77748521437,2011.50089122552,1997.11107757078,1996.56584006445,2062.0796496703,2003.85078290399,2002.56576096935,2005.47325748125,2003.35974812484,1997.63333354214,2130.46844672102,2016.17816022493,2014.60781678404,2002.58613273575,2006.18524360356,2000.06768562432,2067.08093772959,2007.18438346294,1996.93188259798,1994.0747872151,1985.84959668941,1999.98165385427
,86,2110.42281399404,2005.47372395201,2005.33463751083,1997.84136442741,2010.34233973858,2004.46243919633,2123.34845516364,2030.90594180598,1990.9752035458,1997.16028909258,1998.73743752245,2006.51764196363,2024.94005166504,2050.81520816806,1982.91432355565,1994.39195520293,1985.39074592416,1995.28587991165,2024.94005166504,2120.40460057552,1985.53657556075,1979.98160414165,1982.08333893444,1985.56572470206,2050.81520816806,2018.62939553499,1984.16182603468,1995.25600726683,1984.3674540726,1983.41132173272,2050.81520816806,2034.01518256057,1980.66045597459,1975.3961538464,1980.37351761799,1973.5293209541,2097.58946856194,2005.47372395201,1985.14149458474,1980.03679690255,1976.33734372286,2003.74191772356,2125.09254076168,2030.90594180598,1983.29525968858,1981.19202058839,1965.08335018785,1994.89238587136,2063.34304578904,2120.40460057552,1992.68540225804,1982.479964506,1965.7088388235,2073.40410323991,2103.36750320491,2063.34304578904,1979.79264849371,1981.97974020517,1968.12792097725,1972.36320818862,2047.63827262182,1996.70733874894,1998.34199678337,2002.32238296847,1970.5377413614,1983.1740899272,2062.28832224611,1988.28633528741,1996.21147589166,1995.1236976728,1997.12748075905,1974.74061614079,2049.09390817559,2008.30038868615,2016.68358244968,2011.1872405418,1996.93092287595,1996.25156610309,2056.7096952052,2003.80150619821,2002.46967203755,2005.19116410648,2003.34890361793,1997.32204209148,2120.40460057552,2015.85710956118,2014.57310386877,2002.52878192896,2005.93117977848,2000.1820450566,2063.34304578904,2007.6653906444,1996.93269347969,1993.91281977321,1986.07889002575,1999.84174028405
,86.5,2089.20810545345,2003.65248047891,2005.20216868835,1997.25637516591,2010.14726180669,2004.21985699003,2105.82311970845,2026.28910092193,1990.91520640874,1996.89569095108,1998.57072938998,2006.3508807422,2023.17865095621,2042.0928136071,1982.86241012457,1994.00969764551,1985.46056218433,1994.97498199026,2023.17865095621,2109.9803596727,1985.14270962281,1979.86592420587,1981.96356960724,1985.29552222553,2042.0928136071,2013.46116934957,1983.96926292256,1995.02269465635,1984.77394747644,1983.19186138598,2042.0928136071,2025.54532254796,1980.29791335481,1974.8753854284,1980.43359864942,1973.2097143306,2082.94723664058,2003.65248047891,1985.03942605133,1979.91954360624,1976.45355245337,2001.2655613748,2103.30724227811,2026.28910092193,1983.36992325567,1981.07732433033,1964.86395988864,1993.61878273904,2059.92721127293,2109.9803596727,1993.01248080327,1982.7661875168,1965.28250406892,2072.92519605761,2086.58026200147,2059.92721127293,1979.78167959025,1981.91017049832,1967.64469071547,1972.20016306954,2040.24626283489,1996.66440495393,1998.54290491876,2002.09251822284,1970.45754258784,1983.25312349787,2053.97205262943,1988.13652975891,1996.0594713144,1995.04701013836,1997.08169259922,1974.8635609156,2040.19310125119,2007.99849034909,2016.61575384524,2010.87717284788,1996.65523247052,1995.67052087596,2051.12960027786,2003.72557056663,2002.61923183744,2005.05062234698,2003.27411173627,1996.69525965135,2109.9803596727,2015.63383194472,2014.53758922463,2002.3609430819,2005.65135119115,2000.11888981016,2059.92721127293,2008.00798377848,1997.10211208709,1993.88524092931,1986.40902094309,1999.56899942734
,87,2071.6943888857,2002.24576081059,2005.11503995496,1996.91643849634,2009.81575791185,2003.94551737793,2093.63964925841,2020.94244323215,1990.92189552823,1996.7514695368,1998.39744957139,2006.14369199557,2021.7156611375,2034.67514502059,1983.02186751185,1993.55378824899,1985.55121912917,1994.87483221703,2021.7156611375,2099.02253446116,1984.49527941152,1979.55881395837,1981.74134897873,1984.94982013075,2034.67514502059,2009.76779880766,1983.96376997233,1994.98227777261,1985.11138163448,1983.39367946635,2034.67514502059,2017.93883703657,1979.914042424,1974.60645556982,1980.32439586661,1973.05214681628,2068.90936283548,2002.24576081059,1984.86821614538,1979.76228229976,1976.28828954271,1999.18801494555,2080.26197524063,2020.94244323215,1983.2937385611,1980.94729567792,1964.58094145962,1992.52665941396,2057.04637225109,2099.02253446116,1993.34703041234,1982.87169613834,1964.87252321638,2072.57580307612,2069.41738675285,2057.04637225109,1979.91111325212,1982.11276102925,1967.45361039615,1972.35942932059,2034.04202023707,1996.68348079505,1998.57305267113,2001.82601669964,1970.40834146689,1983.58104066396,2044.890155145,1988.2435679305,1996.08467881116,1994.92745437469,1996.95128568449,1974.4300008157,2034.32741926748,2007.7477016243,2016.55132458599,2010.48654049528,1996.43259337457,1995.26063214007,2045.41338422511,2003.71088807231,2003.08107203171,2005.0020827525,2003.25355374823,1996.31083680956,2099.02253446116,2015.54999969867,2014.44954599917,2002.27986824744,2005.45772010036,2000.05007761406,2057.04637225109,2008.32468313246,1997.19669409468,1993.94882065537,1986.77180391014,1999.2817493314
,87.5,2056.74346545232,2000.84226885109,2005.01660102112,1996.63891468163,2009.54483949023,2003.88410974162,2085.61718003131,2014.99650590383,1990.80424225323,1996.79591165062,1998.06330737739,2005.88904177193,2020.12095327924,2027.70559475513,1983.02370629486,1993.21564776199,1985.83451250117,1994.63851060734,2020.12095327924,2087.62263273761,1984.21969049839,1979.18941978496,1981.71563772526,1984.81473883564,2027.70559475513,2007.19912249806,1983.88362066244,1995.43563304369,1985.15659957243,1983.53748463877,2027.70559475513,2011.41770648298,1979.50567367667,1974.42712477226,1980.19042403705,1972.92180405052,2055.47772962262,2000.84226885109,1984.82569113687,1979.719905012,1976.1544312581,1997.41941353158,2056.65336043543,2014.99650590383,1983.22912359737,1980.85833044106,1964.60384133692,1991.49068294271,2054.29474045045,2087.62263273761,1993.45546549294,1983.1414844952,1964.67541508578,2072.35851970345,2052.07617798805,2054.29474045045,1980.18289847662,1982.03142615419,1967.35280957449,1972.50273588187,2028.67566185611,1996.83660895325,1998.48899221171,2001.56928955487,1970.12774863408,1983.72169779343,2035.34869481947,1988.42435978056,1996.34387601231,1994.96973985187,1996.65384138414,1973.97886805118,2031.00428551265,2007.4054899774,2016.62138379678,2010.0977184183,1996.03298849705,1995.11568196094,2039.96359591501,2003.803140652,2003.59877295886,2004.98150007877,2003.35368445328,1996.07778292762,2087.62263273761,2015.56715689541,2014.46275640768,2002.14480675992,2005.05960916866,2000.02372939618,2054.29474045045,2008.61448724397,1997.39069700676,1994.04191063281,1987.03702392244,1999.02955799136
,88,2044.19959107953,1999.60347324636,2004.92822821249,1996.38084375888,2009.40058741737,2003.81127380794,2079.82825684131,2008.77566547456,1990.81781316833,1996.98914907455,1997.83728801075,2005.7180126002,2018.34054888731,2020.99451431121,1982.95756339343,1992.94879707294,1986.0282785914,1994.52150996178,2018.34054888731,2076.70000896302,1984.03674455825,1978.76147955488,1981.55407048765,1984.39725805522,2020.99451431121,2005.21705246276,1983.87640045778,1996.03779271965,1985.19741703325,1983.60229026785,2020.99451431121,2005.45760987203,1979.11515661538,1974.32657591033,1979.91218287934,1972.70563461321,2042.72878859111,1999.60347324636,1984.6971484325,1979.61169101996,1976.04356073592,1995.93835709967,2033.31294414209,2008.77566547456,1983.20323421843,1980.6766692575,1964.5568038184,1990.54043281761,2051.65472490358,2076.70000896302,1993.41476592666,1983.23253830271,1964.59930244641,2071.97712605128,2035.22726360786,2051.65472490358,1980.44098175135,1981.79643944375,1967.59345787235,1972.65784021223,2023.87218201417,1996.93131250066,1998.48128889289,2001.34399793159,1969.82562470162,1983.69238593562,2025.89310559036,1988.38785107956,1996.72097561688,1994.83345102026,1996.279169186,1973.45995654318,2028.27832501137,2007.21629299005,2016.89375288248,2009.8641262661,1995.81426612412,1995.34644230676,2034.5003961911,2003.81031564847,2003.94882927118,2004.75886388631,2003.48311602494,1995.87439465447,2076.70000896302,2015.87074482312,2014.4970975125,2002.04734910059,2004.74431980876,1999.92450311303,2051.65472490358,2008.61131448227,1997.54650168245,1994.05752194222,1987.20039304721,1998.94601961687
,88.5,2034.21740559442,1998.26233626752,2004.83216513647,1996.32656486248,2009.24343250647,2003.80859699921,2075.09584869762,2002.89808998283,1990.77687424852,1997.17400781364,1997.31487807628,2005.44428686751,2016.69290565537,2015.06642125561,1982.85703939355,1992.82102294874,1986.09005075714,1994.36831928064,2016.69290565537,2067.50075993442,1984.05722131894,1978.31870240539,1981.45006864255,1984.27720172945,2015.06642125561,2003.43915010853,1983.84025477408,1996.4481468908,1984.77269824689,1983.64279944394,2015.06642125561,2000.38657526185,1978.79073510715,1974.19321611577,1979.485216872,1972.67641437396,2031.46969015062,1998.26233626752,1984.60845739719,1979.62048597449,1975.91123294068,1994.69090351391,2013.6195836801,2002.89808998283,1983.19624350444,1980.54734451145,1964.61752338896,1989.63946837066,2049.00467386297,2067.50075993442,1993.3513388349,1983.09816163217,1964.52418574833,2071.43213228086,2021.06031868448,2049.00467386297,1980.35995102918,1981.43813704843,1967.76098248378,1972.74973527601,2019.69927108782,1996.78581450233,1998.37477551285,2001.12118803794,1969.32249471687,1983.53951934654,2017.69891404596,1988.24965102431,1996.871718713,1994.76145684238,1995.85037237579,1972.92715933687,2025.66326579302,2007.08850026539,2016.88433137469,2009.77249079763,1995.63403804487,1995.37974134132,2029.83565301691,2003.84557695127,2004.0804010637,2004.51528475914,2003.62712637181,1995.86441423083,2067.50075993442,2016.08021921774,2014.38374960895,2001.72357879745,2004.64931402633,1999.77383996406,2049.00467386297,2008.4069357589,1997.42349542954,1993.92358444945,1986.97288475736,1998.6602076695
,89,2026.65517049333,1996.9844311673,2004.85195295404,1996.17102787603,2009.32943020011,2003.80474890825,2071.09733825309,1998.2837746164,1990.83153187457,1997.38224909771,1996.9335493395,2005.30128291763,2015.02061626254,2010.41879244652,1982.82729769212,1992.80157234623,1986.04156619606,1994.26835352575,2015.02061626254,2060.57938636935,1984.08560775131,1978.01653521227,1981.42176885938,1984.11382165143,2010.41879244652,2001.84573626572,1983.72666388891,1996.6694484395,1984.12998140609,1983.7642417055,2010.41879244652,1996.39377312544,1978.65990066177,1974.20219709472,1978.92192256693,1972.64279246402,2021.71089757109,1996.9844311673,1984.68665974525,1979.73324488568,1975.53353980946,1993.90620583424,1999.1922733019,1998.2837746164,1983.17525854917,1980.29691425314,1964.51571617291,1988.67260025554,2046.61449585852,2060.57938636935,1993.16061133014,1982.80234036869,1964.72220134004,2070.84248316937,2010.29624721809,2046.61449585852,1980.23325202866,1981.07026218343,1967.89817241707,1972.91460466143,2016.091164309,1996.6974217692,1998.0907515467,2001.07254423606,1969.00646899649,1983.44564739248,2011.47836296697,1988.39852222226,1996.85869921464,1994.76492093764,1995.63052780545,1972.34306214026,2023.15346754334,2007.04281855901,2016.73054187406,2009.83591999199,1995.36007754232,1995.43761762917,2026.07086576012,2003.98744726717,2003.88003978502,2004.28919513763,2003.81026245545,1996.11921655663,2060.57938636935,2016.30341544239,2014.26154591321,2001.4127836697,2004.51102985268,1999.62516069768,2046.61449585852,2008.13674028649,1997.07204891476,1993.70149690241,1986.54527308567,1998.40038445999
,89.5,2021.01084229924,1995.73525514808,2004.85154399469,1996.08115449401,2009.44115259766,2003.83681452876,2067.42480098221,1994.73045864174,1990.93930678128,1997.42356688821,1996.68187091602,2005.27104422994,2013.34191872851,2006.37180873526,1982.56440219056,1992.70926158666,1985.90799657879,1994.08032140816,2013.34191872851,2055.56012073403,1984.44402070986,1977.79437718346,1981.47786060349,1983.94970925127,2006.37180873526,2000.30018849198,1983.4051726103,1996.45210151828,1983.57478641641,1983.51210843587,2006.37180873526,1993.32252973083,1978.61715376106,1973.90466594816,1978.4558487286,1972.54312557629,2013.63450674074,1995.73525514808,1984.78676594606,1979.66638988928,1975.56471478831,1993.16986247519,1989.77696727944,1994.73045864174,1983.13557128288,1980.04594433361,1964.55472758954,1987.42645007271,2044.21355260201,2055.56012073403,1993.02280176555,1982.7211055087,1964.8312347219,2070.16755418128,2002.72617927597,2044.21355260201,1980.02054381683,1980.8433708498,1967.88755718423,1972.78881730891,2013.08935830806,1996.47586052166,1997.76973046502,2000.9097182643,1968.7047101528,1983.1486107923,2006.99078983781,1988.33128584078,1996.42760225141,1994.79102066415,1995.48050131742,1972.22761345036,2020.67944390399,2006.84874718495,2016.57641764121,2009.89799498413,1995.13918944357,1995.33013226634,2023.21107877546,2004.05632736059,2003.52839054445,2004.17553942512,2003.90746245724,1996.26374448149,2055.56012073403,2016.42756146148,2014.15312181448,2000.89615555714,2004.23270836662,1999.39265382343,2044.21355260201,2007.89642861045,1996.79842633948,1993.34205641176,1986.33655023176,1998.09212562959
,90,2017.11385350931,1994.75415178381,2004.7216931978,1995.95260921907,2009.54537351409,2003.72782881639,2064.225344746,1992.0654636794,1990.86830636758,1997.45498604848,1996.67994017267,2005.25812779564,2011.69464675938,2003.45595411984,1982.52997420555,1992.69893600165,1985.58050785983,1993.95332814344,2011.69464675938,2052.05629739093,1984.67798013013,1977.68651987909,1981.6489993203,1983.80324184955,2003.45595411984,1998.65157195282,1983.15317162161,1995.75503316237,1983.22178504937,1983.25980743014,2003.45595411984,1990.92817976194,1978.5559488389,1973.78861442987,1978.13859389992,1972.47925269636,2007.65782159596,1994.75415178381,1984.76674478154,1979.55577451956,1975.71198946759,1992.36565676387,1984.32206710326,1992.0654636794,1983.05919310389,1980.00761378645,1964.28956060051,1986.17467260837,2042.09198456342,2052.05629739093,1992.78718270911,1982.61567965019,1964.66598123208,2069.44684514743,1997.89481217734,2042.09198456342,1979.76903780234,1980.73367037906,1967.86460390837,1972.78015715287,2010.69774691141,1996.28832514664,1997.3199880902,2000.85578045664,1968.5955700458,1982.98764806334,2004.05962011602,1988.11521237614,1995.63025687107,1994.72660349022,1995.38221737243,1972.08298702148,2018.13686609426,2006.90626025671,2016.18861724927,2009.90559953832,1995.15236785534,1995.13459995009,2020.85514362774,2004.02344848188,2003.19669488735,2004.04673791351,2003.80031113157,1996.32509334895,2052.05629739093,2016.42925289831,2013.88888861419,2000.35402472443,2003.89099754944,1999.01987431916,2042.09198456342,2007.52891284807,1996.41790774985,1993.10868264006,1986.2193180832,1997.84717030177
,90.5,2014.90980073046,1993.90227440537,2004.50312590272,1995.78602790757,2009.53848011276,2003.65423334707,2061.41975336951,1990.179909039,1990.79389136981,1997.1651248631,1996.453849776,2005.23712247166,2010.23123292382,2001.32713685571,1982.44460207093,1992.60636086399,1985.10554892164,1994.02069404461,2010.23123292382,2049.82620568746,1984.95713466886,1977.53737898003,1981.82751090214,1983.91712714091,2001.32713685571,1996.99151604655,1982.89411551722,1994.95257144745,1982.82141071032,1983.02792203406,2001.32713685571,1989.49703658261,1978.46484555338,1973.58556433482,1978.21973349646,1972.32864645237,2003.50607282561,1993.90227440537,1984.71593320749,1979.47016278147,1975.75906432642,1991.32110397868,1981.95859669495,1990.179909039,1982.71278832879,1980.08890906404,1964.15005482062,1984.80947009052,2040.10151428396,2049.82620568746,1992.74711995935,1982.38998674881,1964.39934951415,2068.62143780508,1995.2485534318,2040.10151428396,1979.34366992646,1980.72178278447,1967.51687295116,1972.90926262624,2008.7875380943,1996.10566079283,1996.8640320027,2000.92876836336,1968.60922031213,1983.01052457584,2002.45212987815,1987.99409368729,1994.82385803963,1994.6616565042,1995.09984692864,1971.914732075,2015.81895274035,2006.70967924356,2015.63725742442,2009.86855523809,1995.05910491449,1994.68080336845,2019.17871794294,2003.98002172286,2002.79795902355,2003.88601395024,2003.63856798977,1996.18007934981,2049.82620568746,2016.23086312976,2013.41704312504,2000.0486163098,2003.53460278184,1998.62254875116,2040.10151428396,2007.2803829141,1995.9525369521,1992.80600780531,1986.01294079542,1997.60552429904
,91,2013.7475802036,1992.98362097561,2004.18543934229,1995.4480275361,2009.54651663366,2003.4597054485,2058.96595821127,1988.90393476274,1990.58063419145,1996.77584200999,1996.45144674718,2005.1074736758,2008.87908083029,1999.63843447554,1982.45802992254,1992.37865883329,1984.63501375367,1994.20121535186,2008.87908083029,2048.01401638612,1985.25634261273,1977.26804108242,1981.93462148568,1983.93071701269,1999.63843447554,1995.39434719018,1982.71331186364,1994.48151066395,1982.77516786408,1982.81794440416,1999.63843447554,1988.4857470095,1978.42875397746,1973.60250671366,1978.55204341308,1972.08819735742,2000.47777726552,1992.98362097561,1984.63687916381,1979.22478922071,1975.87100894858,1990.18289678513,1980.56957586919,1988.90393476274,1982.34612092997,1980.10145423893,1964.03527011292,1983.60520739701,2038.46734243412,2048.01401638612,1992.36419312795,1982.30496693236,1964.21600974123,2068.10486755569,1993.60031809847,2038.46734243412,1979.18300389442,1980.74538316456,1967.12988575021,1972.96993187811,2007.15001148624,1995.82352005045,1996.44346566535,2000.89411816191,1968.85568617067,1982.96938210443,2001.31965357976,1987.93937716688,1994.32145310076,1994.604251946,1994.91938826002,1971.6293337246,2014.12581004698,2006.54188617502,2015.17493971083,2009.67937010779,1995.0976487066,1994.36207983375,2017.62826429965,2003.8902290889,2002.50183379529,2003.82409426416,2003.36704438294,1995.88610992948,2048.01401638612,2016.05616627941,2013.08284365488,1999.93554446105,2003.27586104323,1998.33694344437,2038.46734243412,2006.99667920234,1995.57068523059,1992.59734434297,1986.05888728857,1997.55284215024
,91.5,2012.93643953218,1991.98744697428,2003.88057644059,1995.2808495583,2009.43107924122,2003.28278337028,2057.24735193406,1987.60349359133,1990.17028164133,1996.39762829893,1996.49048002916,2005.1022048488,2007.8735586872,1998.1712635224,1982.21414030248,1992.11288624014,1984.25796296893,1994.25863145619,2007.8735586872,2046.23260939086,1985.64633028572,1976.98307512242,1981.82486277724,1984.03261792713,1998.1712635224,1993.98470676261,1982.57296241882,1994.19236300855,1982.88707321288,1982.36081493887,1998.1712635224,1987.52709990704,1978.5053906566,1973.49786653559,1978.89190698867,1971.81042950158,1998.4561164546,1991.98744697428,1984.44118675688,1978.86826277206,1976.11230594641,1989.0039632078,1979.40778503554,1987.60349359133,1982.03674968609,1980.15203830419,1964.21771887797,1982.49590529567,2036.95056534663,2046.23260939086,1991.88361659626,1982.21360843064,1964.0478680966,2067.6342885774,1992.21478345098,2036.95056534663,1978.96380387375,1980.75849952851,1966.79368473331,1972.72648087085,2005.76888040549,1995.5407717606,1996.1897967767,2000.93790704978,1969.05796668212,1982.82798671083,2000.14475919792,1987.55437561311,1993.95123137613,1994.32684165994,1994.75930049772,1971.61067833101,2012.80104661846,2006.39121576651,2014.97919446012,2009.50341426201,1995.28111857386,1994.32694084609,2016.29153742719,2003.56289914044,2002.40946388171,2003.74559338674,2002.99430525955,1995.61963847254,2046.23260939086,2015.66563349123,2012.59024671348,1999.85492875061,2003.17628487272,1998.14547142294,2036.95056534663,2006.74846612828,1995.22275450699,1992.37313221341,1986.38385614891,1997.58391341289
,92,2012.1159037678,1991.00870009559,2003.48044724132,1995.06036481046,2009.24737997373,2003.08319030028,2055.99177711772,1986.56399214717,1989.49826862176,1995.99213447955,1996.38193437588,2004.84074697032,2006.90821559189,1997.15143646178,1982.12383356562,1992.02633185426,1984.06384280124,1994.46349114502,2006.90821559189,2044.62960095692,1985.62357270433,1976.88867064429,1981.65016263627,1984.24491068598,1997.15143646178,1992.68414914884,1982.50478836481,1994.12705588458,1982.87197384427,1982.07761310227,1997.15143646178,1986.75599406267,1978.48654733535,1973.69627972137,1979.10872351825,1971.4657213988,1997.13293847305,1991.00870009559,1984.27441947896,1978.76537170975,1976.16474820815,1987.9644108025,1978.23427897526,1986.56399214717,1981.85957417704,1980.05984077201,1964.32352276219,1981.70392950495,2035.68692262573,2044.62960095692,1991.37882387443,1982.09517749105,1963.98152226772,2067.28923559393,1990.82442976021,2035.68692262573,1978.61206125163,1980.72228346432,1966.37645386967,1972.64860640662,2004.29366708,1995.30520889027,1995.96542740786,2001.13876127032,1969.10394474338,1982.63453032714,1999.20977319409,1987.31996989727,1993.99139696974,1994.0885751837,1994.60821950599,1971.37257676114,2011.71349110708,2006.33907746136,2014.72736826687,2009.49012362007,1995.32380994938,1994.2712390347,2015.1157025667,2003.18154216614,2002.46234030299,2003.63760648255,2002.58074803071,1995.18439271656,2044.62960095692,2015.22268545119,2012.08276121168,2000.0508340218,2003.05858743315,1997.92320349455,2035.68692262573,2006.34486941292,1994.79591035602,1992.23261805318,1986.43375902118,1997.79828316236
,92.5,2011.42536242358,1990.11508681482,2003.25678133676,1994.97343801762,2008.97796858116,2002.98835299837,2055.04772329744,1985.8757473615,1989.11741412468,1995.52733315613,1996.25160596998,2004.51226807639,2006.2736645938,1996.05032016072,1981.81129022778,1991.90166032399,1984.03371296503,1994.67113001749,2006.2736645938,2043.17331372477,1985.5005615359,1976.65486233089,1981.32069938872,1984.07004468836,1996.05032016072,1991.64859227781,1982.25615072774,1994.28036133131,1982.65463350905,1981.81695149416,1996.05032016072,1985.93072434467,1978.44783630193,1973.7024979434,1979.14761680512,1971.06755264921,1995.95684231326,1990.11508681482,1984.07758541419,1978.64247020166,1975.9867445734,1986.9967351422,1977.22513018818,1985.8757473615,1981.65714205079,1979.58049727819,1964.36876668807,1980.86464901185,2034.60427730393,2043.17331372477,1991.01228263748,1981.88154082654,1964.06468671473,2066.84154557998,1989.60188036009,2034.60427730393,1978.33397927079,1980.63405938591,1965.90220468359,1972.39704643653,2002.76824743944,1994.98354362335,1995.91214508645,2001.07887489493,1969.02956549559,1982.46518655872,1998.43554167979,1987.09687826126,1994.31908459004,1993.83457993502,1994.32377473375,1971.11336409198,2011.06229831479,2005.91026706929,2014.46133410636,2009.32945513012,1995.17685522653,1994.06193429802,2014.22220931222,2002.66447986539,2002.45471989105,2003.56909609065,2002.19590023473,1994.7614311193,2043.17331372477,2014.63210408461,2011.64225137332,2000.25057401775,2003.15568076304,1997.61279338528,2034.60427730393,2006.15388749806,1994.5396073534,1992.00516340397,1986.32016008372,1998.02650919453
,93,2010.58171270387,1989.18913278883,2003.10192446674,1994.9878820308,2008.84387702076,2002.85527665564,2054.20830698211,1985.63627778557,1988.82010484291,1995.28020960576,1996.2240984081,2004.1512373744,2005.66989457993,1995.2123902658,1981.62137050923,1991.97532969814,1984.12662944814,1994.46975387916,2005.66989457993,2041.79406396716,1985.28890309124,1976.62814599277,1981.0490795397,1983.8064098483,1995.2123902658,1990.74109619595,1981.97687630186,1994.36401825086,1982.56547901568,1981.7126978558,1995.2123902658,1985.03920744708,1978.47043665561,1973.8399403509,1978.84411196992,1970.70815054048,1995.01963935243,1989.18913278883,1983.91354507609,1978.43392453404,1975.87814992355,1986.28041922304,1976.38169016228,1985.63627778557,1981.67715480578,1979.06711134121,1964.34514454737,1980.29031839736,2033.76581291378,2041.79406396716,1990.49365074041,1981.92076594557,1964.10236468494,2066.61939727271,1988.70132846364,2033.76581291378,1978.26409172432,1980.52425165129,1965.68836158528,1971.91516256885,2001.56113138751,1994.59838746154,1995.91945533864,2000.92611060408,1968.77932046642,1982.15964848642,1997.49827468177,1986.95863518569,1994.51318241798,1993.66277022197,1994.2562226344,1970.94981359417,2010.58260114642,2005.66527569063,2014.38344793103,2009.13000101088,1995.11826262507,1994.11162774004,2013.3316196126,2002.15865939922,2002.58235285836,2003.72920649425,2001.86662532086,1994.55420350036,2041.79406396716,2014.14943101125,2011.46695318926,2000.12282246488,2003.50331686054,1997.30405054781,2033.76581291378,2006.00128733183,1994.48558140954,1991.9194887332,1986.26906696922,1998.14629923094
,93.5,2009.40293172978,1988.69081291852,2002.99354269173,1994.97267996531,2008.49976430446,2002.74972362543,2053.84536224904,1985.47295448028,1988.82390881903,1995.07919789823,1996.15446845136,2003.92399209133,2005.02695009635,1994.5840302974,1981.25155340686,1992.16426554367,1984.33866031555,1994.12066885694,2005.02695009635,2040.65800641627,1984.95971092417,1976.94360656973,1981.02796424376,1983.54777104134,1994.5840302974,1989.95986858434,1981.54778129121,1994.11478600542,1982.3748359185,1981.74563464367,1994.5840302974,1984.36415295471,1978.52347591197,1974.00078582552,1978.43519627207,1970.41801055724,1994.41115743493,1988.69081291852,1983.76566909966,1978.300361617,1975.76328985938,1985.57691880794,1975.9610845848,1985.47295448028,1981.78584416597,1978.54929413334,1964.19067374488,1979.67427292541,2032.97015648633,2040.65800641627,1990.39048044022,1981.97331534594,1964.02287350537,2066.16901874783,1987.96452835287,2032.97015648633,1978.12034233332,1980.41763555574,1965.51314753027,1971.70482957406,2000.432291321,1994.47816026882,1996.08371690134,2000.80012095049,1968.38449692602,1981.92139898661,1996.57778901512,1986.89550203825,1994.58736652821,1993.45148027917,1994.04748600473,1970.88330413004,2010.16076292368,2005.32735634935,2014.35936934023,2008.84874802717,1994.93775203047,1994.1222369466,2012.42805146454,2001.66395214193,2002.77461761317,2003.86128489329,2001.58334346497,1994.60186475529,2040.65800641627,2013.83143246288,2011.31929537505,2000.04459907577,2003.77854513353,1996.78409067611,2032.97015648633,2006.0401799128,1994.64062670443,1991.88995477132,1985.98675031085,1998.11939613241
,94,2008.3968428168,1988.26004543432,2002.71752663775,1994.93190071227,2008.15829142077,2002.6016348167,2053.12648890569,1985.94840474472,1989.16194059906,1994.6190296685,1996.27985887398,2003.76985359864,2004.30398589782,1994.65273804764,1980.94257658093,1992.87997384291,1984.53944296579,1993.48422398583,2004.30398589782,2039.95886571155,1984.84625007394,1977.36402446596,1981.22366487983,1983.30684848414,1994.65273804764,1989.50633013351,1981.41654062468,1993.95063658514,1982.89635423811,1982.45757129031,1994.65273804764,1983.57885171115,1978.62162284434,1973.89210694883,1978.29122247028,1970.2613221636,1994.05649255565,1988.26004543432,1983.44547284954,1978.17165216967,1975.75438988696,1984.7650978282,1975.95634081356,1985.94840474472,1981.72735940442,1978.12335414489,1963.98429108455,1979.68010405072,2032.267001763,2039.95886571155,1990.50035765244,1982.06557033952,1963.43797079085,2065.53144233326,1987.55069342933,2032.267001763,1978.15334839855,1980.29405750292,1965.54327649192,1971.44089873439,1999.9903387979,1994.36298580854,1996.50164800878,2000.73307273111,1968.25806373218,1981.84278628119,1995.60920785879,1987.0412303845,1994.59563290776,1993.25607073769,1993.88177748184,1970.87524713634,2009.61885554643,2005.00370906833,2014.44619353484,2008.53888038135,1995.03588678744,1994.3896116501,2011.00291223545,2001.39297055172,2002.73205086536,2004.11677036259,2001.48421813068,1994.7575040731,2039.95886571155,2013.97844885054,2011.27858808589,1999.94123244425,2004.47759066335,1996.53692912731,2032.267001763,2006.1565469448,1994.80470766097,1992.11299048218,1985.8961109134,1997.95003350335
,94.5,2007.28902387853,1987.94436521294,2002.52657053162,1994.8763251192,2007.91201468317,2002.45616828836,2052.43903492013,1986.43680740686,1989.72356725534,1994.29920322294,1996.40723810485,2003.73878733257,2003.60284697897,1994.65790483558,1980.63543055249,1993.52075167628,1984.67956305013,1992.56292802107,2003.60284697897,2039.29113149046,1984.80685808383,1977.81348276633,1981.50703174251,1982.9642792988,1994.65790483558,1989.06540757983,1981.15744461506,1993.63631273813,1983.36801099689,1983.15224711045,1994.65790483558,1982.7798664602,1978.79570530474,1973.79454184085,1978.07042894197,1970.12850673562,1993.72096498615,1987.94436521294,1983.17132504898,1977.89867396041,1975.77148951425,1983.92629663555,1976.06763315761,1986.43680740686,1981.73061362079,1977.76500726847,1963.71512802569,1979.54137360013,2031.59632438245,2039.29113149046,1990.62780164255,1982.23669431497,1962.85236941568,2064.94892952617,1987.35790606312,2031.59632438245,1978.32833420551,1980.13803690813,1965.69718766157,1971.15091469009,1999.74541588425,1994.24320150706,1996.97148712494,2000.5104511207,1968.06509928082,1981.7967263107,1994.4672044343,1987.20037888616,1994.37243116237,1993.09865865888,1993.70233822984,1970.90119783705,2009.29510603434,2004.68682747162,2014.6063641029,2008.06098080823,1995.17980468934,1994.75126535651,2009.5856074722,2001.15568075894,2002.70229710165,2004.38623363426,2001.39811909391,1995.13342217535,2039.29113149046,2014.16504135438,2011.42606810805,1999.6932472355,2005.32181265782,1996.1926218194,2031.59632438245,2006.41098373642,1995.18053170952,1992.3655907934,1985.72716213733,1997.57075309337
,95,2007.02980321146,1987.45741816953,2001.9584610659,1994.86583560683,2007.58999584177,2002.20129301163,2051.23733820136,1987.89764016228,1990.63101093522,1993.40160936599,1997.17366634906,2004.18452536755,2002.85200938365,1996.35124403656,1980.05271554637,1995.20896203122,1984.81259957209,1991.2524454909,2002.85200938365,2039.48609521001,1985.61286284007,1978.3190685686,1982.04009298795,1983.05214489638,1996.35124403656,1989.3967497832,1981.75325003833,1993.79608378739,1985.75562375449,1984.9995761366,1996.35124403656,1981.64552854631,1979.31349493944,1972.85808897413,1978.75191904534,1970.2733830062,1994.1393690189,1987.45741816953,1982.41668733733,1977.66762619024,1976.16604336043,1982.90228548897,1977.02467385352,1987.89764016228,1981.19435026268,1977.87036856753,1963.82266920834,1980.88909304943,2030.82869804266,2039.48609521001,1991.07359677051,1982.2342948669,1961.23403518626,2063.71602039429,1987.74835568215,2030.82869804266,1978.69502307426,1979.92484676921,1966.27364525402,1970.64683124063,2001.04299468668,1994.29849546346,1998.00326585926,2000.85457286445,1968.68779150531,1982.07564584426,1993.14715912398,1987.52352139018,1994.13864882269,1992.56090114507,1993.74953134693,1971.39145966684,2008.3401774909,2004.55583063454,2015.34611568777,2007.86396506257,1996.11100529958,1996.02623239328,2006.79838986197,2001.26649205472,2002.14637153189,2004.81381757953,2001.69617830754,1995.83282624246,2039.48609521001,2015.26432011284,2011.25447868915,1999.59555118308,2007.05035618925,1996.82404602069,2030.82869804266,2006.70723095979,1995.15591459308,1993.06044102574,1986.49105161017,1997.00969387295
